[
{
  "model": "admin.logentry",
  "pk": 1,
  "fields": {
    "action_time": "2025-05-24T11:19:24.230Z",
    "user": 1,
    "content_type": 10,
    "object_id": "1",
    "object_repr": "Pendiente",
    "action_flag": 1,
    "change_message": "[{\"added\": {}}]"
  }
},
{
  "model": "admin.logentry",
  "pk": 2,
  "fields": {
    "action_time": "2025-05-24T11:19:39.381Z",
    "user": 1,
    "content_type": 10,
    "object_id": "2",
    "object_repr": "Confirmada",
    "action_flag": 1,
    "change_message": "[{\"added\": {}}]"
  }
},
{
  "model": "admin.logentry",
  "pk": 3,
  "fields": {
    "action_time": "2025-05-24T11:21:07.232Z",
    "user": 1,
    "content_type": 10,
    "object_id": "3",
    "object_repr": "En Producción",
    "action_flag": 1,
    "change_message": "[{\"added\": {}}]"
  }
},
{
  "model": "admin.logentry",
  "pk": 4,
  "fields": {
    "action_time": "2025-05-24T11:21:15.342Z",
    "user": 1,
    "content_type": 10,
    "object_id": "4",
    "object_repr": "Lista para Entrega",
    "action_flag": 1,
    "change_message": "[{\"added\": {}}]"
  }
},
{
  "model": "admin.logentry",
  "pk": 5,
  "fields": {
    "action_time": "2025-05-24T11:21:21.508Z",
    "user": 1,
    "content_type": 10,
    "object_id": "5",
    "object_repr": "Completada",
    "action_flag": 1,
    "change_message": "[{\"added\": {}}]"
  }
},
{
  "model": "admin.logentry",
  "pk": 6,
  "fields": {
    "action_time": "2025-05-24T11:21:28.080Z",
    "user": 1,
    "content_type": 10,
    "object_id": "6",
    "object_repr": "Cancelada",
    "action_flag": 1,
    "change_message": "[{\"added\": {}}]"
  }
},
{
  "model": "admin.logentry",
  "pk": 7,
  "fields": {
    "action_time": "2025-05-24T11:21:47.169Z",
    "user": 1,
    "content_type": 22,
    "object_id": "1",
    "object_repr": "1 x Módulo LED, OSCONIQ S 5050 Series, Board + LED, Horti Blanco, 253 lm para Lámpara LED Estándar",
    "action_flag": 1,
    "change_message": "[{\"added\": {}}]"
  }
},
{
  "model": "admin.logentry",
  "pk": 8,
  "fields": {
    "action_time": "2025-05-24T11:36:56.890Z",
    "user": 1,
    "content_type": 22,
    "object_id": "1",
    "object_repr": "1 x Módulo LED, OSCONIQ S 5050 Series, Board + LED, Horti Blanco, 253 lm para Lámpara LED Estándar",
    "action_flag": 3,
    "change_message": ""
  }
},
{
  "model": "admin.logentry",
  "pk": 9,
  "fields": {
    "action_time": "2025-05-24T11:37:21.449Z",
    "user": 1,
    "content_type": 17,
    "object_id": "1",
    "object_repr": "Lámpara LED Estándar (Modelo: S5050)",
    "action_flag": 2,
    "change_message": "[{\"added\": {\"name\": \"Componente de Producto (BOM)\", \"object\": \"1 x M\\u00f3dulo LED, OSCONIQ S 5050 Series, Board + LED, Horti Blanco, 253 lm para L\\u00e1mpara LED Est\\u00e1ndar\"}}, {\"added\": {\"name\": \"Componente de Producto (BOM)\", \"object\": \"1 x Porta LED 2213254-1 para L\\u00e1mpara LED Est\\u00e1ndar\"}}, {\"added\": {\"name\": \"Componente de Producto (BOM)\", \"object\": \"1 x Lente Reflector para L\\u00e1mpara LED Est\\u00e1ndar\"}}, {\"added\": {\"name\": \"Componente de Producto (BOM)\", \"object\": \"1 x Disipador de Calor para L\\u00e1mpara LED Est\\u00e1ndar\"}}, {\"added\": {\"name\": \"Componente de Producto (BOM)\", \"object\": \"1 x Driver LED, Corriente Constante, Entrada:3-5.5V, 16 Salidas, 30 MHz, Salida:20V/100 mA, SOIC-24 para L\\u00e1mpara LED Est\\u00e1ndar\"}}]"
  }
},
{
  "model": "admin.logentry",
  "pk": 10,
  "fields": {
    "action_time": "2025-05-24T11:39:07.274Z",
    "user": 1,
    "content_type": 11,
    "object_id": "1",
    "object_repr": "Newark",
    "action_flag": 1,
    "change_message": "[{\"added\": {}}]"
  }
},
{
  "model": "admin.logentry",
  "pk": 11,
  "fields": {
    "action_time": "2025-05-24T11:41:15.669Z",
    "user": 1,
    "content_type": 12,
    "object_id": "1",
    "object_repr": "Grupo A",
    "action_flag": 1,
    "change_message": "[{\"added\": {}}]"
  }
},
{
  "model": "admin.logentry",
  "pk": 12,
  "fields": {
    "action_time": "2025-05-24T11:41:20.117Z",
    "user": 1,
    "content_type": 12,
    "object_id": "2",
    "object_repr": "Grupo B",
    "action_flag": 1,
    "change_message": "[{\"added\": {}}]"
  }
},
{
  "model": "admin.logentry",
  "pk": 13,
  "fields": {
    "action_time": "2025-05-24T22:56:59.828Z",
    "user": 1,
    "content_type": 15,
    "object_id": "3",
    "object_repr": "OV: OV-0003 - Federico Tomás Paal",
    "action_flag": 3,
    "change_message": ""
  }
},
{
  "model": "admin.logentry",
  "pk": 14,
  "fields": {
    "action_time": "2025-05-24T22:57:31.411Z",
    "user": 1,
    "content_type": 18,
    "object_id": "3",
    "object_repr": "OP: OP-00003 - 1 x Lampara de Pie larga",
    "action_flag": 3,
    "change_message": ""
  }
},
{
  "model": "admin.logentry",
  "pk": 15,
  "fields": {
    "action_time": "2025-05-24T23:02:35.104Z",
    "user": 1,
    "content_type": 22,
    "object_id": "2",
    "object_repr": "1 x Módulo LED, OSCONIQ S 5050 Series, Board + LED, Horti Blanco, 253 lm para Lámpara LED Estándar",
    "action_flag": 3,
    "change_message": ""
  }
},
{
  "model": "admin.logentry",
  "pk": 16,
  "fields": {
    "action_time": "2025-05-24T23:08:14.844Z",
    "user": 1,
    "content_type": 17,
    "object_id": "1",
    "object_repr": "Lámpara LED Estándar (Modelo: S5050)",
    "action_flag": 2,
    "change_message": "[{\"added\": {\"name\": \"Componente de Producto (BOM)\", \"object\": \"1 x M\\u00f3dulo LED, OSCONIQ S 5050 Series, Board + LED, Horti Blanco, 253 lm para L\\u00e1mpara LED Est\\u00e1ndar\"}}]"
  }
},
{
  "model": "admin.logentry",
  "pk": 17,
  "fields": {
    "action_time": "2025-05-24T23:16:16.240Z",
    "user": 1,
    "content_type": 24,
    "object_id": "1",
    "object_repr": "Newark",
    "action_flag": 1,
    "change_message": "[{\"added\": {}}]"
  }
},
{
  "model": "admin.logentry",
  "pk": 18,
  "fields": {
    "action_time": "2025-05-25T00:26:24.314Z",
    "user": 1,
    "content_type": 11,
    "object_id": "1",
    "object_repr": "Newark",
    "action_flag": 2,
    "change_message": "[]"
  }
},
{
  "model": "admin.logentry",
  "pk": 19,
  "fields": {
    "action_time": "2025-05-25T21:17:17.306Z",
    "user": 1,
    "content_type": 10,
    "object_id": "5",
    "object_repr": "Completada",
    "action_flag": 2,
    "change_message": "[]"
  }
},
{
  "model": "admin.logentry",
  "pk": 20,
  "fields": {
    "action_time": "2025-05-25T23:30:45.005Z",
    "user": 1,
    "content_type": 10,
    "object_id": "3",
    "object_repr": "Producción Iniciada",
    "action_flag": 2,
    "change_message": "[{\"changed\": {\"fields\": [\"Nombre\"]}}]"
  }
},
{
  "model": "admin.logentry",
  "pk": 21,
  "fields": {
    "action_time": "2025-05-25T23:30:56.894Z",
    "user": 1,
    "content_type": 10,
    "object_id": "7",
    "object_repr": "Producción Parcial",
    "action_flag": 1,
    "change_message": "[{\"added\": {}}]"
  }
},
{
  "model": "admin.logentry",
  "pk": 22,
  "fields": {
    "action_time": "2025-05-25T23:31:21.992Z",
    "user": 1,
    "content_type": 10,
    "object_id": "8",
    "object_repr": "Producción con Problemas",
    "action_flag": 1,
    "change_message": "[{\"added\": {}}]"
  }
},
{
  "model": "admin.logentry",
  "pk": 23,
  "fields": {
    "action_time": "2025-05-26T09:18:02.587Z",
    "user": 1,
    "content_type": 10,
    "object_id": "8",
    "object_repr": "Pausada",
    "action_flag": 2,
    "change_message": "[{\"changed\": {\"fields\": [\"Nombre\"]}}]"
  }
},
{
  "model": "admin.logentry",
  "pk": 24,
  "fields": {
    "action_time": "2025-05-26T09:21:17.083Z",
    "user": 1,
    "content_type": 10,
    "object_id": "9",
    "object_repr": "Insumos Solicitados",
    "action_flag": 1,
    "change_message": "[{\"added\": {}}]"
  }
},
{
  "model": "admin.logentry",
  "pk": 25,
  "fields": {
    "action_time": "2025-05-26T09:34:47.278Z",
    "user": 1,
    "content_type": 18,
    "object_id": "7",
    "object_repr": "OP: OP-00006 - 1 x Lámpara LED Estándar",
    "action_flag": 3,
    "change_message": ""
  }
},
{
  "model": "admin.logentry",
  "pk": 26,
  "fields": {
    "action_time": "2025-05-26T09:34:47.278Z",
    "user": 1,
    "content_type": 18,
    "object_id": "6",
    "object_repr": "OP: OP-00005 - 1 x Lámpara LED Estándar",
    "action_flag": 3,
    "change_message": ""
  }
},
{
  "model": "admin.logentry",
  "pk": 27,
  "fields": {
    "action_time": "2025-05-26T09:34:47.278Z",
    "user": 1,
    "content_type": 18,
    "object_id": "5",
    "object_repr": "OP: OP-00004 - 10 x Lámpara LED Estándar",
    "action_flag": 3,
    "change_message": ""
  }
},
{
  "model": "admin.logentry",
  "pk": 28,
  "fields": {
    "action_time": "2025-05-26T09:34:47.278Z",
    "user": 1,
    "content_type": 18,
    "object_id": "4",
    "object_repr": "OP: OP-00003 - 5 x Lámpara LED Estándar",
    "action_flag": 3,
    "change_message": ""
  }
},
{
  "model": "admin.logentry",
  "pk": 29,
  "fields": {
    "action_time": "2025-05-26T09:34:47.278Z",
    "user": 1,
    "content_type": 18,
    "object_id": "2",
    "object_repr": "OP: OP-00002 - 1 x Lámpara LED Estándar",
    "action_flag": 3,
    "change_message": ""
  }
},
{
  "model": "admin.logentry",
  "pk": 30,
  "fields": {
    "action_time": "2025-05-26T09:34:47.279Z",
    "user": 1,
    "content_type": 18,
    "object_id": "1",
    "object_repr": "OP: OP-00001 - 3 x Lámpara LED Estándar",
    "action_flag": 3,
    "change_message": ""
  }
},
{
  "model": "admin.logentry",
  "pk": 31,
  "fields": {
    "action_time": "2025-05-26T09:35:14.739Z",
    "user": 1,
    "content_type": 16,
    "object_id": "1",
    "object_repr": "Factura FACT-00001 para OV OV-0004",
    "action_flag": 3,
    "change_message": ""
  }
},
{
  "model": "admin.logentry",
  "pk": 32,
  "fields": {
    "action_time": "2025-05-26T09:35:27.613Z",
    "user": 1,
    "content_type": 16,
    "object_id": "3",
    "object_repr": "Factura FACT-00003 para OV OV-0002",
    "action_flag": 3,
    "change_message": ""
  }
},
{
  "model": "admin.logentry",
  "pk": 33,
  "fields": {
    "action_time": "2025-05-26T09:35:37.219Z",
    "user": 1,
    "content_type": 16,
    "object_id": "2",
    "object_repr": "Factura FACT-00002 para OV OV-0001",
    "action_flag": 3,
    "change_message": ""
  }
},
{
  "model": "admin.logentry",
  "pk": 34,
  "fields": {
    "action_time": "2025-05-26T09:35:56.339Z",
    "user": 1,
    "content_type": 15,
    "object_id": "7",
    "object_repr": "OV: OV-0006 - Federico Tomás Paal",
    "action_flag": 3,
    "change_message": ""
  }
},
{
  "model": "admin.logentry",
  "pk": 35,
  "fields": {
    "action_time": "2025-05-26T09:35:56.339Z",
    "user": 1,
    "content_type": 15,
    "object_id": "6",
    "object_repr": "OV: OV-0005 - Federico Tomás Paal",
    "action_flag": 3,
    "change_message": ""
  }
},
{
  "model": "admin.logentry",
  "pk": 36,
  "fields": {
    "action_time": "2025-05-26T09:35:56.339Z",
    "user": 1,
    "content_type": 15,
    "object_id": "5",
    "object_repr": "OV: OV-0004 - Federico Tomás Paal",
    "action_flag": 3,
    "change_message": ""
  }
},
{
  "model": "admin.logentry",
  "pk": 37,
  "fields": {
    "action_time": "2025-05-26T09:35:56.339Z",
    "user": 1,
    "content_type": 15,
    "object_id": "4",
    "object_repr": "OV: OV-0003 - Federico Tomás Paal",
    "action_flag": 3,
    "change_message": ""
  }
},
{
  "model": "admin.logentry",
  "pk": 38,
  "fields": {
    "action_time": "2025-05-26T09:35:56.339Z",
    "user": 1,
    "content_type": 15,
    "object_id": "2",
    "object_repr": "OV: OV-0002 - Federico Tomás Paal",
    "action_flag": 3,
    "change_message": ""
  }
},
{
  "model": "admin.logentry",
  "pk": 39,
  "fields": {
    "action_time": "2025-05-26T09:35:56.339Z",
    "user": 1,
    "content_type": 15,
    "object_id": "1",
    "object_repr": "OV: OV-0001 - Federico Tomás Paal",
    "action_flag": 3,
    "change_message": ""
  }
},
{
  "model": "admin.logentry",
  "pk": 40,
  "fields": {
    "action_time": "2025-05-27T22:56:53.722Z",
    "user": 1,
    "content_type": 14,
    "object_id": "3",
    "object_repr": "Lente Reflector",
    "action_flag": 2,
    "change_message": "[{\"added\": {\"name\": \"Oferta de Proveedor por Insumo\", \"object\": \"Lente Reflector - Newark ($1.25)\"}}]"
  }
},
{
  "model": "admin.logentry",
  "pk": 41,
  "fields": {
    "action_time": "2025-05-27T22:57:17.063Z",
    "user": 1,
    "content_type": 14,
    "object_id": "3",
    "object_repr": "Lente Reflector",
    "action_flag": 2,
    "change_message": "[{\"added\": {\"name\": \"Oferta de Proveedor por Insumo\", \"object\": \"Lente Reflector - Arrow Electronics ($0.99)\"}}, {\"changed\": {\"name\": \"Oferta de Proveedor por Insumo\", \"object\": \"Lente Reflector - Newark ($1.25)\", \"fields\": [\"Tiempo de Entrega Estimado (d\\u00edas)\"]}}]"
  }
},
{
  "model": "admin.logentry",
  "pk": 42,
  "fields": {
    "action_time": "2025-05-27T23:53:23.971Z",
    "user": 1,
    "content_type": 8,
    "object_id": "3",
    "object_repr": "Lampara de Pie",
    "action_flag": 3,
    "change_message": ""
  }
},
{
  "model": "admin.logentry",
  "pk": 43,
  "fields": {
    "action_time": "2025-05-29T16:31:47.267Z",
    "user": 1,
    "content_type": 10,
    "object_id": "10",
    "object_repr": "INsumos Recibidos",
    "action_flag": 1,
    "change_message": "[{\"added\": {}}]"
  }
},
{
  "model": "admin.logentry",
  "pk": 44,
  "fields": {
    "action_time": "2025-05-29T16:34:48.532Z",
    "user": 1,
    "content_type": 10,
    "object_id": "10",
    "object_repr": "Insumos Recibidos",
    "action_flag": 2,
    "change_message": "[{\"changed\": {\"fields\": [\"Nombre\"]}}]"
  }
},
{
  "model": "admin.logentry",
  "pk": 45,
  "fields": {
    "action_time": "2025-05-29T16:35:03.023Z",
    "user": 1,
    "content_type": 18,
    "object_id": "17",
    "object_repr": "OP: OP-00010 - 1 x Lámpara LED Estándar",
    "action_flag": 3,
    "change_message": ""
  }
},
{
  "model": "admin.logentry",
  "pk": 46,
  "fields": {
    "action_time": "2025-05-29T16:35:03.023Z",
    "user": 1,
    "content_type": 18,
    "object_id": "16",
    "object_repr": "OP: OP-00009 - 1 x Lámpara LED Estándar",
    "action_flag": 3,
    "change_message": ""
  }
},
{
  "model": "admin.logentry",
  "pk": 47,
  "fields": {
    "action_time": "2025-05-29T16:35:03.023Z",
    "user": 1,
    "content_type": 18,
    "object_id": "15",
    "object_repr": "OP: OP-00008 - 5 x Lámpara LED Estándar",
    "action_flag": 3,
    "change_message": ""
  }
},
{
  "model": "admin.logentry",
  "pk": 48,
  "fields": {
    "action_time": "2025-05-29T16:35:03.023Z",
    "user": 1,
    "content_type": 18,
    "object_id": "14",
    "object_repr": "OP: OP-00007 - 2 x Lámpara LED Estándar",
    "action_flag": 3,
    "change_message": ""
  }
},
{
  "model": "admin.logentry",
  "pk": 49,
  "fields": {
    "action_time": "2025-05-29T16:35:03.023Z",
    "user": 1,
    "content_type": 18,
    "object_id": "13",
    "object_repr": "OP: OP-00006 - 1 x Lámpara LED Estándar",
    "action_flag": 3,
    "change_message": ""
  }
},
{
  "model": "admin.logentry",
  "pk": 50,
  "fields": {
    "action_time": "2025-05-29T16:35:03.023Z",
    "user": 1,
    "content_type": 18,
    "object_id": "12",
    "object_repr": "OP: OP-00005 - 1 x Lámpara LED Estándar",
    "action_flag": 3,
    "change_message": ""
  }
},
{
  "model": "admin.logentry",
  "pk": 51,
  "fields": {
    "action_time": "2025-05-29T16:35:03.023Z",
    "user": 1,
    "content_type": 18,
    "object_id": "11",
    "object_repr": "OP: OP-00004 - 1 x Lámpara LED Estándar",
    "action_flag": 3,
    "change_message": ""
  }
},
{
  "model": "admin.logentry",
  "pk": 52,
  "fields": {
    "action_time": "2025-05-29T16:35:03.023Z",
    "user": 1,
    "content_type": 18,
    "object_id": "10",
    "object_repr": "OP: OP-00003 - 500 x Lámpara LED Estándar",
    "action_flag": 3,
    "change_message": ""
  }
},
{
  "model": "admin.logentry",
  "pk": 53,
  "fields": {
    "action_time": "2025-05-29T16:35:03.023Z",
    "user": 1,
    "content_type": 18,
    "object_id": "9",
    "object_repr": "OP: OP-00002 - 500 x Lámpara LED Estándar",
    "action_flag": 3,
    "change_message": ""
  }
},
{
  "model": "admin.logentry",
  "pk": 54,
  "fields": {
    "action_time": "2025-05-29T16:35:03.023Z",
    "user": 1,
    "content_type": 18,
    "object_id": "8",
    "object_repr": "OP: OP-00001 - 500 x Lámpara LED Estándar",
    "action_flag": 3,
    "change_message": ""
  }
},
{
  "model": "admin.logentry",
  "pk": 55,
  "fields": {
    "action_time": "2025-05-29T16:35:11.706Z",
    "user": 1,
    "content_type": 15,
    "object_id": "17",
    "object_repr": "OV: OV-0010 - Federico Tomás Paal",
    "action_flag": 3,
    "change_message": ""
  }
},
{
  "model": "admin.logentry",
  "pk": 56,
  "fields": {
    "action_time": "2025-05-29T16:35:11.706Z",
    "user": 1,
    "content_type": 15,
    "object_id": "16",
    "object_repr": "OV: OV-0009 - Federico Tomás Paal",
    "action_flag": 3,
    "change_message": ""
  }
},
{
  "model": "admin.logentry",
  "pk": 57,
  "fields": {
    "action_time": "2025-05-29T16:35:11.706Z",
    "user": 1,
    "content_type": 15,
    "object_id": "15",
    "object_repr": "OV: OV-0008 - Federico Tomás Paal",
    "action_flag": 3,
    "change_message": ""
  }
},
{
  "model": "admin.logentry",
  "pk": 58,
  "fields": {
    "action_time": "2025-05-29T16:35:11.706Z",
    "user": 1,
    "content_type": 15,
    "object_id": "14",
    "object_repr": "OV: OV-0007 - Federico Tomás Paal",
    "action_flag": 3,
    "change_message": ""
  }
},
{
  "model": "admin.logentry",
  "pk": 59,
  "fields": {
    "action_time": "2025-05-29T16:35:11.706Z",
    "user": 1,
    "content_type": 15,
    "object_id": "13",
    "object_repr": "OV: OV-0006 - Federico Tomás Paal",
    "action_flag": 3,
    "change_message": ""
  }
},
{
  "model": "admin.logentry",
  "pk": 60,
  "fields": {
    "action_time": "2025-05-29T16:35:11.706Z",
    "user": 1,
    "content_type": 15,
    "object_id": "12",
    "object_repr": "OV: OV-0005 - Federico Tomás Paal",
    "action_flag": 3,
    "change_message": ""
  }
},
{
  "model": "admin.logentry",
  "pk": 61,
  "fields": {
    "action_time": "2025-05-29T16:35:11.706Z",
    "user": 1,
    "content_type": 15,
    "object_id": "11",
    "object_repr": "OV: OV-0004 - Federico Tomás Paal",
    "action_flag": 3,
    "change_message": ""
  }
},
{
  "model": "admin.logentry",
  "pk": 62,
  "fields": {
    "action_time": "2025-05-29T16:35:11.706Z",
    "user": 1,
    "content_type": 15,
    "object_id": "10",
    "object_repr": "OV: OV-0003 - Federico Tomás Paal",
    "action_flag": 3,
    "change_message": ""
  }
},
{
  "model": "admin.logentry",
  "pk": 63,
  "fields": {
    "action_time": "2025-05-29T16:35:11.706Z",
    "user": 1,
    "content_type": 15,
    "object_id": "9",
    "object_repr": "OV: OV-0002 - Federico Tomás Paal",
    "action_flag": 3,
    "change_message": ""
  }
},
{
  "model": "admin.logentry",
  "pk": 64,
  "fields": {
    "action_time": "2025-05-29T16:35:11.706Z",
    "user": 1,
    "content_type": 15,
    "object_id": "8",
    "object_repr": "OV: OV-0001 - Federico Tomás Paal",
    "action_flag": 3,
    "change_message": ""
  }
},
{
  "model": "admin.logentry",
  "pk": 65,
  "fields": {
    "action_time": "2025-05-29T20:37:58.879Z",
    "user": 1,
    "content_type": 18,
    "object_id": "21",
    "object_repr": "OP: OP-00004 - 1 x Lámpara LED Estándar",
    "action_flag": 3,
    "change_message": ""
  }
},
{
  "model": "admin.logentry",
  "pk": 66,
  "fields": {
    "action_time": "2025-05-29T20:37:58.879Z",
    "user": 1,
    "content_type": 18,
    "object_id": "20",
    "object_repr": "OP: OP-00003 - 2 x Lámpara LED Estándar",
    "action_flag": 3,
    "change_message": ""
  }
},
{
  "model": "admin.logentry",
  "pk": 67,
  "fields": {
    "action_time": "2025-05-29T20:37:58.879Z",
    "user": 1,
    "content_type": 18,
    "object_id": "19",
    "object_repr": "OP: OP-00002 - 1 x Lámpara LED Estándar",
    "action_flag": 3,
    "change_message": ""
  }
},
{
  "model": "admin.logentry",
  "pk": 68,
  "fields": {
    "action_time": "2025-05-29T20:37:58.879Z",
    "user": 1,
    "content_type": 18,
    "object_id": "18",
    "object_repr": "OP: OP-00001 - 1 x Lámpara LED Estándar",
    "action_flag": 3,
    "change_message": ""
  }
},
{
  "model": "admin.logentry",
  "pk": 69,
  "fields": {
    "action_time": "2025-05-29T20:38:38.469Z",
    "user": 1,
    "content_type": 20,
    "object_id": "3",
    "object_repr": "Reporte RP-00003 (OP: N/A)",
    "action_flag": 3,
    "change_message": ""
  }
},
{
  "model": "admin.logentry",
  "pk": 70,
  "fields": {
    "action_time": "2025-05-29T20:38:38.469Z",
    "user": 1,
    "content_type": 20,
    "object_id": "2",
    "object_repr": "Reporte RP-00002 (OP: N/A)",
    "action_flag": 3,
    "change_message": ""
  }
},
{
  "model": "admin.logentry",
  "pk": 71,
  "fields": {
    "action_time": "2025-05-29T20:38:38.469Z",
    "user": 1,
    "content_type": 20,
    "object_id": "1",
    "object_repr": "Reporte RP-00001 (OP: N/A)",
    "action_flag": 3,
    "change_message": ""
  }
},
{
  "model": "admin.logentry",
  "pk": 72,
  "fields": {
    "action_time": "2025-05-29T20:43:37.483Z",
    "user": 1,
    "content_type": 23,
    "object_id": "7",
    "object_repr": "OC: OC-00007 - Proveedor: Arrow Electronics",
    "action_flag": 3,
    "change_message": ""
  }
},
{
  "model": "admin.logentry",
  "pk": 73,
  "fields": {
    "action_time": "2025-05-29T20:43:37.483Z",
    "user": 1,
    "content_type": 23,
    "object_id": "6",
    "object_repr": "OC: OC-00006 - Proveedor: Arrow Electronics",
    "action_flag": 3,
    "change_message": ""
  }
},
{
  "model": "admin.logentry",
  "pk": 74,
  "fields": {
    "action_time": "2025-05-29T20:43:37.483Z",
    "user": 1,
    "content_type": 23,
    "object_id": "5",
    "object_repr": "OC: OC-00005 - Proveedor: Arrow Electronics",
    "action_flag": 3,
    "change_message": ""
  }
},
{
  "model": "admin.logentry",
  "pk": 75,
  "fields": {
    "action_time": "2025-05-29T20:43:37.483Z",
    "user": 1,
    "content_type": 23,
    "object_id": "4",
    "object_repr": "OC: OC-00004 - Proveedor: Newark",
    "action_flag": 3,
    "change_message": ""
  }
},
{
  "model": "admin.logentry",
  "pk": 76,
  "fields": {
    "action_time": "2025-05-29T20:43:37.483Z",
    "user": 1,
    "content_type": 23,
    "object_id": "3",
    "object_repr": "OC: OC-00003 - Proveedor: Arrow Electronics",
    "action_flag": 3,
    "change_message": ""
  }
},
{
  "model": "admin.logentry",
  "pk": 77,
  "fields": {
    "action_time": "2025-05-29T20:43:37.483Z",
    "user": 1,
    "content_type": 23,
    "object_id": "2",
    "object_repr": "OC: OC-00002 - Proveedor: Arrow Electronics",
    "action_flag": 3,
    "change_message": ""
  }
},
{
  "model": "admin.logentry",
  "pk": 78,
  "fields": {
    "action_time": "2025-05-29T20:43:37.483Z",
    "user": 1,
    "content_type": 23,
    "object_id": "1",
    "object_repr": "OC: OC-00001 - Proveedor: Arrow Electronics",
    "action_flag": 3,
    "change_message": ""
  }
},
{
  "model": "admin.logentry",
  "pk": 79,
  "fields": {
    "action_time": "2025-05-29T20:45:15.013Z",
    "user": 1,
    "content_type": 16,
    "object_id": "6",
    "object_repr": "Factura FACT-00006 para OV OV-0003",
    "action_flag": 3,
    "change_message": ""
  }
},
{
  "model": "admin.logentry",
  "pk": 80,
  "fields": {
    "action_time": "2025-05-29T20:45:15.013Z",
    "user": 1,
    "content_type": 16,
    "object_id": "5",
    "object_repr": "Factura FACT-00005 para OV OV-0002",
    "action_flag": 3,
    "change_message": ""
  }
},
{
  "model": "admin.logentry",
  "pk": 81,
  "fields": {
    "action_time": "2025-05-29T20:45:15.013Z",
    "user": 1,
    "content_type": 16,
    "object_id": "4",
    "object_repr": "Factura FACT-00001 para OV OV-0001",
    "action_flag": 3,
    "change_message": ""
  }
},
{
  "model": "admin.logentry",
  "pk": 82,
  "fields": {
    "action_time": "2025-05-29T20:45:24.784Z",
    "user": 1,
    "content_type": 15,
    "object_id": "20",
    "object_repr": "OV: OV-0003 - Federico Tomás Paal",
    "action_flag": 3,
    "change_message": ""
  }
},
{
  "model": "admin.logentry",
  "pk": 83,
  "fields": {
    "action_time": "2025-05-29T20:45:24.784Z",
    "user": 1,
    "content_type": 15,
    "object_id": "19",
    "object_repr": "OV: OV-0002 - Federico Tomás Paal",
    "action_flag": 3,
    "change_message": ""
  }
},
{
  "model": "admin.logentry",
  "pk": 84,
  "fields": {
    "action_time": "2025-05-29T20:45:24.784Z",
    "user": 1,
    "content_type": 15,
    "object_id": "18",
    "object_repr": "OV: OV-0001 - Federico Tomás Paal",
    "action_flag": 3,
    "change_message": ""
  }
},
{
  "model": "admin.logentry",
  "pk": 85,
  "fields": {
    "action_time": "2025-05-29T20:56:21.097Z",
    "user": 1,
    "content_type": 9,
    "object_id": "1",
    "object_repr": "Federico Tomás Paal",
    "action_flag": 2,
    "change_message": "[{\"changed\": {\"fields\": [\"Direccion\"]}}]"
  }
},
{
  "model": "admin.logentry",
  "pk": 86,
  "fields": {
    "action_time": "2025-05-30T23:42:29.622Z",
    "user": 1,
    "content_type": 23,
    "object_id": "8",
    "object_repr": "OC: OC-00001 - Proveedor: Arrow Electronics",
    "action_flag": 3,
    "change_message": ""
  }
},
{
  "model": "admin.logentry",
  "pk": 87,
  "fields": {
    "action_time": "2025-05-31T23:46:42.005Z",
    "user": 1,
    "content_type": 14,
    "object_id": "8",
    "object_repr": "Módulo LED, OSCONIQ S 5050 Series, Board + LED, Horti Blanco, 253 lm",
    "action_flag": 2,
    "change_message": "[{\"added\": {\"name\": \"Oferta de Proveedor por Insumo\", \"object\": \"M\\u00f3dulo LED, OSCONIQ S 5050 Series, Board + LED, Horti Blanco, 253 lm - Newark ($1.24)\"}}]"
  }
},
{
  "model": "admin.logentry",
  "pk": 88,
  "fields": {
    "action_time": "2025-06-01T00:13:23.729Z",
    "user": 1,
    "content_type": 14,
    "object_id": "8",
    "object_repr": "Módulo LED, OSCONIQ S 5050 Series, Board + LED, Horti Blanco, 253 lm",
    "action_flag": 2,
    "change_message": "[{\"added\": {\"name\": \"Oferta de Proveedor por Insumo\", \"object\": \"M\\u00f3dulo LED, OSCONIQ S 5050 Series, Board + LED, Horti Blanco, 253 lm - Arrow Electronics ($0.55)\"}}, {\"changed\": {\"name\": \"Oferta de Proveedor por Insumo\", \"object\": \"M\\u00f3dulo LED, OSCONIQ S 5050 Series, Board + LED, Horti Blanco, 253 lm - Newark ($1.24)\", \"fields\": [\"Tiempo de Entrega Estimado (d\\u00edas)\"]}}]"
  }
},
{
  "model": "admin.logentry",
  "pk": 89,
  "fields": {
    "action_time": "2025-06-01T00:44:23.412Z",
    "user": 1,
    "content_type": 14,
    "object_id": "6",
    "object_repr": "Modulo LED bla bla 2",
    "action_flag": 2,
    "change_message": "[{\"added\": {\"name\": \"Oferta de Proveedor por Insumo\", \"object\": \"Modulo LED bla bla 2 - Newark ($1.2)\"}}]"
  }
},
{
  "model": "admin.logentry",
  "pk": 90,
  "fields": {
    "action_time": "2025-06-01T00:44:48.492Z",
    "user": 1,
    "content_type": 14,
    "object_id": "6",
    "object_repr": "Modulo LED bla bla 2",
    "action_flag": 2,
    "change_message": "[{\"added\": {\"name\": \"Oferta de Proveedor por Insumo\", \"object\": \"Modulo LED bla bla 2 - Arrow Electronics ($0.23)\"}}]"
  }
},
{
  "model": "admin.logentry",
  "pk": 91,
  "fields": {
    "action_time": "2025-06-01T13:14:40.562Z",
    "user": 1,
    "content_type": 14,
    "object_id": "5",
    "object_repr": "Driver LED, Corriente Constante, Entrada:3-5.5V, 16 Salidas, 30 MHz, Salida:20V/100 mA, SOIC-24",
    "action_flag": 2,
    "change_message": "[{\"changed\": {\"fields\": [\"Fabricante\"]}}]"
  }
},
{
  "model": "admin.logentry",
  "pk": 92,
  "fields": {
    "action_time": "2025-06-01T13:14:52.659Z",
    "user": 1,
    "content_type": 14,
    "object_id": "2",
    "object_repr": "Porta LED 2213254-1",
    "action_flag": 2,
    "change_message": "[{\"changed\": {\"fields\": [\"Fabricante\"]}}]"
  }
},
{
  "model": "admin.logentry",
  "pk": 93,
  "fields": {
    "action_time": "2025-06-01T13:15:02.751Z",
    "user": 1,
    "content_type": 14,
    "object_id": "4",
    "object_repr": "Disipador de Calor",
    "action_flag": 2,
    "change_message": "[{\"changed\": {\"fields\": [\"Fabricante\"]}}]"
  }
},
{
  "model": "admin.logentry",
  "pk": 94,
  "fields": {
    "action_time": "2025-06-01T13:15:15.380Z",
    "user": 1,
    "content_type": 14,
    "object_id": "8",
    "object_repr": "Módulo LED, OSCONIQ S 5050 Series, Board + LED, Horti Blanco, 253 lm",
    "action_flag": 2,
    "change_message": "[{\"changed\": {\"fields\": [\"Fabricante\"]}}]"
  }
},
{
  "model": "admin.logentry",
  "pk": 95,
  "fields": {
    "action_time": "2025-06-01T13:15:21.876Z",
    "user": 1,
    "content_type": 14,
    "object_id": "6",
    "object_repr": "Modulo LED bla bla 2",
    "action_flag": 2,
    "change_message": "[{\"changed\": {\"fields\": [\"Fabricante\"]}}]"
  }
},
{
  "model": "admin.logentry",
  "pk": 96,
  "fields": {
    "action_time": "2025-06-01T13:15:29.589Z",
    "user": 1,
    "content_type": 14,
    "object_id": "3",
    "object_repr": "Lente Reflector",
    "action_flag": 2,
    "change_message": "[{\"changed\": {\"fields\": [\"Fabricante\"]}}]"
  }
},
{
  "model": "admin.logentry",
  "pk": 97,
  "fields": {
    "action_time": "2025-06-01T13:37:02.831Z",
    "user": 1,
    "content_type": 24,
    "object_id": "2",
    "object_repr": "Osram",
    "action_flag": 1,
    "change_message": "[{\"added\": {}}]"
  }
},
{
  "model": "admin.logentry",
  "pk": 98,
  "fields": {
    "action_time": "2025-06-01T14:13:48.897Z",
    "user": 1,
    "content_type": 14,
    "object_id": "6",
    "object_repr": "Modulo LED bla bla 2",
    "action_flag": 2,
    "change_message": "[]"
  }
},
{
  "model": "admin.logentry",
  "pk": 99,
  "fields": {
    "action_time": "2025-06-03T00:27:00.171Z",
    "user": 1,
    "content_type": 11,
    "object_id": "8",
    "object_repr": "blabla",
    "action_flag": 1,
    "change_message": "[{\"added\": {}}]"
  }
},
{
  "model": "admin.logentry",
  "pk": 100,
  "fields": {
    "action_time": "2025-06-03T00:27:11.047Z",
    "user": 1,
    "content_type": 14,
    "object_id": "8",
    "object_repr": "Módulo LED, OSCONIQ S 5050 Series, Board + LED, Horti Blanco, 253 lm",
    "action_flag": 2,
    "change_message": "[{\"added\": {\"name\": \"Oferta de Proveedor por Insumo\", \"object\": \"M\\u00f3dulo LED, OSCONIQ S 5050 Series, Board + LED, Horti Blanco, 253 lm - blabla ($1289)\"}}]"
  }
},
{
  "model": "admin.logentry",
  "pk": 101,
  "fields": {
    "action_time": "2025-06-03T00:27:44.051Z",
    "user": 1,
    "content_type": 14,
    "object_id": "8",
    "object_repr": "Módulo LED, OSCONIQ S 5050 Series, Board + LED, Horti Blanco, 253 lm",
    "action_flag": 2,
    "change_message": "[{\"deleted\": {\"name\": \"Oferta de Proveedor por Insumo\", \"object\": \"M\\u00f3dulo LED, OSCONIQ S 5050 Series, Board + LED, Horti Blanco, 253 lm - blabla ($1289.00)\"}}]"
  }
},
{
  "model": "admin.logentry",
  "pk": 102,
  "fields": {
    "action_time": "2025-06-14T20:59:52.935Z",
    "user": 1,
    "content_type": 15,
    "object_id": "38",
    "object_repr": "OV: OV-0018 - Federico Tomás Paal",
    "action_flag": 3,
    "change_message": ""
  }
},
{
  "model": "admin.logentry",
  "pk": 103,
  "fields": {
    "action_time": "2025-06-14T22:58:27.377Z",
    "user": 1,
    "content_type": 23,
    "object_id": "10",
    "object_repr": "OC: OC-00010 - Proveedor: Newark",
    "action_flag": 2,
    "change_message": "[{\"changed\": {\"fields\": [\"Estado\"]}}]"
  }
},
{
  "model": "admin.logentry",
  "pk": 104,
  "fields": {
    "action_time": "2025-06-14T22:58:40.926Z",
    "user": 1,
    "content_type": 23,
    "object_id": "9",
    "object_repr": "OC: OC-00001 - Proveedor: Arrow Electronics",
    "action_flag": 2,
    "change_message": "[{\"changed\": {\"fields\": [\"Estado\"]}}]"
  }
},
{
  "model": "admin.logentry",
  "pk": 105,
  "fields": {
    "action_time": "2025-06-15T11:26:50.876Z",
    "user": 1,
    "content_type": 14,
    "object_id": "5",
    "object_repr": "Driver LED, Corriente Constante, Entrada:3-5.5V, 16 Salidas, 30 MHz, Salida:20V/100 mA, SOIC-24",
    "action_flag": 2,
    "change_message": "[{\"added\": {\"name\": \"Oferta de Proveedor por Insumo\", \"object\": \"Driver LED, Corriente Constante, Entrada:3-5.5V, 16 Salidas, 30 MHz, Salida:20V/100 mA, SOIC-24 - Newark ($1.2)\"}}, {\"added\": {\"name\": \"Oferta de Proveedor por Insumo\", \"object\": \"Driver LED, Corriente Constante, Entrada:3-5.5V, 16 Salidas, 30 MHz, Salida:20V/100 mA, SOIC-24 - Arrow Electronics ($0.78)\"}}]"
  }
},
{
  "model": "admin.logentry",
  "pk": 106,
  "fields": {
    "action_time": "2025-06-15T13:55:32.956Z",
    "user": 1,
    "content_type": 17,
    "object_id": "1",
    "object_repr": "Lámpara LED Estándar (Modelo: S5050)",
    "action_flag": 2,
    "change_message": "[{\"changed\": {\"fields\": [\"Op asociada\"]}}]"
  }
},
{
  "model": "admin.logentry",
  "pk": 107,
  "fields": {
    "action_time": "2025-06-16T00:28:13.756Z",
    "user": 1,
    "content_type": 23,
    "object_id": "9",
    "object_repr": "OC: OC-00001 - Proveedor: Arrow Electronics",
    "action_flag": 2,
    "change_message": "[{\"changed\": {\"fields\": [\"Numero tracking\"]}}]"
  }
},
{
  "model": "admin.logentry",
  "pk": 108,
  "fields": {
    "action_time": "2025-06-16T15:41:18.840Z",
    "user": 1,
    "content_type": 10,
    "object_id": "11",
    "object_repr": "Resolución Pendiente",
    "action_flag": 1,
    "change_message": "[{\"added\": {}}]"
  }
},
{
  "model": "admin.logentry",
  "pk": 109,
  "fields": {
    "action_time": "2025-06-18T01:15:53.198Z",
    "user": 1,
    "content_type": 4,
    "object_id": "3",
    "object_repr": "aovejero",
    "action_flag": 3,
    "change_message": ""
  }
},
{
  "model": "admin.logentry",
  "pk": 110,
  "fields": {
    "action_time": "2025-06-18T01:15:53.198Z",
    "user": 1,
    "content_type": 4,
    "object_id": "5",
    "object_repr": "fcaivano",
    "action_flag": 3,
    "change_message": ""
  }
},
{
  "model": "admin.logentry",
  "pk": 111,
  "fields": {
    "action_time": "2025-06-18T01:25:55.660Z",
    "user": 1,
    "content_type": 4,
    "object_id": "7",
    "object_repr": "aovejero",
    "action_flag": 3,
    "change_message": ""
  }
},
{
  "model": "admin.logentry",
  "pk": 112,
  "fields": {
    "action_time": "2025-06-18T01:25:55.660Z",
    "user": 1,
    "content_type": 4,
    "object_id": "6",
    "object_repr": "fcaivano",
    "action_flag": 3,
    "change_message": ""
  }
},
{
  "model": "admin.logentry",
  "pk": 113,
  "fields": {
    "action_time": "2025-06-18T20:48:11.465Z",
    "user": 1,
    "content_type": 17,
    "object_id": "2",
    "object_repr": "Downlight LED empotrable (Modelo: DL-DALI01)",
    "action_flag": 2,
    "change_message": "[{\"added\": {\"name\": \"Componente de Producto (BOM)\", \"object\": \"1 x Lente Reflector para Downlight LED empotrable\"}}, {\"added\": {\"name\": \"Componente de Producto (BOM)\", \"object\": \"1 x Disipador de Calor para Downlight LED empotrable\"}}, {\"added\": {\"name\": \"Componente de Producto (BOM)\", \"object\": \"1 x Porta LED 2213254-1 para Downlight LED empotrable\"}}, {\"added\": {\"name\": \"Componente de Producto (BOM)\", \"object\": \"1 x Driver LED, Corriente Constante, Entrada:3-5.5V, 16 Salidas, 30 MHz, Salida:20V/100 mA, SOIC-24 para Downlight LED empotrable\"}}, {\"added\": {\"name\": \"Componente de Producto (BOM)\", \"object\": \"1 x Modulo LED bla bla 2 para Downlight LED empotrable\"}}, {\"added\": {\"name\": \"Componente de Producto (BOM)\", \"object\": \"1 x M\\u00f3dulo LED, OSCONIQ S 5050 Series, Board + LED, Horti Blanco, 253 lm para Downlight LED empotrable\"}}]"
  }
},
{
  "model": "admin.logentry",
  "pk": 114,
  "fields": {
    "action_time": "2025-06-18T21:25:49.973Z",
    "user": 1,
    "content_type": 14,
    "object_id": "4",
    "object_repr": "Disipador de Calor",
    "action_flag": 2,
    "change_message": "[{\"added\": {\"name\": \"Oferta de Proveedor por Insumo\", \"object\": \"Disipador de Calor - Arrow Electronics ($0.25)\"}}, {\"added\": {\"name\": \"Oferta de Proveedor por Insumo\", \"object\": \"Disipador de Calor - Newark ($1.26)\"}}]"
  }
},
{
  "model": "admin.logentry",
  "pk": 115,
  "fields": {
    "action_time": "2025-06-18T21:30:50.974Z",
    "user": 1,
    "content_type": 23,
    "object_id": "15",
    "object_repr": "OC: OC-00015 - Proveedor: Arrow Electronics",
    "action_flag": 2,
    "change_message": "[{\"changed\": {\"fields\": [\"Numero tracking\"]}}]"
  }
},
{
  "model": "admin.logentry",
  "pk": 116,
  "fields": {
    "action_time": "2025-06-18T23:24:27.737Z",
    "user": 1,
    "content_type": 10,
    "object_id": "12",
    "object_repr": "Planificada",
    "action_flag": 1,
    "change_message": "[{\"added\": {}}]"
  }
},
{
  "model": "admin.logentry",
  "pk": 117,
  "fields": {
    "action_time": "2025-06-20T00:24:16.417Z",
    "user": 1,
    "content_type": 10,
    "object_id": "13",
    "object_repr": "En Proceso",
    "action_flag": 1,
    "change_message": "[{\"added\": {}}]"
  }
},
{
  "model": "admin.logentry",
  "pk": 118,
  "fields": {
    "action_time": "2025-06-20T00:29:18.674Z",
    "user": 1,
    "content_type": 16,
    "object_id": "34",
    "object_repr": "Factura FACT-00035 para OV OV-0034",
    "action_flag": 3,
    "change_message": ""
  }
},
{
  "model": "admin.logentry",
  "pk": 119,
  "fields": {
    "action_time": "2025-06-20T00:51:52.764Z",
    "user": 1,
    "content_type": 23,
    "object_id": "10",
    "object_repr": "OC: OC-00010 - Proveedor: Newark",
    "action_flag": 3,
    "change_message": ""
  }
},
{
  "model": "admin.logentry",
  "pk": 120,
  "fields": {
    "action_time": "2025-06-20T00:55:09.677Z",
    "user": 1,
    "content_type": 23,
    "object_id": "16",
    "object_repr": "OC: OC-00016 - Proveedor: Newark",
    "action_flag": 2,
    "change_message": "[{\"changed\": {\"fields\": [\"Numero tracking\"]}}]"
  }
},
{
  "model": "admin.logentry",
  "pk": 121,
  "fields": {
    "action_time": "2025-06-20T10:44:01.122Z",
    "user": 1,
    "content_type": 23,
    "object_id": "14",
    "object_repr": "OC: OC-00014 - Proveedor: Arrow Electronics",
    "action_flag": 2,
    "change_message": "[{\"changed\": {\"fields\": [\"Numero tracking\"]}}]"
  }
},
{
  "model": "admin.logentry",
  "pk": 122,
  "fields": {
    "action_time": "2025-06-20T10:45:29.497Z",
    "user": 1,
    "content_type": 23,
    "object_id": "12",
    "object_repr": "OC: OC-00012 - Proveedor: Arrow Electronics",
    "action_flag": 2,
    "change_message": "[{\"changed\": {\"fields\": [\"Numero tracking\"]}}]"
  }
},
{
  "model": "admin.logentry",
  "pk": 123,
  "fields": {
    "action_time": "2025-06-20T12:25:32.772Z",
    "user": 1,
    "content_type": 23,
    "object_id": "17",
    "object_repr": "OC: OC-00017 - Proveedor: Arrow Electronics",
    "action_flag": 2,
    "change_message": "[{\"changed\": {\"fields\": [\"Numero tracking\"]}}]"
  }
},
{
  "model": "admin.logentry",
  "pk": 124,
  "fields": {
    "action_time": "2025-06-20T17:58:09.114Z",
    "user": 1,
    "content_type": 23,
    "object_id": "18",
    "object_repr": "OC: OC-00018 - Proveedor: Newark",
    "action_flag": 2,
    "change_message": "[{\"changed\": {\"fields\": [\"Numero tracking\"]}}]"
  }
},
{
  "model": "admin.logentry",
  "pk": 125,
  "fields": {
    "action_time": "2025-06-20T18:03:10.666Z",
    "user": 1,
    "content_type": 14,
    "object_id": "2",
    "object_repr": "Porta LED 2213254-1",
    "action_flag": 2,
    "change_message": "[{\"added\": {\"name\": \"Oferta de Proveedor por Insumo\", \"object\": \"Porta LED 2213254-1 - Newark ($0.7)\"}}, {\"added\": {\"name\": \"Oferta de Proveedor por Insumo\", \"object\": \"Porta LED 2213254-1 - Arrow Electronics ($4.6)\"}}]"
  }
},
{
  "model": "admin.logentry",
  "pk": 126,
  "fields": {
    "action_time": "2025-06-20T18:54:21.287Z",
    "user": 1,
    "content_type": 23,
    "object_id": "19",
    "object_repr": "OC: OC-00019 - Proveedor: Arrow Electronics",
    "action_flag": 2,
    "change_message": "[{\"changed\": {\"fields\": [\"Numero tracking\"]}}]"
  }
},
{
  "model": "admin.logentry",
  "pk": 127,
  "fields": {
    "action_time": "2025-06-24T00:26:36.190Z",
    "user": 1,
    "content_type": 23,
    "object_id": "22",
    "object_repr": "OC: OC-00022 - Proveedor: Arrow Electronics",
    "action_flag": 2,
    "change_message": "[{\"changed\": {\"fields\": [\"Numero tracking\"]}}]"
  }
},
{
  "model": "admin.logentry",
  "pk": 128,
  "fields": {
    "action_time": "2025-06-24T00:36:29.305Z",
    "user": 1,
    "content_type": 23,
    "object_id": "20",
    "object_repr": "OC: OC-00020 - Proveedor: Arrow Electronics",
    "action_flag": 2,
    "change_message": "[{\"changed\": {\"fields\": [\"Numero tracking\"]}}]"
  }
},
{
  "model": "admin.logentry",
  "pk": 129,
  "fields": {
    "action_time": "2025-06-24T00:36:35.468Z",
    "user": 1,
    "content_type": 23,
    "object_id": "13",
    "object_repr": "OC: OC-00013 - Proveedor: Newark",
    "action_flag": 2,
    "change_message": "[{\"changed\": {\"fields\": [\"Numero tracking\"]}}]"
  }
},
{
  "model": "admin.logentry",
  "pk": 130,
  "fields": {
    "action_time": "2025-06-24T00:36:52.305Z",
    "user": 1,
    "content_type": 23,
    "object_id": "11",
    "object_repr": "OC: OC-00011 - Proveedor: Newark",
    "action_flag": 2,
    "change_message": "[{\"changed\": {\"fields\": [\"Numero tracking\"]}}]"
  }
},
{
  "model": "admin.logentry",
  "pk": 131,
  "fields": {
    "action_time": "2025-06-24T00:37:22.655Z",
    "user": 1,
    "content_type": 23,
    "object_id": "13",
    "object_repr": "OC: OC-00013 - Proveedor: Newark",
    "action_flag": 2,
    "change_message": "[{\"changed\": {\"fields\": [\"Numero tracking\"]}}]"
  }
},
{
  "model": "admin.logentry",
  "pk": 132,
  "fields": {
    "action_time": "2025-06-24T00:40:45.189Z",
    "user": 1,
    "content_type": 23,
    "object_id": "21",
    "object_repr": "OC: OC-00021 - Proveedor: Arrow Electronics",
    "action_flag": 2,
    "change_message": "[{\"changed\": {\"fields\": [\"Numero tracking\"]}}]"
  }
},
{
  "model": "admin.logentry",
  "pk": 133,
  "fields": {
    "action_time": "2025-06-25T12:24:43.198Z",
    "user": 1,
    "content_type": 24,
    "object_id": "2",
    "object_repr": "Osram",
    "action_flag": 2,
    "change_message": "[{\"changed\": {\"fields\": [\"Contacto\"]}}]"
  }
},
{
  "model": "admin.logentry",
  "pk": 134,
  "fields": {
    "action_time": "2025-06-25T12:25:15.020Z",
    "user": 1,
    "content_type": 24,
    "object_id": "3",
    "object_repr": "Alibaba",
    "action_flag": 1,
    "change_message": "[{\"added\": {}}]"
  }
},
{
  "model": "admin.logentry",
  "pk": 135,
  "fields": {
    "action_time": "2025-06-25T12:30:07.612Z",
    "user": 1,
    "content_type": 24,
    "object_id": "4",
    "object_repr": "Bridgelux",
    "action_flag": 1,
    "change_message": "[{\"added\": {}}]"
  }
},
{
  "model": "admin.logentry",
  "pk": 136,
  "fields": {
    "action_time": "2025-06-25T12:30:43.361Z",
    "user": 1,
    "content_type": 24,
    "object_id": "5",
    "object_repr": "Standard",
    "action_flag": 1,
    "change_message": "[{\"added\": {}}]"
  }
},
{
  "model": "admin.logentry",
  "pk": 137,
  "fields": {
    "action_time": "2025-06-25T12:31:19.403Z",
    "user": 1,
    "content_type": 24,
    "object_id": "6",
    "object_repr": "Arrow",
    "action_flag": 1,
    "change_message": "[{\"added\": {}}]"
  }
},
{
  "model": "admin.logentry",
  "pk": 138,
  "fields": {
    "action_time": "2025-06-25T12:31:42.257Z",
    "user": 1,
    "content_type": 24,
    "object_id": "7",
    "object_repr": "Element14",
    "action_flag": 1,
    "change_message": "[{\"added\": {}}]"
  }
},
{
  "model": "admin.logentry",
  "pk": 139,
  "fields": {
    "action_time": "2025-06-25T12:32:05.134Z",
    "user": 1,
    "content_type": 24,
    "object_id": "8",
    "object_repr": "DigiKey",
    "action_flag": 1,
    "change_message": "[{\"added\": {}}]"
  }
},
{
  "model": "admin.logentry",
  "pk": 140,
  "fields": {
    "action_time": "2025-06-25T12:32:34.274Z",
    "user": 1,
    "content_type": 24,
    "object_id": "9",
    "object_repr": "Mouser",
    "action_flag": 1,
    "change_message": "[{\"added\": {}}]"
  }
},
{
  "model": "admin.logentry",
  "pk": 141,
  "fields": {
    "action_time": "2025-06-25T12:34:33.353Z",
    "user": 1,
    "content_type": 11,
    "object_id": "9",
    "object_repr": "Osram",
    "action_flag": 1,
    "change_message": "[{\"added\": {}}]"
  }
},
{
  "model": "admin.logentry",
  "pk": 142,
  "fields": {
    "action_time": "2025-06-25T12:35:07.066Z",
    "user": 1,
    "content_type": 11,
    "object_id": "8",
    "object_repr": "Alibaba",
    "action_flag": 2,
    "change_message": "[{\"changed\": {\"fields\": [\"Nombre\", \"Contacto\", \"Telefono\", \"Email\"]}}]"
  }
},
{
  "model": "admin.logentry",
  "pk": 143,
  "fields": {
    "action_time": "2025-06-25T12:35:36.943Z",
    "user": 1,
    "content_type": 11,
    "object_id": "10",
    "object_repr": "Bridgelux",
    "action_flag": 1,
    "change_message": "[{\"added\": {}}]"
  }
},
{
  "model": "admin.logentry",
  "pk": 144,
  "fields": {
    "action_time": "2025-06-25T12:36:09.494Z",
    "user": 1,
    "content_type": 11,
    "object_id": "11",
    "object_repr": "Standard",
    "action_flag": 1,
    "change_message": "[{\"added\": {}}]"
  }
},
{
  "model": "admin.logentry",
  "pk": 145,
  "fields": {
    "action_time": "2025-06-25T12:36:33.527Z",
    "user": 1,
    "content_type": 11,
    "object_id": "12",
    "object_repr": "Element14",
    "action_flag": 1,
    "change_message": "[{\"added\": {}}]"
  }
},
{
  "model": "admin.logentry",
  "pk": 146,
  "fields": {
    "action_time": "2025-06-25T12:36:52.477Z",
    "user": 1,
    "content_type": 11,
    "object_id": "13",
    "object_repr": "DigiKey",
    "action_flag": 1,
    "change_message": "[{\"added\": {}}]"
  }
},
{
  "model": "admin.logentry",
  "pk": 147,
  "fields": {
    "action_time": "2025-06-25T12:37:12.666Z",
    "user": 1,
    "content_type": 11,
    "object_id": "14",
    "object_repr": "Mouser",
    "action_flag": 1,
    "change_message": "[{\"added\": {}}]"
  }
},
{
  "model": "admin.logentry",
  "pk": 148,
  "fields": {
    "action_time": "2025-06-25T12:39:26.748Z",
    "user": 1,
    "content_type": 24,
    "object_id": "10",
    "object_repr": "Dongguan Lenstar Opto",
    "action_flag": 1,
    "change_message": "[{\"added\": {}}]"
  }
},
{
  "model": "admin.logentry",
  "pk": 149,
  "fields": {
    "action_time": "2025-06-25T12:41:05.400Z",
    "user": 1,
    "content_type": 14,
    "object_id": "6",
    "object_repr": "Módulo LED DOB sin conductor para bombillas, 3-60 vatios, AC220V",
    "action_flag": 2,
    "change_message": "[{\"changed\": {\"fields\": [\"Fabricante\"]}}, {\"changed\": {\"name\": \"Oferta de Proveedor por Insumo\", \"object\": \"M\\u00f3dulo LED DOB sin conductor para bombillas, 3-60 vatios, AC220V - Alibaba ($0.83)\", \"fields\": [\"Proveedor\", \"Precio de Compra Unitario\", \"Tiempo de Entrega Estimado (d\\u00edas)\"]}}, {\"changed\": {\"name\": \"Oferta de Proveedor por Insumo\", \"object\": \"M\\u00f3dulo LED DOB sin conductor para bombillas, 3-60 vatios, AC220V - Newark ($1.24)\", \"fields\": [\"Precio de Compra Unitario\", \"Tiempo de Entrega Estimado (d\\u00edas)\"]}}]"
  }
},
{
  "model": "admin.logentry",
  "pk": 150,
  "fields": {
    "action_time": "2025-06-25T12:43:29.701Z",
    "user": 1,
    "content_type": 14,
    "object_id": "8",
    "object_repr": "Módulo LED, OSCONIQ S 5050 Series, Board + LED, Horti Blanco, 253 lm",
    "action_flag": 2,
    "change_message": "[{\"changed\": {\"name\": \"Oferta de Proveedor por Insumo\", \"object\": \"M\\u00f3dulo LED, OSCONIQ S 5050 Series, Board + LED, Horti Blanco, 253 lm - Bridgelux ($0.21)\", \"fields\": [\"Proveedor\", \"Precio de Compra Unitario\"]}}]"
  }
},
{
  "model": "admin.logentry",
  "pk": 151,
  "fields": {
    "action_time": "2025-06-25T12:44:18.912Z",
    "user": 1,
    "content_type": 24,
    "object_id": "11",
    "object_repr": "Ideal",
    "action_flag": 1,
    "change_message": "[{\"added\": {}}]"
  }
},
{
  "model": "admin.logentry",
  "pk": 152,
  "fields": {
    "action_time": "2025-06-25T12:45:08.360Z",
    "user": 1,
    "content_type": 24,
    "object_id": "12",
    "object_repr": "TE Connectivity",
    "action_flag": 1,
    "change_message": "[{\"added\": {}}]"
  }
},
{
  "model": "admin.logentry",
  "pk": 153,
  "fields": {
    "action_time": "2025-06-25T12:46:14.859Z",
    "user": 1,
    "content_type": 24,
    "object_id": "13",
    "object_repr": "STMICROELECTRONICS",
    "action_flag": 1,
    "change_message": "[{\"added\": {}}]"
  }
},
{
  "model": "admin.logentry",
  "pk": 154,
  "fields": {
    "action_time": "2025-06-25T12:49:33.995Z",
    "user": 1,
    "content_type": 24,
    "object_id": "14",
    "object_repr": "Siemens",
    "action_flag": 1,
    "change_message": "[{\"added\": {}}]"
  }
},
{
  "model": "admin.logentry",
  "pk": 155,
  "fields": {
    "action_time": "2025-06-25T13:00:13.011Z",
    "user": 1,
    "content_type": 24,
    "object_id": "15",
    "object_repr": "FISCHER ELEKTRONIK",
    "action_flag": 1,
    "change_message": "[{\"added\": {}}]"
  }
},
{
  "model": "admin.logentry",
  "pk": 156,
  "fields": {
    "action_time": "2025-06-25T13:00:59.797Z",
    "user": 1,
    "content_type": 24,
    "object_id": "16",
    "object_repr": "DIODES INC.",
    "action_flag": 1,
    "change_message": "[{\"added\": {}}]"
  }
},
{
  "model": "admin.logentry",
  "pk": 157,
  "fields": {
    "action_time": "2025-06-25T13:01:45.555Z",
    "user": 1,
    "content_type": 24,
    "object_id": "17",
    "object_repr": "TEXAS INSTRUMENTS",
    "action_flag": 1,
    "change_message": "[{\"added\": {}}]"
  }
},
{
  "model": "admin.logentry",
  "pk": 158,
  "fields": {
    "action_time": "2025-06-25T13:08:04.495Z",
    "user": 1,
    "content_type": 24,
    "object_id": "18",
    "object_repr": "WAKEFIELD THERMAL",
    "action_flag": 1,
    "change_message": "[{\"added\": {}}]"
  }
},
{
  "model": "admin.logentry",
  "pk": 159,
  "fields": {
    "action_time": "2025-06-25T13:09:10.078Z",
    "user": 1,
    "content_type": 24,
    "object_id": "19",
    "object_repr": "Sunon Fans",
    "action_flag": 1,
    "change_message": "[{\"added\": {}}]"
  }
},
{
  "model": "admin.logentry",
  "pk": 160,
  "fields": {
    "action_time": "2025-06-25T13:10:58.351Z",
    "user": 1,
    "content_type": 24,
    "object_id": "20",
    "object_repr": "LEDIL",
    "action_flag": 1,
    "change_message": "[{\"added\": {}}]"
  }
},
{
  "model": "admin.logentry",
  "pk": 161,
  "fields": {
    "action_time": "2025-06-25T13:25:01.498Z",
    "user": 1,
    "content_type": 24,
    "object_id": "21",
    "object_repr": "LUMEX",
    "action_flag": 1,
    "change_message": "[{\"added\": {}}]"
  }
},
{
  "model": "admin.logentry",
  "pk": 162,
  "fields": {
    "action_time": "2025-06-25T13:25:25.470Z",
    "user": 1,
    "content_type": 24,
    "object_id": "22",
    "object_repr": "STEGO",
    "action_flag": 1,
    "change_message": "[{\"added\": {}}]"
  }
},
{
  "model": "admin.logentry",
  "pk": 163,
  "fields": {
    "action_time": "2025-06-25T13:29:59.012Z",
    "user": 1,
    "content_type": 24,
    "object_id": "23",
    "object_repr": "CML INNOVATIVE TECHNOLOGIES",
    "action_flag": 1,
    "change_message": "[{\"added\": {}}]"
  }
},
{
  "model": "admin.logentry",
  "pk": 164,
  "fields": {
    "action_time": "2025-06-25T13:30:34.589Z",
    "user": 1,
    "content_type": 24,
    "object_id": "24",
    "object_repr": "NVENT HOFFMAN",
    "action_flag": 1,
    "change_message": "[{\"added\": {}}]"
  }
},
{
  "model": "admin.logentry",
  "pk": 165,
  "fields": {
    "action_time": "2025-06-25T13:39:20.720Z",
    "user": 1,
    "content_type": 24,
    "object_id": "25",
    "object_repr": "WAGO",
    "action_flag": 1,
    "change_message": "[{\"added\": {}}]"
  }
},
{
  "model": "admin.logentry",
  "pk": 166,
  "fields": {
    "action_time": "2025-06-25T13:42:55.668Z",
    "user": 1,
    "content_type": 24,
    "object_id": "26",
    "object_repr": "AMPHENOL COMMUNICATIONS SOLUTIONS",
    "action_flag": 1,
    "change_message": "[{\"added\": {}}]"
  }
},
{
  "model": "admin.logentry",
  "pk": 167,
  "fields": {
    "action_time": "2025-06-25T13:43:13.163Z",
    "user": 1,
    "content_type": 24,
    "object_id": "27",
    "object_repr": "MULTICOMP PRO",
    "action_flag": 1,
    "change_message": "[{\"added\": {}}]"
  }
},
{
  "model": "admin.logentry",
  "pk": 168,
  "fields": {
    "action_time": "2025-06-25T13:44:57.087Z",
    "user": 1,
    "content_type": 24,
    "object_id": "28",
    "object_repr": "MEAN WELL",
    "action_flag": 1,
    "change_message": "[{\"added\": {}}]"
  }
},
{
  "model": "admin.logentry",
  "pk": 169,
  "fields": {
    "action_time": "2025-06-25T13:47:57.747Z",
    "user": 1,
    "content_type": 24,
    "object_id": "29",
    "object_repr": "TT ELECTRONICS / OPTEK TECHNOLOGY",
    "action_flag": 1,
    "change_message": "[{\"added\": {}}]"
  }
},
{
  "model": "admin.logentry",
  "pk": 170,
  "fields": {
    "action_time": "2025-06-25T13:48:13.452Z",
    "user": 1,
    "content_type": 24,
    "object_id": "30",
    "object_repr": "PLAZMO INDUSTRIES",
    "action_flag": 1,
    "change_message": "[{\"added\": {}}]"
  }
},
{
  "model": "admin.logentry",
  "pk": 171,
  "fields": {
    "action_time": "2025-06-25T13:52:02.414Z",
    "user": 1,
    "content_type": 24,
    "object_id": "31",
    "object_repr": "CREE LED",
    "action_flag": 1,
    "change_message": "[{\"added\": {}}]"
  }
},
{
  "model": "admin.logentry",
  "pk": 172,
  "fields": {
    "action_time": "2025-06-25T13:54:45.183Z",
    "user": 1,
    "content_type": 24,
    "object_id": "32",
    "object_repr": "DIALIGHT",
    "action_flag": 1,
    "change_message": "[{\"added\": {}}]"
  }
},
{
  "model": "admin.logentry",
  "pk": 173,
  "fields": {
    "action_time": "2025-06-25T14:03:45.394Z",
    "user": 1,
    "content_type": 14,
    "object_id": "9",
    "object_repr": "Módulo LED BXRC-30E10K0-B-73-SE",
    "action_flag": 2,
    "change_message": "[{\"added\": {\"name\": \"Oferta de Proveedor por Insumo\", \"object\": \"M\\u00f3dulo LED BXRC-30E10K0-B-73-SE - Bridgelux ($0.21)\"}}, {\"added\": {\"name\": \"Oferta de Proveedor por Insumo\", \"object\": \"M\\u00f3dulo LED BXRC-30E10K0-B-73-SE - Newark ($1.24)\"}}]"
  }
},
{
  "model": "admin.logentry",
  "pk": 174,
  "fields": {
    "action_time": "2025-06-25T14:05:19.941Z",
    "user": 1,
    "content_type": 14,
    "object_id": "10",
    "object_repr": "Siemens 3SU14011BB301AA0 LED Module",
    "action_flag": 2,
    "change_message": "[{\"added\": {\"name\": \"Oferta de Proveedor por Insumo\", \"object\": \"Siemens 3SU14011BB301AA0 LED Module - Standard ($34.84)\"}}]"
  }
},
{
  "model": "admin.logentry",
  "pk": 175,
  "fields": {
    "action_time": "2025-06-25T14:07:29.843Z",
    "user": 1,
    "content_type": 14,
    "object_id": "2",
    "object_repr": "Porta LED 50-2204CT",
    "action_flag": 2,
    "change_message": "[{\"changed\": {\"name\": \"Oferta de Proveedor por Insumo\", \"object\": \"Porta LED 50-2204CT - Arrow Electronics ($4.12)\", \"fields\": [\"Precio de Compra Unitario\", \"Tiempo de Entrega Estimado (d\\u00edas)\"]}}, {\"changed\": {\"name\": \"Oferta de Proveedor por Insumo\", \"object\": \"Porta LED 50-2204CT - Newark ($1.94)\", \"fields\": [\"Precio de Compra Unitario\", \"Tiempo de Entrega Estimado (d\\u00edas)\"]}}]"
  }
},
{
  "model": "admin.logentry",
  "pk": 176,
  "fields": {
    "action_time": "2025-06-25T14:09:10.403Z",
    "user": 1,
    "content_type": 14,
    "object_id": "11",
    "object_repr": "Porta LED 2213254-1",
    "action_flag": 2,
    "change_message": "[{\"added\": {\"name\": \"Oferta de Proveedor por Insumo\", \"object\": \"Porta LED 2213254-1 - Arrow Electronics ($54.12)\"}}, {\"added\": {\"name\": \"Oferta de Proveedor por Insumo\", \"object\": \"Porta LED 2213254-1 - Element14 ($2.97)\"}}]"
  }
},
{
  "model": "admin.logentry",
  "pk": 177,
  "fields": {
    "action_time": "2025-06-25T14:09:43.108Z",
    "user": 1,
    "content_type": 14,
    "object_id": "12",
    "object_repr": "Porta LED 50-2001CR",
    "action_flag": 2,
    "change_message": "[{\"added\": {\"name\": \"Oferta de Proveedor por Insumo\", \"object\": \"Porta LED 50-2001CR - Element14 ($2.97)\"}}, {\"added\": {\"name\": \"Oferta de Proveedor por Insumo\", \"object\": \"Porta LED 50-2001CR - Newark ($1.94)\"}}]"
  }
},
{
  "model": "admin.logentry",
  "pk": 178,
  "fields": {
    "action_time": "2025-06-25T14:11:09.048Z",
    "user": 1,
    "content_type": 14,
    "object_id": "5",
    "object_repr": "Driver LED, Corriente Constante, Entrada:3-5.5V, 16 Salidas, 30 MHz, Salida:20V/100 mA, SOIC-24",
    "action_flag": 2,
    "change_message": "[{\"changed\": {\"name\": \"Oferta de Proveedor por Insumo\", \"object\": \"Driver LED, Corriente Constante, Entrada:3-5.5V, 16 Salidas, 30 MHz, Salida:20V/100 mA, SOIC-24 - Arrow Electronics ($1.23)\", \"fields\": [\"Precio de Compra Unitario\", \"Tiempo de Entrega Estimado (d\\u00edas)\"]}}, {\"changed\": {\"name\": \"Oferta de Proveedor por Insumo\", \"object\": \"Driver LED, Corriente Constante, Entrada:3-5.5V, 16 Salidas, 30 MHz, Salida:20V/100 mA, SOIC-24 - Newark ($1.87)\", \"fields\": [\"Precio de Compra Unitario\", \"Tiempo de Entrega Estimado (d\\u00edas)\"]}}]"
  }
},
{
  "model": "admin.logentry",
  "pk": 179,
  "fields": {
    "action_time": "2025-06-25T14:11:40.714Z",
    "user": 1,
    "content_type": 14,
    "object_id": "13",
    "object_repr": "Driver Led, Reductor, Atenuación 243;n PWM, Entrada:7-30V, Conmutación 243 n:1MHz, Salida:30V/1A, TSOT-23-5",
    "action_flag": 2,
    "change_message": "[{\"added\": {\"name\": \"Oferta de Proveedor por Insumo\", \"object\": \"Driver Led, Reductor, Atenuaci\\u00f3n 243;n PWM, Entrada:7-30V, Conmutaci\\u00f3n 243 n:1MHz, Salida:30V/1A, TSOT-23-5 - Newark ($2.85)\"}}]"
  }
},
{
  "model": "admin.logentry",
  "pk": 180,
  "fields": {
    "action_time": "2025-06-25T14:11:59.957Z",
    "user": 1,
    "content_type": 14,
    "object_id": "13",
    "object_repr": "Driver Led, Reductor, Atenuación 243;n PWM, Entrada:7-30V, Conmutación 243 n:1MHz, Salida:30V/1A, TSOT-23-5",
    "action_flag": 2,
    "change_message": "[{\"added\": {\"name\": \"Oferta de Proveedor por Insumo\", \"object\": \"Driver Led, Reductor, Atenuaci\\u00f3n 243;n PWM, Entrada:7-30V, Conmutaci\\u00f3n 243 n:1MHz, Salida:30V/1A, TSOT-23-5 - Alibaba ($1.23)\"}}]"
  }
},
{
  "model": "admin.logentry",
  "pk": 181,
  "fields": {
    "action_time": "2025-06-25T14:12:51.916Z",
    "user": 1,
    "content_type": 14,
    "object_id": "14",
    "object_repr": "LED DRIVER, LINEAR, 1MHZ, VQFN-32",
    "action_flag": 2,
    "change_message": "[{\"added\": {\"name\": \"Oferta de Proveedor por Insumo\", \"object\": \"LED DRIVER, LINEAR, 1MHZ, VQFN-32 - Newark ($2.75)\"}}, {\"added\": {\"name\": \"Oferta de Proveedor por Insumo\", \"object\": \"LED DRIVER, LINEAR, 1MHZ, VQFN-32 - Bridgelux ($2.30)\"}}]"
  }
},
{
  "model": "admin.logentry",
  "pk": 182,
  "fields": {
    "action_time": "2025-06-25T14:14:25.327Z",
    "user": 1,
    "content_type": 14,
    "object_id": "15",
    "object_repr": "Disipador de Calor para LED, Anodizado negro",
    "action_flag": 2,
    "change_message": "[{\"added\": {\"name\": \"Oferta de Proveedor por Insumo\", \"object\": \"Disipador de Calor para LED, Anodizado negro - Newark ($7.49)\"}}, {\"added\": {\"name\": \"Oferta de Proveedor por Insumo\", \"object\": \"Disipador de Calor para LED, Anodizado negro - DigiKey ($3.52)\"}}]"
  }
},
{
  "model": "admin.logentry",
  "pk": 183,
  "fields": {
    "action_time": "2025-06-25T14:15:04.261Z",
    "user": 1,
    "content_type": 14,
    "object_id": "16",
    "object_repr": "Disipador de Calor para LED, DUAL LED Series, SMD LED Arrays, COBs and Driverless AC-LED's",
    "action_flag": 2,
    "change_message": "[{\"added\": {\"name\": \"Oferta de Proveedor por Insumo\", \"object\": \"Disipador de Calor para LED, DUAL LED Series, SMD LED Arrays, COBs and Driverless AC-LED's - DigiKey ($3.52)\"}}, {\"added\": {\"name\": \"Oferta de Proveedor por Insumo\", \"object\": \"Disipador de Calor para LED, DUAL LED Series, SMD LED Arrays, COBs and Driverless AC-LED's - Newark ($54.45)\"}}]"
  }
},
{
  "model": "admin.logentry",
  "pk": 184,
  "fields": {
    "action_time": "2025-06-25T14:15:45.491Z",
    "user": 1,
    "content_type": 14,
    "object_id": "17",
    "object_repr": "Redondo TDLM LED Fortimo giratorio Disipador térmico",
    "action_flag": 2,
    "change_message": "[{\"added\": {\"name\": \"Oferta de Proveedor por Insumo\", \"object\": \"Redondo TDLM LED Fortimo giratorio Disipador t\\u00e9rmico - Newark ($54.45)\"}}, {\"added\": {\"name\": \"Oferta de Proveedor por Insumo\", \"object\": \"Redondo TDLM LED Fortimo giratorio Disipador t\\u00e9rmico - DigiKey ($32.83)\"}}]"
  }
},
{
  "model": "admin.logentry",
  "pk": 185,
  "fields": {
    "action_time": "2025-06-25T14:16:35.461Z",
    "user": 1,
    "content_type": 14,
    "object_id": "18",
    "object_repr": "Lentes y ensambles LED LZ4 LENS NARROW SPOT BEAM",
    "action_flag": 2,
    "change_message": "[{\"added\": {\"name\": \"Oferta de Proveedor por Insumo\", \"object\": \"Lentes y ensambles LED LZ4 LENS NARROW SPOT BEAM - Newark ($8.52)\"}}, {\"added\": {\"name\": \"Oferta de Proveedor por Insumo\", \"object\": \"Lentes y ensambles LED LZ4 LENS NARROW SPOT BEAM - Mouser ($253.00)\"}}]"
  }
},
{
  "model": "admin.logentry",
  "pk": 186,
  "fields": {
    "action_time": "2025-06-25T14:17:26.206Z",
    "user": 1,
    "content_type": 14,
    "object_id": "19",
    "object_repr": "Lens With Holder Clear 20° Diffuser Adhesive Tape",
    "action_flag": 2,
    "change_message": "[{\"added\": {\"name\": \"Oferta de Proveedor por Insumo\", \"object\": \"Lens With Holder Clear 20\\u00b0 Diffuser Adhesive Tape - DigiKey ($3.90)\"}}, {\"added\": {\"name\": \"Oferta de Proveedor por Insumo\", \"object\": \"Lens With Holder Clear 20\\u00b0 Diffuser Adhesive Tape - Arrow Electronics ($0.83)\"}}]"
  }
},
{
  "model": "admin.logentry",
  "pk": 187,
  "fields": {
    "action_time": "2025-06-25T14:18:07.859Z",
    "user": 1,
    "content_type": 14,
    "object_id": "20",
    "object_repr": "Round Optical Lens Clear Polycarbonate Box",
    "action_flag": 2,
    "change_message": "[{\"added\": {\"name\": \"Oferta de Proveedor por Insumo\", \"object\": \"Round Optical Lens Clear Polycarbonate Box - Arrow Electronics ($0.83)\"}}, {\"added\": {\"name\": \"Oferta de Proveedor por Insumo\", \"object\": \"Round Optical Lens Clear Polycarbonate Box - Newark ($8.52)\"}}]"
  }
},
{
  "model": "admin.logentry",
  "pk": 188,
  "fields": {
    "action_time": "2025-06-25T14:18:48.295Z",
    "user": 1,
    "content_type": 14,
    "object_id": "21",
    "object_repr": "CREE XPE/G REFLECTOR, SPOT",
    "action_flag": 2,
    "change_message": "[{\"added\": {\"name\": \"Oferta de Proveedor por Insumo\", \"object\": \"CREE XPE/G REFLECTOR, SPOT - Newark ($2.77)\"}}, {\"added\": {\"name\": \"Oferta de Proveedor por Insumo\", \"object\": \"CREE XPE/G REFLECTOR, SPOT - Osram ($2.94)\"}}]"
  }
},
{
  "model": "admin.logentry",
  "pk": 189,
  "fields": {
    "action_time": "2025-06-25T14:19:51.289Z",
    "user": 1,
    "content_type": 14,
    "object_id": "22",
    "object_repr": "Reflector LED, Fijación con Pegamento, PC (Policarbonato), 74°, 14.75 mm",
    "action_flag": 2,
    "change_message": "[{\"added\": {\"name\": \"Oferta de Proveedor por Insumo\", \"object\": \"Reflector LED, Fijaci\\u00f3n con Pegamento, PC (Policarbonato), 74\\u00b0, 14.75 mm - Newark ($2.94)\"}}, {\"added\": {\"name\": \"Oferta de Proveedor por Insumo\", \"object\": \"Reflector LED, Fijaci\\u00f3n con Pegamento, PC (Policarbonato), 74\\u00b0, 14.75 mm - Bridgelux ($12.77)\"}}]"
  }
},
{
  "model": "admin.logentry",
  "pk": 190,
  "fields": {
    "action_time": "2025-06-25T14:20:44.255Z",
    "user": 1,
    "content_type": 14,
    "object_id": "23",
    "object_repr": "Reflector LED, Fijación con Tornillos, PC (Policarbonato), 11°, 87.8 mm",
    "action_flag": 2,
    "change_message": "[{\"added\": {\"name\": \"Oferta de Proveedor por Insumo\", \"object\": \"Reflector LED, Fijaci\\u00f3n con Tornillos, PC (Policarbonato), 11\\u00b0, 87.8 mm - Newark ($24.85)\"}}, {\"added\": {\"name\": \"Oferta de Proveedor por Insumo\", \"object\": \"Reflector LED, Fijaci\\u00f3n con Tornillos, PC (Policarbonato), 11\\u00b0, 87.8 mm - Mouser ($2.77)\"}}]"
  }
},
{
  "model": "admin.logentry",
  "pk": 191,
  "fields": {
    "action_time": "2025-06-25T14:21:15.147Z",
    "user": 1,
    "content_type": 14,
    "object_id": "24",
    "object_repr": "Reflector LED, Fijación con Tornillos, PC (Policarbonato), 19°, 86.2 mm",
    "action_flag": 2,
    "change_message": "[{\"added\": {\"name\": \"Oferta de Proveedor por Insumo\", \"object\": \"Reflector LED, Fijaci\\u00f3n con Tornillos, PC (Policarbonato), 19\\u00b0, 86.2 mm - Newark ($12.77)\"}}, {\"added\": {\"name\": \"Oferta de Proveedor por Insumo\", \"object\": \"Reflector LED, Fijaci\\u00f3n con Tornillos, PC (Policarbonato), 19\\u00b0, 86.2 mm - Standard ($2.77)\"}}]"
  }
},
{
  "model": "admin.logentry",
  "pk": 192,
  "fields": {
    "action_time": "2025-06-25T14:22:10.947Z",
    "user": 1,
    "content_type": 14,
    "object_id": "25",
    "object_repr": "Ensamble de Cable, Cable Conector L&#237;nea de Poder 12\" para Uso con Barra de Luz LED",
    "action_flag": 2,
    "change_message": "[{\"added\": {\"name\": \"Oferta de Proveedor por Insumo\", \"object\": \"Ensamble de Cable, Cable Conector L&#237;nea de Poder 12\\\" para Uso con Barra de Luz LED - Newark ($2.91)\"}}, {\"added\": {\"name\": \"Oferta de Proveedor por Insumo\", \"object\": \"Ensamble de Cable, Cable Conector L&#237;nea de Poder 12\\\" para Uso con Barra de Luz LED - DigiKey ($73.65)\"}}]"
  }
},
{
  "model": "admin.logentry",
  "pk": 193,
  "fields": {
    "action_time": "2025-06-25T14:23:00.793Z",
    "user": 1,
    "content_type": 14,
    "object_id": "26",
    "object_repr": "Conjunto de Cable, Receptáculo eléctrico, Extremo Libre, 6.5 ft, 2 m, Blanco",
    "action_flag": 2,
    "change_message": "[{\"added\": {\"name\": \"Oferta de Proveedor por Insumo\", \"object\": \"Conjunto de Cable, Recept\\u00e1culo el\\u00e9ctrico, Extremo Libre, 6.5 ft, 2 m, Blanco - Newark ($73.65)\"}}, {\"added\": {\"name\": \"Oferta de Proveedor por Insumo\", \"object\": \"Conjunto de Cable, Recept\\u00e1culo el\\u00e9ctrico, Extremo Libre, 6.5 ft, 2 m, Blanco - Alibaba ($19.14)\"}}]"
  }
},
{
  "model": "admin.logentry",
  "pk": 194,
  "fields": {
    "action_time": "2025-06-25T14:23:28.835Z",
    "user": 1,
    "content_type": 14,
    "object_id": "27",
    "object_repr": "Conjunto de Cable, Receptáculo de Compresión a Extremo Libre, 1 ft, 300 mm, Rojo",
    "action_flag": 2,
    "change_message": "[{\"added\": {\"name\": \"Oferta de Proveedor por Insumo\", \"object\": \"Conjunto de Cable, Recept\\u00e1culo de Compresi\\u00f3n a Extremo Libre, 1 ft, 300 mm, Rojo - Newark ($19.15)\"}}, {\"added\": {\"name\": \"Oferta de Proveedor por Insumo\", \"object\": \"Conjunto de Cable, Recept\\u00e1culo de Compresi\\u00f3n a Extremo Libre, 1 ft, 300 mm, Rojo - Arrow Electronics ($53.52)\"}}]"
  }
},
{
  "model": "admin.logentry",
  "pk": 195,
  "fields": {
    "action_time": "2025-06-25T14:23:52.982Z",
    "user": 1,
    "content_type": 14,
    "object_id": "28",
    "object_repr": "Conjunto de Cable, Conector LED a Extremo Libre, 6.56 ft, 2 m, Negro",
    "action_flag": 2,
    "change_message": "[{\"added\": {\"name\": \"Oferta de Proveedor por Insumo\", \"object\": \"Conjunto de Cable, Conector LED a Extremo Libre, 6.56 ft, 2 m, Negro - Newark ($53.52)\"}}, {\"added\": {\"name\": \"Oferta de Proveedor por Insumo\", \"object\": \"Conjunto de Cable, Conector LED a Extremo Libre, 6.56 ft, 2 m, Negro - Element14 ($2.91)\"}}]"
  }
},
{
  "model": "admin.logentry",
  "pk": 196,
  "fields": {
    "action_time": "2025-06-25T14:25:14.548Z",
    "user": 1,
    "content_type": 14,
    "object_id": "29",
    "object_repr": "Conector de Luz, Tierra Anterior, Posición Central, Serie LUMI-NUTS, 3 Contactos",
    "action_flag": 2,
    "change_message": "[{\"added\": {\"name\": \"Oferta de Proveedor por Insumo\", \"object\": \"Conector de Luz, Tierra Anterior, Posici\\u00f3n Central, Serie LUMI-NUTS, 3 Contactos - Newark ($2.5)\"}}, {\"added\": {\"name\": \"Oferta de Proveedor por Insumo\", \"object\": \"Conector de Luz, Tierra Anterior, Posici\\u00f3n Central, Serie LUMI-NUTS, 3 Contactos - Osram ($20.40)\"}}]"
  }
},
{
  "model": "admin.logentry",
  "pk": 197,
  "fields": {
    "action_time": "2025-06-25T14:25:57.880Z",
    "user": 1,
    "content_type": 14,
    "object_id": "30",
    "object_repr": "Accesorio de Caja, Conector, Luces de Carcasa LED Stego 100-240Vca, Blanco",
    "action_flag": 2,
    "change_message": "[{\"added\": {\"name\": \"Oferta de Proveedor por Insumo\", \"object\": \"Accesorio de Caja, Conector, Luces de Carcasa LED Stego 100-240Vca, Blanco - Newark ($20.40)\"}}, {\"added\": {\"name\": \"Oferta de Proveedor por Insumo\", \"object\": \"Accesorio de Caja, Conector, Luces de Carcasa LED Stego 100-240Vca, Blanco - Arrow Electronics ($23.90)\"}}]"
  }
},
{
  "model": "admin.logentry",
  "pk": 198,
  "fields": {
    "action_time": "2025-06-25T14:26:31.006Z",
    "user": 1,
    "content_type": 14,
    "object_id": "31",
    "object_repr": "Conector de Luz, 4 Contactos, Receptáculo eléctrico, 4 mm, Soldable, 1 Líneas",
    "action_flag": 2,
    "change_message": "[{\"added\": {\"name\": \"Oferta de Proveedor por Insumo\", \"object\": \"Conector de Luz, 4 Contactos, Recept\\u00e1culo el\\u00e9ctrico, 4 mm, Soldable, 1 L\\u00edneas - Newark ($23.90)\"}}, {\"added\": {\"name\": \"Oferta de Proveedor por Insumo\", \"object\": \"Conector de Luz, 4 Contactos, Recept\\u00e1culo el\\u00e9ctrico, 4 mm, Soldable, 1 L\\u00edneas - Mouser ($14.20)\"}}]"
  }
},
{
  "model": "admin.logentry",
  "pk": 199,
  "fields": {
    "action_time": "2025-06-25T14:26:53.255Z",
    "user": 1,
    "content_type": 14,
    "object_id": "32",
    "object_repr": "LIGHTING CONN, RCPT, 2POS, PCB MOUNT ROHS COMPLIANT: YES",
    "action_flag": 2,
    "change_message": "[{\"added\": {\"name\": \"Oferta de Proveedor por Insumo\", \"object\": \"LIGHTING CONN, RCPT, 2POS, PCB MOUNT ROHS COMPLIANT: YES - Newark ($14.20)\"}}, {\"added\": {\"name\": \"Oferta de Proveedor por Insumo\", \"object\": \"LIGHTING CONN, RCPT, 2POS, PCB MOUNT ROHS COMPLIANT: YES - Osram ($2.5)\"}}]"
  }
},
{
  "model": "admin.logentry",
  "pk": 200,
  "fields": {
    "action_time": "2025-06-25T14:27:56.744Z",
    "user": 1,
    "content_type": 14,
    "object_id": "33",
    "object_repr": "CONNECTOR, RECEPTACLE, 7POS",
    "action_flag": 2,
    "change_message": "[{\"added\": {\"name\": \"Oferta de Proveedor por Insumo\", \"object\": \"CONNECTOR, RECEPTACLE, 7POS - Newark ($13.97)\"}}, {\"added\": {\"name\": \"Oferta de Proveedor por Insumo\", \"object\": \"CONNECTOR, RECEPTACLE, 7POS - Bridgelux ($81.50)\"}}]"
  }
},
{
  "model": "admin.logentry",
  "pk": 201,
  "fields": {
    "action_time": "2025-06-25T14:28:30.549Z",
    "user": 1,
    "content_type": 14,
    "object_id": "34",
    "object_repr": "Conector para LED de Alumbrado Público, FLB Series, 7 Contactos, Macho, Agujero Pasante",
    "action_flag": 2,
    "change_message": "[{\"added\": {\"name\": \"Oferta de Proveedor por Insumo\", \"object\": \"Conector para LED de Alumbrado P\\u00fablico, FLB Series, 7 Contactos, Macho, Agujero Pasante - Newark ($81.50)\"}}, {\"added\": {\"name\": \"Oferta de Proveedor por Insumo\", \"object\": \"Conector para LED de Alumbrado P\\u00fablico, FLB Series, 7 Contactos, Macho, Agujero Pasante - Standard ($13.12)\"}}]"
  }
},
{
  "model": "admin.logentry",
  "pk": 202,
  "fields": {
    "action_time": "2025-06-25T14:29:02.697Z",
    "user": 1,
    "content_type": 14,
    "object_id": "35",
    "object_repr": "WHT PIXEL CLUSTER, 500M, 80CD, 0.14A/12V ROHS COMPLIANT: YES",
    "action_flag": 2,
    "change_message": "[{\"added\": {\"name\": \"Oferta de Proveedor por Insumo\", \"object\": \"WHT PIXEL CLUSTER, 500M, 80CD, 0.14A/12V ROHS COMPLIANT: YES - Newark ($13.12)\"}}, {\"added\": {\"name\": \"Oferta de Proveedor por Insumo\", \"object\": \"WHT PIXEL CLUSTER, 500M, 80CD, 0.14A/12V ROHS COMPLIANT: YES - Arrow Electronics ($87.90)\"}}]"
  }
},
{
  "model": "admin.logentry",
  "pk": 203,
  "fields": {
    "action_time": "2025-06-25T14:29:26.482Z",
    "user": 1,
    "content_type": 14,
    "object_id": "36",
    "object_repr": "Conector para LED de Alumbrado Público, LUMAWISE Endurance S2 Series, 4 Contactos",
    "action_flag": 2,
    "change_message": "[{\"added\": {\"name\": \"Oferta de Proveedor por Insumo\", \"object\": \"Conector para LED de Alumbrado P\\u00fablico, LUMAWISE Endurance S2 Series, 4 Contactos - Newark ($87.90)\"}}, {\"added\": {\"name\": \"Oferta de Proveedor por Insumo\", \"object\": \"Conector para LED de Alumbrado P\\u00fablico, LUMAWISE Endurance S2 Series, 4 Contactos - Alibaba ($13.97)\"}}]"
  }
},
{
  "model": "admin.logentry",
  "pk": 204,
  "fields": {
    "action_time": "2025-06-25T14:30:15.118Z",
    "user": 1,
    "content_type": 14,
    "object_id": "37",
    "object_repr": "Driver LED, ITE, 100.8 W, 24 V, 4.2 A, Voltaje Constante, 90 V",
    "action_flag": 2,
    "change_message": "[{\"added\": {\"name\": \"Oferta de Proveedor por Insumo\", \"object\": \"Driver LED, ITE, 100.8 W, 24 V, 4.2 A, Voltaje Constante, 90 V - Newark ($31.05)\"}}, {\"added\": {\"name\": \"Oferta de Proveedor por Insumo\", \"object\": \"Driver LED, ITE, 100.8 W, 24 V, 4.2 A, Voltaje Constante, 90 V - Alibaba ($12.27)\"}}]"
  }
},
{
  "model": "admin.logentry",
  "pk": 205,
  "fields": {
    "action_time": "2025-06-25T14:31:41.509Z",
    "user": 1,
    "content_type": 14,
    "object_id": "38",
    "object_repr": "Driver LED, ITE, 21 W, 30 V, 700 mA, Corriente Constante, 90 V",
    "action_flag": 2,
    "change_message": "[{\"added\": {\"name\": \"Oferta de Proveedor por Insumo\", \"object\": \"Driver LED, ITE, 21 W, 30 V, 700 mA, Corriente Constante, 90 V - Newark ($12.27)\"}}, {\"added\": {\"name\": \"Oferta de Proveedor por Insumo\", \"object\": \"Driver LED, ITE, 21 W, 30 V, 700 mA, Corriente Constante, 90 V - Element14 ($10.90)\"}}]"
  }
},
{
  "model": "admin.logentry",
  "pk": 206,
  "fields": {
    "action_time": "2025-06-25T14:32:10.065Z",
    "user": 1,
    "content_type": 14,
    "object_id": "39",
    "object_repr": "Driver LED, ITE, 12 W, 12 V, 1 A, Voltaje Constante, 90 V",
    "action_flag": 2,
    "change_message": "[{\"added\": {\"name\": \"Oferta de Proveedor por Insumo\", \"object\": \"Driver LED, ITE, 12 W, 12 V, 1 A, Voltaje Constante, 90 V - Newark ($10.90)\"}}, {\"added\": {\"name\": \"Oferta de Proveedor por Insumo\", \"object\": \"Driver LED, ITE, 12 W, 12 V, 1 A, Voltaje Constante, 90 V - Osram ($22.03)\"}}]"
  }
},
{
  "model": "admin.logentry",
  "pk": 207,
  "fields": {
    "action_time": "2025-06-25T14:32:37.155Z",
    "user": 1,
    "content_type": 14,
    "object_id": "40",
    "object_repr": "Driver LED, ITE, 36 W, 24 V, 1.5 A, Voltaje Constante, 90 V",
    "action_flag": 2,
    "change_message": "[{\"added\": {\"name\": \"Oferta de Proveedor por Insumo\", \"object\": \"Driver LED, ITE, 36 W, 24 V, 1.5 A, Voltaje Constante, 90 V - Newark ($22.03)\"}}, {\"added\": {\"name\": \"Oferta de Proveedor por Insumo\", \"object\": \"Driver LED, ITE, 36 W, 24 V, 1.5 A, Voltaje Constante, 90 V - Standard ($31.05)\"}}]"
  }
},
{
  "model": "admin.logentry",
  "pk": 208,
  "fields": {
    "action_time": "2025-06-25T14:33:26.277Z",
    "user": 1,
    "content_type": 14,
    "object_id": "41",
    "object_repr": "Tira de LED, 80 mm, 3 LEDs, Blanco, 12 VDC, 1.5 W, IP67",
    "action_flag": 2,
    "change_message": "[{\"added\": {\"name\": \"Oferta de Proveedor por Insumo\", \"object\": \"Tira de LED, 80 mm, 3 LEDs, Blanco, 12 VDC, 1.5 W, IP67 - Newark ($34.89)\"}}, {\"added\": {\"name\": \"Oferta de Proveedor por Insumo\", \"object\": \"Tira de LED, 80 mm, 3 LEDs, Blanco, 12 VDC, 1.5 W, IP67 - Mouser ($46.95)\"}}]"
  }
},
{
  "model": "admin.logentry",
  "pk": 209,
  "fields": {
    "action_time": "2025-06-25T14:34:12.333Z",
    "user": 1,
    "content_type": 14,
    "object_id": "42",
    "object_repr": "Tira de LED, 5 m, 300 LEDs, Blanco, 12 V, 20 W",
    "action_flag": 2,
    "change_message": "[{\"added\": {\"name\": \"Oferta de Proveedor por Insumo\", \"object\": \"Tira de LED, 5 m, 300 LEDs, Blanco, 12 V, 20 W - Newark ($46.95)\"}}, {\"added\": {\"name\": \"Oferta de Proveedor por Insumo\", \"object\": \"Tira de LED, 5 m, 300 LEDs, Blanco, 12 V, 20 W - Standard ($382.00)\"}}]"
  }
},
{
  "model": "admin.logentry",
  "pk": 210,
  "fields": {
    "action_time": "2025-06-25T14:34:47.662Z",
    "user": 1,
    "content_type": 14,
    "object_id": "43",
    "object_repr": "Tira de LED, 480 mm, 60 LEDs, 12 VDC, 5.7 W",
    "action_flag": 2,
    "change_message": "[{\"added\": {\"name\": \"Oferta de Proveedor por Insumo\", \"object\": \"Tira de LED, 480 mm, 60 LEDs, 12 VDC, 5.7 W - Newark ($382.00)\"}}, {\"added\": {\"name\": \"Oferta de Proveedor por Insumo\", \"object\": \"Tira de LED, 480 mm, 60 LEDs, 12 VDC, 5.7 W - DigiKey ($239.81)\"}}]"
  }
},
{
  "model": "admin.logentry",
  "pk": 211,
  "fields": {
    "action_time": "2025-06-25T14:35:20.164Z",
    "user": 1,
    "content_type": 14,
    "object_id": "44",
    "object_repr": "LED STRIP LIGHT, WHITE, 45W, 24V, 5M ROHS COMPLIANT: YES",
    "action_flag": 2,
    "change_message": "[{\"added\": {\"name\": \"Oferta de Proveedor por Insumo\", \"object\": \"LED STRIP LIGHT, WHITE, 45W, 24V, 5M ROHS COMPLIANT: YES - Newark ($239.81)\"}}, {\"added\": {\"name\": \"Oferta de Proveedor por Insumo\", \"object\": \"LED STRIP LIGHT, WHITE, 45W, 24V, 5M ROHS COMPLIANT: YES - Osram ($34.89)\"}}]"
  }
},
{
  "model": "admin.logentry",
  "pk": 212,
  "fields": {
    "action_time": "2025-06-25T14:36:29.783Z",
    "user": 1,
    "content_type": 14,
    "object_id": "45",
    "object_repr": "LED, Blanco Frío, CRI 80, 137W, 12000lm, 2.4A, 115°, 36V, 5000K, SMD-2, Redondo, Aplanado",
    "action_flag": 2,
    "change_message": "[{\"added\": {\"name\": \"Oferta de Proveedor por Insumo\", \"object\": \"LED, Blanco Fr\\u00edo, CRI 80, 137W, 12000lm, 2.4A, 115\\u00b0, 36V, 5000K, SMD-2, Redondo, Aplanado - Newark ($41.23)\"}}, {\"added\": {\"name\": \"Oferta de Proveedor por Insumo\", \"object\": \"LED, Blanco Fr\\u00edo, CRI 80, 137W, 12000lm, 2.4A, 115\\u00b0, 36V, 5000K, SMD-2, Redondo, Aplanado - Element14 ($98.30)\"}}]"
  }
},
{
  "model": "admin.logentry",
  "pk": 213,
  "fields": {
    "action_time": "2025-06-25T14:36:56.060Z",
    "user": 1,
    "content_type": 14,
    "object_id": "46",
    "object_repr": "LED, Blanco Cálido, CRI 92, 40W, 2100lm, 550mA, 115°, 35V, 2700K, SMD-2, Redondo, Aplanado",
    "action_flag": 2,
    "change_message": "[{\"added\": {\"name\": \"Oferta de Proveedor por Insumo\", \"object\": \"LED, Blanco C\\u00e1lido, CRI 92, 40W, 2100lm, 550mA, 115\\u00b0, 35V, 2700K, SMD-2, Redondo, Aplanado - Newark ($98.30)\"}}, {\"added\": {\"name\": \"Oferta de Proveedor por Insumo\", \"object\": \"LED, Blanco C\\u00e1lido, CRI 92, 40W, 2100lm, 550mA, 115\\u00b0, 35V, 2700K, SMD-2, Redondo, Aplanado - Bridgelux ($32.00)\"}}]"
  }
},
{
  "model": "admin.logentry",
  "pk": 214,
  "fields": {
    "action_time": "2025-06-25T14:37:25.729Z",
    "user": 1,
    "content_type": 14,
    "object_id": "47",
    "object_repr": "LED, Blanco Cálido, CRI 80, 9.5W, 440lm, 400mA, 115°, 8.6V, 3000K, SMD-2, Redondo, Aplanado",
    "action_flag": 2,
    "change_message": "[{\"added\": {\"name\": \"Oferta de Proveedor por Insumo\", \"object\": \"LED, Blanco C\\u00e1lido, CRI 80, 9.5W, 440lm, 400mA, 115\\u00b0, 8.6V, 3000K, SMD-2, Redondo, Aplanado - Newark ($32.00)\"}}, {\"added\": {\"name\": \"Oferta de Proveedor por Insumo\", \"object\": \"LED, Blanco C\\u00e1lido, CRI 80, 9.5W, 440lm, 400mA, 115\\u00b0, 8.6V, 3000K, SMD-2, Redondo, Aplanado - Arrow Electronics ($2.70)\"}}]"
  }
},
{
  "model": "admin.logentry",
  "pk": 215,
  "fields": {
    "action_time": "2025-06-25T14:38:03.396Z",
    "user": 1,
    "content_type": 14,
    "object_id": "48",
    "object_repr": "LED, Blanco Cálido, Capacidad 80 CRI, 10.9 W, 355lm, 400mA, 115°, 3000 K, SMD-2, Redondo Punta Plana",
    "action_flag": 2,
    "change_message": "[{\"added\": {\"name\": \"Oferta de Proveedor por Insumo\", \"object\": \"LED, Blanco C\\u00e1lido, Capacidad 80 CRI, 10.9 W, 355lm, 400mA, 115\\u00b0, 3000 K, SMD-2, Redondo Punta Plana - Newark ($2.70)\"}}, {\"added\": {\"name\": \"Oferta de Proveedor por Insumo\", \"object\": \"LED, Blanco C\\u00e1lido, Capacidad 80 CRI, 10.9 W, 355lm, 400mA, 115\\u00b0, 3000 K, SMD-2, Redondo Punta Plana - Element14 ($41.23)\"}}]"
  }
},
{
  "model": "admin.logentry",
  "pk": 216,
  "fields": {
    "action_time": "2025-06-25T14:38:44.834Z",
    "user": 1,
    "content_type": 14,
    "object_id": "49",
    "object_repr": "LED de Alto Brillo, Serie 521, Rojo, Verde, 60 °, R 660nm, G 565nm",
    "action_flag": 2,
    "change_message": "[{\"added\": {\"name\": \"Oferta de Proveedor por Insumo\", \"object\": \"LED de Alto Brillo, Serie 521, Rojo, Verde, 60 \\u00b0, R 660nm, G 565nm - Arrow Electronics ($20.20)\"}}, {\"added\": {\"name\": \"Oferta de Proveedor por Insumo\", \"object\": \"LED de Alto Brillo, Serie 521, Rojo, Verde, 60 \\u00b0, R 660nm, G 565nm - Alibaba ($13.10)\"}}]"
  }
},
{
  "model": "admin.logentry",
  "pk": 217,
  "fields": {
    "action_time": "2025-06-25T14:39:42.816Z",
    "user": 1,
    "content_type": 14,
    "object_id": "51",
    "object_repr": "LED de Alto Brillo, OSLON Compact PL Series, Blanco, 120 °, 1880 lm, 1.5 A",
    "action_flag": 2,
    "change_message": "[{\"added\": {\"name\": \"Oferta de Proveedor por Insumo\", \"object\": \"LED de Alto Brillo, OSLON Compact PL Series, Blanco, 120 \\u00b0, 1880 lm, 1.5 A - Newark ($53.70)\"}}, {\"added\": {\"name\": \"Oferta de Proveedor por Insumo\", \"object\": \"LED de Alto Brillo, OSLON Compact PL Series, Blanco, 120 \\u00b0, 1880 lm, 1.5 A - Arrow Electronics ($28.20)\"}}]"
  }
},
{
  "model": "admin.logentry",
  "pk": 218,
  "fields": {
    "action_time": "2025-06-25T14:40:11.086Z",
    "user": 1,
    "content_type": 14,
    "object_id": "52",
    "object_repr": "LED de Alto Brillo, XLamp XP-G3 Series, Azul, 451 nm, 130 &#176;, 2 A",
    "action_flag": 2,
    "change_message": "[{\"added\": {\"name\": \"Oferta de Proveedor por Insumo\", \"object\": \"LED de Alto Brillo, XLamp XP-G3 Series, Azul, 451 nm, 130 &#176;, 2 A - Newark ($28.20)\"}}, {\"added\": {\"name\": \"Oferta de Proveedor por Insumo\", \"object\": \"LED de Alto Brillo, XLamp XP-G3 Series, Azul, 451 nm, 130 &#176;, 2 A - Standard ($2.20)\"}}]"
  }
},
{
  "model": "admin.logentry",
  "pk": 219,
  "fields": {
    "action_time": "2025-06-25T14:40:38.352Z",
    "user": 1,
    "content_type": 14,
    "object_id": "50",
    "object_repr": "High Brightness LED, XLamp ML-E Series, 535 nm, Green, 30.6 lm, 150 mA RoHS Compliant: Yes",
    "action_flag": 2,
    "change_message": "[{\"added\": {\"name\": \"Oferta de Proveedor por Insumo\", \"object\": \"High Brightness LED, XLamp ML-E Series, 535 nm, Green, 30.6 lm, 150 mA RoHS Compliant: Yes - Newark ($13.10)\"}}, {\"added\": {\"name\": \"Oferta de Proveedor por Insumo\", \"object\": \"High Brightness LED, XLamp ML-E Series, 535 nm, Green, 30.6 lm, 150 mA RoHS Compliant: Yes - Standard ($53.70)\"}}]"
  }
},
{
  "model": "admin.logentry",
  "pk": 220,
  "fields": {
    "action_time": "2025-06-25T14:41:27.389Z",
    "user": 1,
    "content_type": 14,
    "object_id": "53",
    "object_repr": "DIMMER MODULE, 230VAC, 6A ROHS COMPLIANT: YES",
    "action_flag": 2,
    "change_message": "[{\"added\": {\"name\": \"Oferta de Proveedor por Insumo\", \"object\": \"DIMMER MODULE, 230VAC, 6A ROHS COMPLIANT: YES - Newark ($67.71)\"}}, {\"added\": {\"name\": \"Oferta de Proveedor por Insumo\", \"object\": \"DIMMER MODULE, 230VAC, 6A ROHS COMPLIANT: YES - Osram ($58.53)\"}}]"
  }
},
{
  "model": "admin.logentry",
  "pk": 221,
  "fields": {
    "action_time": "2025-06-25T14:41:52.612Z",
    "user": 1,
    "content_type": 14,
    "object_id": "54",
    "object_repr": "TRANSCEIVER MOD, DALI DT8, 230VAC, 1-CH ROHS COMPLIANT: YES",
    "action_flag": 2,
    "change_message": "[{\"added\": {\"name\": \"Oferta de Proveedor por Insumo\", \"object\": \"TRANSCEIVER MOD, DALI DT8, 230VAC, 1-CH ROHS COMPLIANT: YES - Newark ($58.53)\"}}, {\"added\": {\"name\": \"Oferta de Proveedor por Insumo\", \"object\": \"TRANSCEIVER MOD, DALI DT8, 230VAC, 1-CH ROHS COMPLIANT: YES - DigiKey ($89.07)\"}}]"
  }
},
{
  "model": "admin.logentry",
  "pk": 222,
  "fields": {
    "action_time": "2025-06-25T14:42:19.931Z",
    "user": 1,
    "content_type": 14,
    "object_id": "55",
    "object_repr": "CONTROL UNIT, DALI, 240VAC, 3W ROHS COMPLIANT: YES",
    "action_flag": 2,
    "change_message": "[{\"added\": {\"name\": \"Oferta de Proveedor por Insumo\", \"object\": \"CONTROL UNIT, DALI, 240VAC, 3W ROHS COMPLIANT: YES - Newark ($89.07)\"}}, {\"added\": {\"name\": \"Oferta de Proveedor por Insumo\", \"object\": \"CONTROL UNIT, DALI, 240VAC, 3W ROHS COMPLIANT: YES - Bridgelux ($170.21)\"}}]"
  }
},
{
  "model": "admin.logentry",
  "pk": 223,
  "fields": {
    "action_time": "2025-06-25T14:42:45.344Z",
    "user": 1,
    "content_type": 14,
    "object_id": "56",
    "object_repr": "LIGHT MANAGEMENT SYSTEM, DALI-2, 230V ROHS COMPLIANT: YES",
    "action_flag": 2,
    "change_message": "[{\"added\": {\"name\": \"Oferta de Proveedor por Insumo\", \"object\": \"LIGHT MANAGEMENT SYSTEM, DALI-2, 230V ROHS COMPLIANT: YES - Newark ($170.21)\"}}, {\"added\": {\"name\": \"Oferta de Proveedor por Insumo\", \"object\": \"LIGHT MANAGEMENT SYSTEM, DALI-2, 230V ROHS COMPLIANT: YES - Mouser ($67.71)\"}}]"
  }
},
{
  "model": "admin.logentry",
  "pk": 224,
  "fields": {
    "action_time": "2025-06-25T14:43:31.019Z",
    "user": 1,
    "content_type": 14,
    "object_id": "57",
    "object_repr": "Adaptador de LED, Chip-Lok®, 50mm, 90°C (194°F), M3, Blanco, Para Uso con CREE",
    "action_flag": 2,
    "change_message": "[{\"added\": {\"name\": \"Oferta de Proveedor por Insumo\", \"object\": \"Adaptador de LED, Chip-Lok\\u00ae, 50mm, 90\\u00b0C (194\\u00b0F), M3, Blanco, Para Uso con CREE - Newark ($1.80)\"}}, {\"added\": {\"name\": \"Oferta de Proveedor por Insumo\", \"object\": \"Adaptador de LED, Chip-Lok\\u00ae, 50mm, 90\\u00b0C (194\\u00b0F), M3, Blanco, Para Uso con CREE - Element14 ($1.73)\"}}]"
  }
},
{
  "model": "admin.logentry",
  "pk": 225,
  "fields": {
    "action_time": "2025-06-25T14:43:59.996Z",
    "user": 1,
    "content_type": 14,
    "object_id": "58",
    "object_repr": "Adaptador de LED, Chip-Lok®, Para Lena, 53.3mm, 90°C (194°F), Lengüeta Separada, Blanco",
    "action_flag": 2,
    "change_message": "[{\"added\": {\"name\": \"Oferta de Proveedor por Insumo\", \"object\": \"Adaptador de LED, Chip-Lok\\u00ae, Para Lena, 53.3mm, 90\\u00b0C (194\\u00b0F), Leng\\u00fceta Separada, Blanco - Newark ($1.73)\"}}, {\"added\": {\"name\": \"Oferta de Proveedor por Insumo\", \"object\": \"Adaptador de LED, Chip-Lok\\u00ae, Para Lena, 53.3mm, 90\\u00b0C (194\\u00b0F), Leng\\u00fceta Separada, Blanco - Osram ($3.39)\"}}]"
  }
},
{
  "model": "admin.logentry",
  "pk": 226,
  "fields": {
    "action_time": "2025-06-25T14:44:29.355Z",
    "user": 1,
    "content_type": 14,
    "object_id": "59",
    "object_repr": "Porta LED, LUMAWISE, 3A, 250V, Dorado, Para Uso con LEDs Cree CXA 25XX",
    "action_flag": 2,
    "change_message": "[{\"added\": {\"name\": \"Oferta de Proveedor por Insumo\", \"object\": \"Porta LED, LUMAWISE, 3A, 250V, Dorado, Para Uso con LEDs Cree CXA 25XX - Newark ($3.39)\"}}, {\"added\": {\"name\": \"Oferta de Proveedor por Insumo\", \"object\": \"Porta LED, LUMAWISE, 3A, 250V, Dorado, Para Uso con LEDs Cree CXA 25XX - Arrow Electronics ($1.73)\"}}]"
  }
},
{
  "model": "admin.logentry",
  "pk": 227,
  "fields": {
    "action_time": "2025-06-25T14:44:59.492Z",
    "user": 1,
    "content_type": 14,
    "object_id": "60",
    "object_repr": "Adaptador de LED, Chip-Lok, Reflector en Ángulo, 47.38mm, 90°C (194°F), Lengüeta Separada, Blanco",
    "action_flag": 2,
    "change_message": "[{\"added\": {\"name\": \"Oferta de Proveedor por Insumo\", \"object\": \"Adaptador de LED, Chip-Lok, Reflector en \\u00c1ngulo, 47.38mm, 90\\u00b0C (194\\u00b0F), Leng\\u00fceta Separada, Blanco - Newark ($1.73)\"}}, {\"added\": {\"name\": \"Oferta de Proveedor por Insumo\", \"object\": \"Adaptador de LED, Chip-Lok, Reflector en \\u00c1ngulo, 47.38mm, 90\\u00b0C (194\\u00b0F), Leng\\u00fceta Separada, Blanco - Mouser ($1.80)\"}}]"
  }
},
{
  "model": "admin.logentry",
  "pk": 228,
  "fields": {
    "action_time": "2025-06-25T15:03:03.664Z",
    "user": 1,
    "content_type": 22,
    "object_id": "14",
    "object_repr": "1 x Tira de LED, 80 mm, 3 LEDs, Blanco, 12 VDC, 1.5 W, IP67 para Iluminación decorativa con tiras LED para exterior",
    "action_flag": 1,
    "change_message": "[{\"added\": {}}]"
  }
},
{
  "model": "admin.logentry",
  "pk": 229,
  "fields": {
    "action_time": "2025-06-25T15:07:15.587Z",
    "user": 1,
    "content_type": 17,
    "object_id": "3",
    "object_repr": "Iluminación decorativa con tiras LED para exterior (Modelo: HG-560)",
    "action_flag": 2,
    "change_message": "[{\"added\": {\"name\": \"Componente de Producto (BOM)\", \"object\": \"1 x LED DRIVER, LINEAR, 1MHZ, VQFN-32 para Iluminaci\\u00f3n decorativa con tiras LED para exterior\"}}, {\"added\": {\"name\": \"Componente de Producto (BOM)\", \"object\": \"1 x Conjunto de Cable, Conector LED a Extremo Libre, 6.56 ft, 2 m, Negro para Iluminaci\\u00f3n decorativa con tiras LED para exterior\"}}, {\"added\": {\"name\": \"Componente de Producto (BOM)\", \"object\": \"1 x DIMMER MODULE, 230VAC, 6A ROHS COMPLIANT: YES para Iluminaci\\u00f3n decorativa con tiras LED para exterior\"}}]"
  }
},
{
  "model": "admin.logentry",
  "pk": 230,
  "fields": {
    "action_time": "2025-06-25T15:10:28.500Z",
    "user": 1,
    "content_type": 17,
    "object_id": "4",
    "object_repr": "Panel LED de techo Negro (Modelo: FP-312)",
    "action_flag": 2,
    "change_message": "[{\"added\": {\"name\": \"Componente de Producto (BOM)\", \"object\": \"1 x M\\u00f3dulo LED DOB sin conductor para bombillas, 3-60 vatios, AC220V para Panel LED de techo Negro\"}}, {\"added\": {\"name\": \"Componente de Producto (BOM)\", \"object\": \"1 x Disipador de Calor para LED, Anodizado negro, LEDs de Dise\\u00f1o 241;o de CI, Aluminio, 2.3 #176;C/W, 10 mm para Panel LED de techo Negro\"}}, {\"added\": {\"name\": \"Componente de Producto (BOM)\", \"object\": \"1 x LED Lens, 7 LED Optic, Spot, Transparent, 39.9 mm, Round, PMMA (Polymethylmethacrylate) RoHS Compliant: Yes para Panel LED de techo Negro\"}}, {\"added\": {\"name\": \"Componente de Producto (BOM)\", \"object\": \"1 x Driver LED, ITE, 100.8 W, 24 V, 4.2 A, Voltaje Constante, 90 V para Panel LED de techo Negro\"}}]"
  }
},
{
  "model": "admin.logentry",
  "pk": 231,
  "fields": {
    "action_time": "2025-06-25T15:13:28.973Z",
    "user": 1,
    "content_type": 17,
    "object_id": "5",
    "object_repr": "Luminaria lineal de barra Negro (Modelo: DG-2109)",
    "action_flag": 2,
    "change_message": "[{\"added\": {\"name\": \"Componente de Producto (BOM)\", \"object\": \"1 x Tira de LED, 80 mm, 3 LEDs, Blanco, 12 VDC, 1.5 W, IP67 para Luminaria lineal de barra Negro\"}}, {\"added\": {\"name\": \"Componente de Producto (BOM)\", \"object\": \"1 x Conjunto de Cable, Recept\\u00e1culo de Compresi\\u00f3n a Extremo Libre, 1 ft, 300 mm, Rojo para Luminaria lineal de barra Negro\"}}, {\"added\": {\"name\": \"Componente de Producto (BOM)\", \"object\": \"1 x Disipador de Calor para LED, Anodizado negro para Luminaria lineal de barra Negro\"}}]"
  }
},
{
  "model": "admin.logentry",
  "pk": 232,
  "fields": {
    "action_time": "2025-06-25T15:19:41.209Z",
    "user": 1,
    "content_type": 17,
    "object_id": "6",
    "object_repr": "Luminaria de acento con control Negro (Modelo: AO-1203)",
    "action_flag": 2,
    "change_message": "[{\"added\": {\"name\": \"Componente de Producto (BOM)\", \"object\": \"1 x M\\u00f3dulo LED, OSCONIQ S 5050 Series, Board + LED, Horti Blanco, 253 lm para Luminaria de acento con control Negro\"}}, {\"added\": {\"name\": \"Componente de Producto (BOM)\", \"object\": \"1 x LED, Blanco Fr\\u00edo, CRI 80, 137W, 12000lm, 2.4A, 115\\u00b0, 36V, 5000K, SMD-2, Redondo, Aplanado para Luminaria de acento con control Negro\"}}, {\"added\": {\"name\": \"Componente de Producto (BOM)\", \"object\": \"1 x Driver Led, Reductor, Atenuaci\\u00f3n 243;n PWM, Entrada:7-30V, Conmutaci\\u00f3n 243 n:1MHz, Salida:30V/1A, TSOT-23-5 para Luminaria de acento con control Negro\"}}, {\"added\": {\"name\": \"Componente de Producto (BOM)\", \"object\": \"1 x DIMMER MODULE, 230VAC, 6A ROHS COMPLIANT: YES para Luminaria de acento con control Negro\"}}, {\"added\": {\"name\": \"Componente de Producto (BOM)\", \"object\": \"1 x TRANSCEIVER MOD, DALI DT8, 230VAC, 1-CH ROHS COMPLIANT: YES para Luminaria de acento con control Negro\"}}, {\"added\": {\"name\": \"Componente de Producto (BOM)\", \"object\": \"1 x Porta LED 50-2204CT para Luminaria de acento con control Negro\"}}, {\"added\": {\"name\": \"Componente de Producto (BOM)\", \"object\": \"1 x Driver LED, ITE, 12 W, 12 V, 1 A, Voltaje Constante, 90 V para Luminaria de acento con control Negro\"}}]"
  }
},
{
  "model": "admin.logentry",
  "pk": 233,
  "fields": {
    "action_time": "2025-06-25T15:23:40.383Z",
    "user": 1,
    "content_type": 17,
    "object_id": "7",
    "object_repr": "Luminaria de alumbrado público Negro de LED Blanco (Modelo: FC-0921)",
    "action_flag": 2,
    "change_message": "[{\"added\": {\"name\": \"Componente de Producto (BOM)\", \"object\": \"1 x LED de Alto Brillo, Serie 521, Rojo, Verde, 60 \\u00b0, R 660nm, G 565nm para Luminaria de alumbrado p\\u00fablico Negro de LED Blanco\"}}, {\"added\": {\"name\": \"Componente de Producto (BOM)\", \"object\": \"1 x Tira de LED, 5 m, 300 LEDs, Blanco, 12 V, 20 W para Luminaria de alumbrado p\\u00fablico Negro de LED Blanco\"}}, {\"added\": {\"name\": \"Componente de Producto (BOM)\", \"object\": \"1 x Accesorio de Caja, Conector, Luces de Carcasa LED Stego 100-240Vca, Blanco para Luminaria de alumbrado p\\u00fablico Negro de LED Blanco\"}}, {\"added\": {\"name\": \"Componente de Producto (BOM)\", \"object\": \"1 x LED DRIVER, LINEAR, 1MHZ, VQFN-32 para Luminaria de alumbrado p\\u00fablico Negro de LED Blanco\"}}]"
  }
},
{
  "model": "admin.logentry",
  "pk": 234,
  "fields": {
    "action_time": "2025-06-25T15:28:07.776Z",
    "user": 1,
    "content_type": 17,
    "object_id": "8",
    "object_repr": "Lámpara de escritorio LED regulable (Modelo: GC-0482)",
    "action_flag": 2,
    "change_message": "[{\"added\": {\"name\": \"Componente de Producto (BOM)\", \"object\": \"1 x M\\u00f3dulo LED BXRC-30E10K0-B-73-SE para L\\u00e1mpara de escritorio LED regulable\"}}, {\"added\": {\"name\": \"Componente de Producto (BOM)\", \"object\": \"1 x Disipador de Calor para LED, Anodizado negro, LEDs de Dise\\u00f1o 241;o de CI, Aluminio, 2.3 #176;C/W, 10 mm para L\\u00e1mpara de escritorio LED regulable\"}}, {\"added\": {\"name\": \"Componente de Producto (BOM)\", \"object\": \"1 x Lens With Holder Clear 20\\u00b0 Diffuser Adhesive Tape para L\\u00e1mpara de escritorio LED regulable\"}}, {\"added\": {\"name\": \"Componente de Producto (BOM)\", \"object\": \"1 x Driver Led, Reductor, Atenuaci\\u00f3n 243;n PWM, Entrada:7-30V, Conmutaci\\u00f3n 243 n:1MHz, Salida:30V/1A, TSOT-23-5 para L\\u00e1mpara de escritorio LED regulable\"}}, {\"added\": {\"name\": \"Componente de Producto (BOM)\", \"object\": \"1 x DIMMER MODULE, 230VAC, 6A ROHS COMPLIANT: YES para L\\u00e1mpara de escritorio LED regulable\"}}, {\"added\": {\"name\": \"Componente de Producto (BOM)\", \"object\": \"1 x Conjunto de Cable, Conector LED a Extremo Libre, 6.56 ft, 2 m, Negro para L\\u00e1mpara de escritorio LED regulable\"}}]"
  }
},
{
  "model": "admin.logentry",
  "pk": 235,
  "fields": {
    "action_time": "2025-06-25T15:30:39.055Z",
    "user": 1,
    "content_type": 12,
    "object_id": "3",
    "object_repr": "Grupo C",
    "action_flag": 1,
    "change_message": "[{\"added\": {}}]"
  }
},
{
  "model": "admin.logentry",
  "pk": 236,
  "fields": {
    "action_time": "2025-06-25T15:30:48.092Z",
    "user": 1,
    "content_type": 12,
    "object_id": "4",
    "object_repr": "Grupo D",
    "action_flag": 1,
    "change_message": "[{\"added\": {}}]"
  }
},
{
  "model": "admin.logentry",
  "pk": 237,
  "fields": {
    "action_time": "2025-06-25T15:45:06.297Z",
    "user": 1,
    "content_type": 23,
    "object_id": "23",
    "object_repr": "OC: OC-00023 - Proveedor: Alibaba",
    "action_flag": 2,
    "change_message": "[{\"changed\": {\"fields\": [\"Numero tracking\"]}}]"
  }
},
{
  "model": "admin.logentry",
  "pk": 238,
  "fields": {
    "action_time": "2025-06-27T14:58:38.176Z",
    "user": 1,
    "content_type": 23,
    "object_id": "24",
    "object_repr": "OC: OC-00024 - Proveedor: Bridgelux",
    "action_flag": 2,
    "change_message": "[{\"changed\": {\"fields\": [\"Numero tracking\"]}}]"
  }
},
{
  "model": "admin.logentry",
  "pk": 239,
  "fields": {
    "action_time": "2025-06-27T16:18:31.406Z",
    "user": 1,
    "content_type": 23,
    "object_id": "27",
    "object_repr": "OC: OC-00027 - Proveedor: Standard",
    "action_flag": 3,
    "change_message": ""
  }
},
{
  "model": "admin.logentry",
  "pk": 240,
  "fields": {
    "action_time": "2025-06-27T16:18:31.406Z",
    "user": 1,
    "content_type": 23,
    "object_id": "26",
    "object_repr": "OC: OC-00026 - Proveedor: Standard",
    "action_flag": 3,
    "change_message": ""
  }
},
{
  "model": "admin.logentry",
  "pk": 241,
  "fields": {
    "action_time": "2025-06-27T16:21:06.212Z",
    "user": 1,
    "content_type": 23,
    "object_id": "29",
    "object_repr": "OC: OC-00029 - Proveedor: Standard",
    "action_flag": 3,
    "change_message": ""
  }
},
{
  "model": "admin.logentry",
  "pk": 242,
  "fields": {
    "action_time": "2025-06-27T16:21:06.212Z",
    "user": 1,
    "content_type": 23,
    "object_id": "28",
    "object_repr": "OC: OC-00026 - Proveedor: Standard",
    "action_flag": 3,
    "change_message": ""
  }
},
{
  "model": "admin.logentry",
  "pk": 243,
  "fields": {
    "action_time": "2025-06-27T16:28:59.470Z",
    "user": 1,
    "content_type": 23,
    "object_id": "30",
    "object_repr": "OC: OC-00026 - Proveedor: Arrow Electronics",
    "action_flag": 2,
    "change_message": "[{\"changed\": {\"fields\": [\"Numero tracking\"]}}]"
  }
},
{
  "model": "auth.permission",
  "pk": 1,
  "fields": {
    "name": "Can add log entry",
    "content_type": 1,
    "codename": "add_logentry"
  }
},
{
  "model": "auth.permission",
  "pk": 2,
  "fields": {
    "name": "Can change log entry",
    "content_type": 1,
    "codename": "change_logentry"
  }
},
{
  "model": "auth.permission",
  "pk": 3,
  "fields": {
    "name": "Can delete log entry",
    "content_type": 1,
    "codename": "delete_logentry"
  }
},
{
  "model": "auth.permission",
  "pk": 4,
  "fields": {
    "name": "Can view log entry",
    "content_type": 1,
    "codename": "view_logentry"
  }
},
{
  "model": "auth.permission",
  "pk": 5,
  "fields": {
    "name": "Can add permission",
    "content_type": 2,
    "codename": "add_permission"
  }
},
{
  "model": "auth.permission",
  "pk": 6,
  "fields": {
    "name": "Can change permission",
    "content_type": 2,
    "codename": "change_permission"
  }
},
{
  "model": "auth.permission",
  "pk": 7,
  "fields": {
    "name": "Can delete permission",
    "content_type": 2,
    "codename": "delete_permission"
  }
},
{
  "model": "auth.permission",
  "pk": 8,
  "fields": {
    "name": "Can view permission",
    "content_type": 2,
    "codename": "view_permission"
  }
},
{
  "model": "auth.permission",
  "pk": 9,
  "fields": {
    "name": "Can add group",
    "content_type": 3,
    "codename": "add_group"
  }
},
{
  "model": "auth.permission",
  "pk": 10,
  "fields": {
    "name": "Can change group",
    "content_type": 3,
    "codename": "change_group"
  }
},
{
  "model": "auth.permission",
  "pk": 11,
  "fields": {
    "name": "Can delete group",
    "content_type": 3,
    "codename": "delete_group"
  }
},
{
  "model": "auth.permission",
  "pk": 12,
  "fields": {
    "name": "Can view group",
    "content_type": 3,
    "codename": "view_group"
  }
},
{
  "model": "auth.permission",
  "pk": 13,
  "fields": {
    "name": "Can add user",
    "content_type": 4,
    "codename": "add_user"
  }
},
{
  "model": "auth.permission",
  "pk": 14,
  "fields": {
    "name": "Can change user",
    "content_type": 4,
    "codename": "change_user"
  }
},
{
  "model": "auth.permission",
  "pk": 15,
  "fields": {
    "name": "Can delete user",
    "content_type": 4,
    "codename": "delete_user"
  }
},
{
  "model": "auth.permission",
  "pk": 16,
  "fields": {
    "name": "Can view user",
    "content_type": 4,
    "codename": "view_user"
  }
},
{
  "model": "auth.permission",
  "pk": 17,
  "fields": {
    "name": "Can add content type",
    "content_type": 5,
    "codename": "add_contenttype"
  }
},
{
  "model": "auth.permission",
  "pk": 18,
  "fields": {
    "name": "Can change content type",
    "content_type": 5,
    "codename": "change_contenttype"
  }
},
{
  "model": "auth.permission",
  "pk": 19,
  "fields": {
    "name": "Can delete content type",
    "content_type": 5,
    "codename": "delete_contenttype"
  }
},
{
  "model": "auth.permission",
  "pk": 20,
  "fields": {
    "name": "Can view content type",
    "content_type": 5,
    "codename": "view_contenttype"
  }
},
{
  "model": "auth.permission",
  "pk": 21,
  "fields": {
    "name": "Can add session",
    "content_type": 6,
    "codename": "add_session"
  }
},
{
  "model": "auth.permission",
  "pk": 22,
  "fields": {
    "name": "Can change session",
    "content_type": 6,
    "codename": "change_session"
  }
},
{
  "model": "auth.permission",
  "pk": 23,
  "fields": {
    "name": "Can delete session",
    "content_type": 6,
    "codename": "delete_session"
  }
},
{
  "model": "auth.permission",
  "pk": 24,
  "fields": {
    "name": "Can view session",
    "content_type": 6,
    "codename": "view_session"
  }
},
{
  "model": "auth.permission",
  "pk": 25,
  "fields": {
    "name": "Can add Categoría de Insumo",
    "content_type": 7,
    "codename": "add_categoriainsumo"
  }
},
{
  "model": "auth.permission",
  "pk": 26,
  "fields": {
    "name": "Can change Categoría de Insumo",
    "content_type": 7,
    "codename": "change_categoriainsumo"
  }
},
{
  "model": "auth.permission",
  "pk": 27,
  "fields": {
    "name": "Can delete Categoría de Insumo",
    "content_type": 7,
    "codename": "delete_categoriainsumo"
  }
},
{
  "model": "auth.permission",
  "pk": 28,
  "fields": {
    "name": "Can view Categoría de Insumo",
    "content_type": 7,
    "codename": "view_categoriainsumo"
  }
},
{
  "model": "auth.permission",
  "pk": 29,
  "fields": {
    "name": "Can add Categoría de Producto Terminado",
    "content_type": 8,
    "codename": "add_categoriaproductoterminado"
  }
},
{
  "model": "auth.permission",
  "pk": 30,
  "fields": {
    "name": "Can change Categoría de Producto Terminado",
    "content_type": 8,
    "codename": "change_categoriaproductoterminado"
  }
},
{
  "model": "auth.permission",
  "pk": 31,
  "fields": {
    "name": "Can delete Categoría de Producto Terminado",
    "content_type": 8,
    "codename": "delete_categoriaproductoterminado"
  }
},
{
  "model": "auth.permission",
  "pk": 32,
  "fields": {
    "name": "Can view Categoría de Producto Terminado",
    "content_type": 8,
    "codename": "view_categoriaproductoterminado"
  }
},
{
  "model": "auth.permission",
  "pk": 33,
  "fields": {
    "name": "Can add cliente",
    "content_type": 9,
    "codename": "add_cliente"
  }
},
{
  "model": "auth.permission",
  "pk": 34,
  "fields": {
    "name": "Can change cliente",
    "content_type": 9,
    "codename": "change_cliente"
  }
},
{
  "model": "auth.permission",
  "pk": 35,
  "fields": {
    "name": "Can delete cliente",
    "content_type": 9,
    "codename": "delete_cliente"
  }
},
{
  "model": "auth.permission",
  "pk": 36,
  "fields": {
    "name": "Can view cliente",
    "content_type": 9,
    "codename": "view_cliente"
  }
},
{
  "model": "auth.permission",
  "pk": 37,
  "fields": {
    "name": "Can add estado orden",
    "content_type": 10,
    "codename": "add_estadoorden"
  }
},
{
  "model": "auth.permission",
  "pk": 38,
  "fields": {
    "name": "Can change estado orden",
    "content_type": 10,
    "codename": "change_estadoorden"
  }
},
{
  "model": "auth.permission",
  "pk": 39,
  "fields": {
    "name": "Can delete estado orden",
    "content_type": 10,
    "codename": "delete_estadoorden"
  }
},
{
  "model": "auth.permission",
  "pk": 40,
  "fields": {
    "name": "Can view estado orden",
    "content_type": 10,
    "codename": "view_estadoorden"
  }
},
{
  "model": "auth.permission",
  "pk": 41,
  "fields": {
    "name": "Can add proveedor",
    "content_type": 11,
    "codename": "add_proveedor"
  }
},
{
  "model": "auth.permission",
  "pk": 42,
  "fields": {
    "name": "Can change proveedor",
    "content_type": 11,
    "codename": "change_proveedor"
  }
},
{
  "model": "auth.permission",
  "pk": 43,
  "fields": {
    "name": "Can delete proveedor",
    "content_type": 11,
    "codename": "delete_proveedor"
  }
},
{
  "model": "auth.permission",
  "pk": 44,
  "fields": {
    "name": "Can view proveedor",
    "content_type": 11,
    "codename": "view_proveedor"
  }
},
{
  "model": "auth.permission",
  "pk": 45,
  "fields": {
    "name": "Can add sector asignado",
    "content_type": 12,
    "codename": "add_sectorasignado"
  }
},
{
  "model": "auth.permission",
  "pk": 46,
  "fields": {
    "name": "Can change sector asignado",
    "content_type": 12,
    "codename": "change_sectorasignado"
  }
},
{
  "model": "auth.permission",
  "pk": 47,
  "fields": {
    "name": "Can delete sector asignado",
    "content_type": 12,
    "codename": "delete_sectorasignado"
  }
},
{
  "model": "auth.permission",
  "pk": 48,
  "fields": {
    "name": "Can view sector asignado",
    "content_type": 12,
    "codename": "view_sectorasignado"
  }
},
{
  "model": "auth.permission",
  "pk": 49,
  "fields": {
    "name": "Can add auditoria acceso",
    "content_type": 13,
    "codename": "add_auditoriaacceso"
  }
},
{
  "model": "auth.permission",
  "pk": 50,
  "fields": {
    "name": "Can change auditoria acceso",
    "content_type": 13,
    "codename": "change_auditoriaacceso"
  }
},
{
  "model": "auth.permission",
  "pk": 51,
  "fields": {
    "name": "Can delete auditoria acceso",
    "content_type": 13,
    "codename": "delete_auditoriaacceso"
  }
},
{
  "model": "auth.permission",
  "pk": 52,
  "fields": {
    "name": "Can view auditoria acceso",
    "content_type": 13,
    "codename": "view_auditoriaacceso"
  }
},
{
  "model": "auth.permission",
  "pk": 53,
  "fields": {
    "name": "Can add insumo",
    "content_type": 14,
    "codename": "add_insumo"
  }
},
{
  "model": "auth.permission",
  "pk": 54,
  "fields": {
    "name": "Can change insumo",
    "content_type": 14,
    "codename": "change_insumo"
  }
},
{
  "model": "auth.permission",
  "pk": 55,
  "fields": {
    "name": "Can delete insumo",
    "content_type": 14,
    "codename": "delete_insumo"
  }
},
{
  "model": "auth.permission",
  "pk": 56,
  "fields": {
    "name": "Can view insumo",
    "content_type": 14,
    "codename": "view_insumo"
  }
},
{
  "model": "auth.permission",
  "pk": 57,
  "fields": {
    "name": "Can add orden venta",
    "content_type": 15,
    "codename": "add_ordenventa"
  }
},
{
  "model": "auth.permission",
  "pk": 58,
  "fields": {
    "name": "Can change orden venta",
    "content_type": 15,
    "codename": "change_ordenventa"
  }
},
{
  "model": "auth.permission",
  "pk": 59,
  "fields": {
    "name": "Can delete orden venta",
    "content_type": 15,
    "codename": "delete_ordenventa"
  }
},
{
  "model": "auth.permission",
  "pk": 60,
  "fields": {
    "name": "Can view orden venta",
    "content_type": 15,
    "codename": "view_ordenventa"
  }
},
{
  "model": "auth.permission",
  "pk": 61,
  "fields": {
    "name": "Can add factura",
    "content_type": 16,
    "codename": "add_factura"
  }
},
{
  "model": "auth.permission",
  "pk": 62,
  "fields": {
    "name": "Can change factura",
    "content_type": 16,
    "codename": "change_factura"
  }
},
{
  "model": "auth.permission",
  "pk": 63,
  "fields": {
    "name": "Can delete factura",
    "content_type": 16,
    "codename": "delete_factura"
  }
},
{
  "model": "auth.permission",
  "pk": 64,
  "fields": {
    "name": "Can view factura",
    "content_type": 16,
    "codename": "view_factura"
  }
},
{
  "model": "auth.permission",
  "pk": 65,
  "fields": {
    "name": "Can add producto terminado",
    "content_type": 17,
    "codename": "add_productoterminado"
  }
},
{
  "model": "auth.permission",
  "pk": 66,
  "fields": {
    "name": "Can change producto terminado",
    "content_type": 17,
    "codename": "change_productoterminado"
  }
},
{
  "model": "auth.permission",
  "pk": 67,
  "fields": {
    "name": "Can delete producto terminado",
    "content_type": 17,
    "codename": "delete_productoterminado"
  }
},
{
  "model": "auth.permission",
  "pk": 68,
  "fields": {
    "name": "Can view producto terminado",
    "content_type": 17,
    "codename": "view_productoterminado"
  }
},
{
  "model": "auth.permission",
  "pk": 69,
  "fields": {
    "name": "Can add orden produccion",
    "content_type": 18,
    "codename": "add_ordenproduccion"
  }
},
{
  "model": "auth.permission",
  "pk": 70,
  "fields": {
    "name": "Can change orden produccion",
    "content_type": 18,
    "codename": "change_ordenproduccion"
  }
},
{
  "model": "auth.permission",
  "pk": 71,
  "fields": {
    "name": "Can delete orden produccion",
    "content_type": 18,
    "codename": "delete_ordenproduccion"
  }
},
{
  "model": "auth.permission",
  "pk": 72,
  "fields": {
    "name": "Can view orden produccion",
    "content_type": 18,
    "codename": "view_ordenproduccion"
  }
},
{
  "model": "auth.permission",
  "pk": 73,
  "fields": {
    "name": "Can add item orden venta",
    "content_type": 19,
    "codename": "add_itemordenventa"
  }
},
{
  "model": "auth.permission",
  "pk": 74,
  "fields": {
    "name": "Can change item orden venta",
    "content_type": 19,
    "codename": "change_itemordenventa"
  }
},
{
  "model": "auth.permission",
  "pk": 75,
  "fields": {
    "name": "Can delete item orden venta",
    "content_type": 19,
    "codename": "delete_itemordenventa"
  }
},
{
  "model": "auth.permission",
  "pk": 76,
  "fields": {
    "name": "Can view item orden venta",
    "content_type": 19,
    "codename": "view_itemordenventa"
  }
},
{
  "model": "auth.permission",
  "pk": 77,
  "fields": {
    "name": "Can add reportes",
    "content_type": 20,
    "codename": "add_reportes"
  }
},
{
  "model": "auth.permission",
  "pk": 78,
  "fields": {
    "name": "Can change reportes",
    "content_type": 20,
    "codename": "change_reportes"
  }
},
{
  "model": "auth.permission",
  "pk": 79,
  "fields": {
    "name": "Can delete reportes",
    "content_type": 20,
    "codename": "delete_reportes"
  }
},
{
  "model": "auth.permission",
  "pk": 80,
  "fields": {
    "name": "Can view reportes",
    "content_type": 20,
    "codename": "view_reportes"
  }
},
{
  "model": "auth.permission",
  "pk": 81,
  "fields": {
    "name": "Can add rol descripcion",
    "content_type": 21,
    "codename": "add_roldescripcion"
  }
},
{
  "model": "auth.permission",
  "pk": 82,
  "fields": {
    "name": "Can change rol descripcion",
    "content_type": 21,
    "codename": "change_roldescripcion"
  }
},
{
  "model": "auth.permission",
  "pk": 83,
  "fields": {
    "name": "Can delete rol descripcion",
    "content_type": 21,
    "codename": "delete_roldescripcion"
  }
},
{
  "model": "auth.permission",
  "pk": 84,
  "fields": {
    "name": "Can view rol descripcion",
    "content_type": 21,
    "codename": "view_roldescripcion"
  }
},
{
  "model": "auth.permission",
  "pk": 85,
  "fields": {
    "name": "Can add Componente de Producto (BOM)",
    "content_type": 22,
    "codename": "add_componenteproducto"
  }
},
{
  "model": "auth.permission",
  "pk": 86,
  "fields": {
    "name": "Can change Componente de Producto (BOM)",
    "content_type": 22,
    "codename": "change_componenteproducto"
  }
},
{
  "model": "auth.permission",
  "pk": 87,
  "fields": {
    "name": "Can delete Componente de Producto (BOM)",
    "content_type": 22,
    "codename": "delete_componenteproducto"
  }
},
{
  "model": "auth.permission",
  "pk": 88,
  "fields": {
    "name": "Can view Componente de Producto (BOM)",
    "content_type": 22,
    "codename": "view_componenteproducto"
  }
},
{
  "model": "auth.permission",
  "pk": 89,
  "fields": {
    "name": "Can add orden",
    "content_type": 23,
    "codename": "add_orden"
  }
},
{
  "model": "auth.permission",
  "pk": 90,
  "fields": {
    "name": "Can change orden",
    "content_type": 23,
    "codename": "change_orden"
  }
},
{
  "model": "auth.permission",
  "pk": 91,
  "fields": {
    "name": "Can delete orden",
    "content_type": 23,
    "codename": "delete_orden"
  }
},
{
  "model": "auth.permission",
  "pk": 92,
  "fields": {
    "name": "Can view orden",
    "content_type": 23,
    "codename": "view_orden"
  }
},
{
  "model": "auth.permission",
  "pk": 93,
  "fields": {
    "name": "Can add fabricante",
    "content_type": 24,
    "codename": "add_fabricante"
  }
},
{
  "model": "auth.permission",
  "pk": 94,
  "fields": {
    "name": "Can change fabricante",
    "content_type": 24,
    "codename": "change_fabricante"
  }
},
{
  "model": "auth.permission",
  "pk": 95,
  "fields": {
    "name": "Can delete fabricante",
    "content_type": 24,
    "codename": "delete_fabricante"
  }
},
{
  "model": "auth.permission",
  "pk": 96,
  "fields": {
    "name": "Can view fabricante",
    "content_type": 24,
    "codename": "view_fabricante"
  }
},
{
  "model": "auth.permission",
  "pk": 97,
  "fields": {
    "name": "Can add Oferta de Proveedor por Insumo",
    "content_type": 25,
    "codename": "add_ofertaproveedor"
  }
},
{
  "model": "auth.permission",
  "pk": 98,
  "fields": {
    "name": "Can change Oferta de Proveedor por Insumo",
    "content_type": 25,
    "codename": "change_ofertaproveedor"
  }
},
{
  "model": "auth.permission",
  "pk": 99,
  "fields": {
    "name": "Can delete Oferta de Proveedor por Insumo",
    "content_type": 25,
    "codename": "delete_ofertaproveedor"
  }
},
{
  "model": "auth.permission",
  "pk": 100,
  "fields": {
    "name": "Can view Oferta de Proveedor por Insumo",
    "content_type": 25,
    "codename": "view_ofertaproveedor"
  }
},
{
  "model": "auth.permission",
  "pk": 101,
  "fields": {
    "name": "Can add lote producto terminado",
    "content_type": 26,
    "codename": "add_loteproductoterminado"
  }
},
{
  "model": "auth.permission",
  "pk": 102,
  "fields": {
    "name": "Can change lote producto terminado",
    "content_type": 26,
    "codename": "change_loteproductoterminado"
  }
},
{
  "model": "auth.permission",
  "pk": 103,
  "fields": {
    "name": "Can delete lote producto terminado",
    "content_type": 26,
    "codename": "delete_loteproductoterminado"
  }
},
{
  "model": "auth.permission",
  "pk": 104,
  "fields": {
    "name": "Can view lote producto terminado",
    "content_type": 26,
    "codename": "view_loteproductoterminado"
  }
},
{
  "model": "auth.permission",
  "pk": 105,
  "fields": {
    "name": "Can add Historial de Orden de Venta",
    "content_type": 27,
    "codename": "add_historialov"
  }
},
{
  "model": "auth.permission",
  "pk": 106,
  "fields": {
    "name": "Can change Historial de Orden de Venta",
    "content_type": 27,
    "codename": "change_historialov"
  }
},
{
  "model": "auth.permission",
  "pk": 107,
  "fields": {
    "name": "Can delete Historial de Orden de Venta",
    "content_type": 27,
    "codename": "delete_historialov"
  }
},
{
  "model": "auth.permission",
  "pk": 108,
  "fields": {
    "name": "Can view Historial de Orden de Venta",
    "content_type": 27,
    "codename": "view_historialov"
  }
},
{
  "model": "auth.permission",
  "pk": 109,
  "fields": {
    "name": "Can add password change required",
    "content_type": 28,
    "codename": "add_passwordchangerequired"
  }
},
{
  "model": "auth.permission",
  "pk": 110,
  "fields": {
    "name": "Can change password change required",
    "content_type": 28,
    "codename": "change_passwordchangerequired"
  }
},
{
  "model": "auth.permission",
  "pk": 111,
  "fields": {
    "name": "Can delete password change required",
    "content_type": 28,
    "codename": "delete_passwordchangerequired"
  }
},
{
  "model": "auth.permission",
  "pk": 112,
  "fields": {
    "name": "Can view password change required",
    "content_type": 28,
    "codename": "view_passwordchangerequired"
  }
},
{
  "model": "auth.group",
  "pk": 1,
  "fields": {
    "name": "compras",
    "permissions": []
  }
},
{
  "model": "auth.group",
  "pk": 2,
  "fields": {
    "name": "ventas",
    "permissions": []
  }
},
{
  "model": "auth.group",
  "pk": 3,
  "fields": {
    "name": "Administrador",
    "permissions": []
  }
},
{
  "model": "auth.group",
  "pk": 4,
  "fields": {
    "name": "Producción",
    "permissions": []
  }
},
{
  "model": "auth.group",
  "pk": 5,
  "fields": {
    "name": "Depósito",
    "permissions": []
  }
},
{
  "model": "auth.user",
  "pk": 1,
  "fields": {
    "password": "pbkdf2_sha256$1000000$jcsyMpHR3KAPC5PXWKaNKf$+pujP/9HFOLyMrJyrv9gUksmdo0y3nAOX4vPIGGyIbA=",
    "last_login": "2025-07-04T20:14:03.408Z",
    "is_superuser": true,
    "username": "admin",
    "first_name": "",
    "last_name": "",
    "email": "federicopaal@gmail.com",
    "is_staff": true,
    "is_active": true,
    "date_joined": "2025-05-24T11:10:53.626Z",
    "groups": [],
    "user_permissions": []
  }
},
{
  "model": "auth.user",
  "pk": 8,
  "fields": {
    "password": "pbkdf2_sha256$1000000$z2PoNCL4kwwvMiMJjd47lE$hZhA1ZwOSp7LBGqRdywEHt45D+LT+FQySFXk8q8exno=",
    "last_login": "2025-06-20T12:23:24.852Z",
    "is_superuser": false,
    "username": "aovejero",
    "first_name": "",
    "last_name": "",
    "email": "aovejero@luminova.com.ar",
    "is_staff": false,
    "is_active": true,
    "date_joined": "2025-06-18T01:26:43.734Z",
    "groups": [
      1
    ],
    "user_permissions": []
  }
},
{
  "model": "auth.user",
  "pk": 9,
  "fields": {
    "password": "pbkdf2_sha256$1000000$LbeN86dF1SDT7JwVNiInB2$18dEn2q00khoW0anAv5ZaH97SIW+T1Hpn8WiD4rDsJI=",
    "last_login": "2025-06-18T20:24:54.162Z",
    "is_superuser": false,
    "username": "Test Ventas",
    "first_name": "",
    "last_name": "",
    "email": "ventas@gmail.com.ar",
    "is_staff": false,
    "is_active": true,
    "date_joined": "2025-06-18T20:24:22.402Z",
    "groups": [
      2
    ],
    "user_permissions": []
  }
},
{
  "model": "contenttypes.contenttype",
  "pk": 1,
  "fields": {
    "app_label": "admin",
    "model": "logentry"
  }
},
{
  "model": "contenttypes.contenttype",
  "pk": 2,
  "fields": {
    "app_label": "auth",
    "model": "permission"
  }
},
{
  "model": "contenttypes.contenttype",
  "pk": 3,
  "fields": {
    "app_label": "auth",
    "model": "group"
  }
},
{
  "model": "contenttypes.contenttype",
  "pk": 4,
  "fields": {
    "app_label": "auth",
    "model": "user"
  }
},
{
  "model": "contenttypes.contenttype",
  "pk": 5,
  "fields": {
    "app_label": "contenttypes",
    "model": "contenttype"
  }
},
{
  "model": "contenttypes.contenttype",
  "pk": 6,
  "fields": {
    "app_label": "sessions",
    "model": "session"
  }
},
{
  "model": "contenttypes.contenttype",
  "pk": 7,
  "fields": {
    "app_label": "App_LUMINOVA",
    "model": "categoriainsumo"
  }
},
{
  "model": "contenttypes.contenttype",
  "pk": 8,
  "fields": {
    "app_label": "App_LUMINOVA",
    "model": "categoriaproductoterminado"
  }
},
{
  "model": "contenttypes.contenttype",
  "pk": 9,
  "fields": {
    "app_label": "App_LUMINOVA",
    "model": "cliente"
  }
},
{
  "model": "contenttypes.contenttype",
  "pk": 10,
  "fields": {
    "app_label": "App_LUMINOVA",
    "model": "estadoorden"
  }
},
{
  "model": "contenttypes.contenttype",
  "pk": 11,
  "fields": {
    "app_label": "App_LUMINOVA",
    "model": "proveedor"
  }
},
{
  "model": "contenttypes.contenttype",
  "pk": 12,
  "fields": {
    "app_label": "App_LUMINOVA",
    "model": "sectorasignado"
  }
},
{
  "model": "contenttypes.contenttype",
  "pk": 13,
  "fields": {
    "app_label": "App_LUMINOVA",
    "model": "auditoriaacceso"
  }
},
{
  "model": "contenttypes.contenttype",
  "pk": 14,
  "fields": {
    "app_label": "App_LUMINOVA",
    "model": "insumo"
  }
},
{
  "model": "contenttypes.contenttype",
  "pk": 15,
  "fields": {
    "app_label": "App_LUMINOVA",
    "model": "ordenventa"
  }
},
{
  "model": "contenttypes.contenttype",
  "pk": 16,
  "fields": {
    "app_label": "App_LUMINOVA",
    "model": "factura"
  }
},
{
  "model": "contenttypes.contenttype",
  "pk": 17,
  "fields": {
    "app_label": "App_LUMINOVA",
    "model": "productoterminado"
  }
},
{
  "model": "contenttypes.contenttype",
  "pk": 18,
  "fields": {
    "app_label": "App_LUMINOVA",
    "model": "ordenproduccion"
  }
},
{
  "model": "contenttypes.contenttype",
  "pk": 19,
  "fields": {
    "app_label": "App_LUMINOVA",
    "model": "itemordenventa"
  }
},
{
  "model": "contenttypes.contenttype",
  "pk": 20,
  "fields": {
    "app_label": "App_LUMINOVA",
    "model": "reportes"
  }
},
{
  "model": "contenttypes.contenttype",
  "pk": 21,
  "fields": {
    "app_label": "App_LUMINOVA",
    "model": "roldescripcion"
  }
},
{
  "model": "contenttypes.contenttype",
  "pk": 22,
  "fields": {
    "app_label": "App_LUMINOVA",
    "model": "componenteproducto"
  }
},
{
  "model": "contenttypes.contenttype",
  "pk": 23,
  "fields": {
    "app_label": "App_LUMINOVA",
    "model": "orden"
  }
},
{
  "model": "contenttypes.contenttype",
  "pk": 24,
  "fields": {
    "app_label": "App_LUMINOVA",
    "model": "fabricante"
  }
},
{
  "model": "contenttypes.contenttype",
  "pk": 25,
  "fields": {
    "app_label": "App_LUMINOVA",
    "model": "ofertaproveedor"
  }
},
{
  "model": "contenttypes.contenttype",
  "pk": 26,
  "fields": {
    "app_label": "App_LUMINOVA",
    "model": "loteproductoterminado"
  }
},
{
  "model": "contenttypes.contenttype",
  "pk": 27,
  "fields": {
    "app_label": "App_LUMINOVA",
    "model": "historialov"
  }
},
{
  "model": "contenttypes.contenttype",
  "pk": 28,
  "fields": {
    "app_label": "App_LUMINOVA",
    "model": "passwordchangerequired"
  }
},
{
  "model": "sessions.session",
  "pk": "0uylen084ut5ywi4lbo35lxd2p29fvg6",
  "fields": {
    "session_data": ".eJxVjMEOwiAQRP-FsyELFCgevfsNZFlWqRqalPZk_Hdp0oMeZ96beYuI21ri1niJUxZnocTpt0tIT647yA-s91nSXNdlSnJX5EGbvM6ZX5fD_Tso2Epfo4XBZgLFBsmQU94xgNOQ1JCDVdZb7sYIZtQh3Jw2RD1T0lp104vPF7hONmM:1uJwe1:k6HLLv7PZv_A-4lrOvIWUuhi9pLRXGOYigUMLcSXkkc",
    "expire_date": "2025-06-10T15:55:13.988Z"
  }
},
{
  "model": "sessions.session",
  "pk": "1ojy1a7qgnt72304p3qobwwed2zr032q",
  "fields": {
    "session_data": ".eJxVjMEOwiAQRP-FsyELFCgevfsNZFlWqRqalPZk_Hdp0oMeZ96beYuI21ri1niJUxZnocTpt0tIT647yA-s91nSXNdlSnJX5EGbvM6ZX5fD_Tso2Epfo4XBZgLFBsmQU94xgNOQ1JCDVdZb7sYIZtQh3Jw2RD1T0lp104vPF7hONmM:1uJxbh:XnDxTSWdEIngv6u2gtJf4c0ObFd48vVyRVffHGnbJK8",
    "expire_date": "2025-06-10T16:56:53.186Z"
  }
},
{
  "model": "sessions.session",
  "pk": "2m8o4aaqev0f2s7ffhb5cb20eyyxlmg0",
  "fields": {
    "session_data": ".eJxVjMEOwiAQRP-FsyELFCgevfsNZFlWqRqalPZk_Hdp0oMeZ96beYuI21ri1niJUxZnocTpt0tIT647yA-s91nSXNdlSnJX5EGbvM6ZX5fD_Tso2Epfo4XBZgLFBsmQU94xgNOQ1JCDVdZb7sYIZtQh3Jw2RD1T0lp104vPF7hONmM:1uJfGI:0AuKK0CeGRT6sNARrpS-sfjcM8ZPo5e-0aXYRDLfqUs",
    "expire_date": "2025-06-09T21:21:34.807Z"
  }
},
{
  "model": "sessions.session",
  "pk": "69mzo5tesqk0we0q2nu8ldsrvnup6bzb",
  "fields": {
    "session_data": ".eJxVjMEOwiAQRP-FsyELFCgevfsNZFlWqRqalPZk_Hdp0oMeZ96beYuI21ri1niJUxZnocTpt0tIT647yA-s91nSXNdlSnJX5EGbvM6ZX5fD_Tso2Epfo4XBZgLFBsmQU94xgNOQ1JCDVdZb7sYIZtQh3Jw2RD1T0lp104vPF7hONmM:1uRzfa:JzP_TawLO0Iz9IvTsuVRRtJS4NsFGDbGe5fNIH9m-0A",
    "expire_date": "2025-07-02T20:46:06.999Z"
  }
},
{
  "model": "sessions.session",
  "pk": "6c1ce459ilo12sbtuvmj0yu95mpzg9gy",
  "fields": {
    "session_data": ".eJxVjEEOwiAQRe_C2hAGOpS6dO8ZyDBMpWpoUtqV8e7apAvd_vfef6lI21ri1mSJU1ZnFdTpd0vED6k7yHeqt1nzXNdlSnpX9EGbvs5ZnpfD_Tso1Mq3JgAxOJqQfR9sh4HRcyaxbIkzMLIbyQxgBByaHtB49HZwnmxyqSP1_gDdZjdU:1uRhbD:7TdRHjlhaOWMBVSE1NlTs-0VEmUAz-aCdaqIqNBGxac",
    "expire_date": "2025-07-02T01:28:23.269Z"
  }
},
{
  "model": "sessions.session",
  "pk": "6vfvlo7lp75vokhlz6tp1j4pxc1aatoq",
  "fields": {
    "session_data": ".eJxVjMEOwiAQRP-FsyELFCgevfsNZFlWqRqalPZk_Hdp0oMeZ96beYuI21ri1niJUxZnocTpt0tIT647yA-s91nSXNdlSnJX5EGbvM6ZX5fD_Tso2Epfo4XBZgLFBsmQU94xgNOQ1JCDVdZb7sYIZtQh3Jw2RD1T0lp104vPF7hONmM:1uIxPJ:8izatV7a5HwsZXvmjVgwYh202EcT4knSiLkyoUKPeyU",
    "expire_date": "2025-06-07T22:31:57.027Z"
  }
},
{
  "model": "sessions.session",
  "pk": "7hc3a18yolqa7dp91r52pi6kotd7o9yy",
  "fields": {
    "session_data": ".eJxVjMEOwiAQRP-FsyELFCgevfsNZFlWqRqalPZk_Hdp0oMeZ96beYuI21ri1niJUxZnocTpt0tIT647yA-s91nSXNdlSnJX5EGbvM6ZX5fD_Tso2Epfo4XBZgLFBsmQU94xgNOQ1JCDVdZb7sYIZtQh3Jw2RD1T0lp104vPF7hONmM:1uRPRL:8RrASfQiAwsQq_dQCi-8laQghdaGkgDwDI_7gNFiIQM",
    "expire_date": "2025-07-01T06:04:59.657Z"
  }
},
{
  "model": "sessions.session",
  "pk": "9nhlpctrsbxxjb88r5a7242c1jvsvbiq",
  "fields": {
    "session_data": ".eJxVjMEOwiAQRP-FsyELFCgevfsNZFlWqRqalPZk_Hdp0oMeZ96beYuI21ri1niJUxZnocTpt0tIT647yA-s91nSXNdlSnJX5EGbvM6ZX5fD_Tso2Epfo4XBZgLFBsmQU94xgNOQ1JCDVdZb7sYIZtQh3Jw2RD1T0lp104vPF7hONmM:1uS19p:2aYa10R-FWM4hxBDXGyPvYmI6RT1d504oGu0S6HxyUI",
    "expire_date": "2025-07-02T22:21:25.560Z"
  }
},
{
  "model": "sessions.session",
  "pk": "a0xx1gezhmq2osjjhl36o7m77b6405eg",
  "fields": {
    "session_data": ".eJxVjMEOwiAQRP-FsyELFCgevfsNZFlWqRqalPZk_Hdp0oMeZ96beYuI21ri1niJUxZnocTpt0tIT647yA-s91nSXNdlSnJX5EGbvM6ZX5fD_Tso2Epfo4XBZgLFBsmQU94xgNOQ1JCDVdZb7sYIZtQh3Jw2RD1T0lp104vPF7hONmM:1uSkCV:h7qOhjZxXoGiCjX1drhNFiJ9vQBivIlqMxbdRD-0Lxs",
    "expire_date": "2025-07-04T22:27:11.584Z"
  }
},
{
  "model": "sessions.session",
  "pk": "b17d7wdeibmlhlu7op0hfk25p06p9vqi",
  "fields": {
    "session_data": ".eJxVjMEOwiAQRP-FsyELFCgevfsNZFlWqRqalPZk_Hdp0oMeZ96beYuI21ri1niJUxZnocTpt0tIT647yA-s91nSXNdlSnJX5EGbvM6ZX5fD_Tso2Epfo4XBZgLFBsmQU94xgNOQ1JCDVdZb7sYIZtQh3Jw2RD1T0lp104vPF7hONmM:1uSgTd:QJffT-qhPdodiSxualYSR2V30zSG43L0Ye4-zBZlPXQ",
    "expire_date": "2025-07-04T18:28:37.722Z"
  }
},
{
  "model": "sessions.session",
  "pk": "b9kc1wezp78l3fiigstri16o26oe9suf",
  "fields": {
    "session_data": ".eJxVjMEOwiAQRP-FsyELFCgevfsNZFlWqRqalPZk_Hdp0oMeZ96beYuI21ri1niJUxZnocTpt0tIT647yA-s91nSXNdlSnJX5EGbvM6ZX5fD_Tso2Epfo4XBZgLFBsmQU94xgNOQ1JCDVdZb7sYIZtQh3Jw2RD1T0lp104vPF7hONmM:1uK0ow:A1hUBf82IfatlgM5Iz2K5Es64N8PQ5JuihtwFSo93VI",
    "expire_date": "2025-06-10T20:22:46.818Z"
  }
},
{
  "model": "sessions.session",
  "pk": "czgtg0tcbm2sza9rjam3ou0zcc4bi65s",
  "fields": {
    "session_data": ".eJxVjMEOwiAQRP-FsyELFCgevfsNZFlWqRqalPZk_Hdp0oMeZ96beYuI21ri1niJUxZnocTpt0tIT647yA-s91nSXNdlSnJX5EGbvM6ZX5fD_Tso2Epfo4XBZgLFBsmQU94xgNOQ1JCDVdZb7sYIZtQh3Jw2RD1T0lp104vPF7hONmM:1uSZM8:0Rl45fDPspAEp5OgrwrKkD9gQG18Gq0obgn0FUA6PqQ",
    "expire_date": "2025-07-04T10:52:24.227Z"
  }
},
{
  "model": "sessions.session",
  "pk": "djxza0hmxc56csgsu2482xt4zhiiledr",
  "fields": {
    "session_data": ".eJxVjMEOwiAQRP-FsyELFCgevfsNZFlWqRqalPZk_Hdp0oMeZ96beYuI21ri1niJUxZnocTpt0tIT647yA-s91nSXNdlSnJX5EGbvM6ZX5fD_Tso2Epfo4XBZgLFBsmQU94xgNOQ1JCDVdZb7sYIZtQh3Jw2RD1T0lp104vPF7hONmM:1uSamS:XkyUpY5VMKbabn15L4ZchnuIwrDU7d6G3BktD1xL9sQ",
    "expire_date": "2025-07-04T12:23:40.608Z"
  }
},
{
  "model": "sessions.session",
  "pk": "fc8rht71kvdv4ncu4f1c66bvdnhn37li",
  "fields": {
    "session_data": ".eJxVjMEOwiAQRP-FsyELFCgevfsNZFlWqRqalPZk_Hdp0oMeZ96beYuI21ri1niJUxZnocTpt0tIT647yA-s91nSXNdlSnJX5EGbvM6ZX5fD_Tso2Epfo4XBZgLFBsmQU94xgNOQ1JCDVdZb7sYIZtQh3Jw2RD1T0lp104vPF7hONmM:1uXmnL:E3VdpYFc-Hx9M23hzTNvGT3dHkZuM_didrpbBsUW5IE",
    "expire_date": "2025-07-18T20:14:03.417Z"
  }
},
{
  "model": "sessions.session",
  "pk": "ikhg72coot651tt89n2mayolgx9rddu8",
  "fields": {
    "session_data": ".eJxVjMEOwiAQRP-FsyELFCgevfsNZFlWqRqalPZk_Hdp0oMeZ96beYuI21ri1niJUxZnocTpt0tIT647yA-s91nSXNdlSnJX5EGbvM6ZX5fD_Tso2Epfo4XBZgLFBsmQU94xgNOQ1JCDVdZb7sYIZtQh3Jw2RD1T0lp104vPF7hONmM:1uQBph:pjaUbtSIHh96vuRq5cw1C1MDe2fp817f2_V9mAQCNNU",
    "expire_date": "2025-06-27T21:21:05.824Z"
  }
},
{
  "model": "sessions.session",
  "pk": "lt69nsamrcplxxmyobsz70c6f13vldjc",
  "fields": {
    "session_data": ".eJxVjMEOwiAQRP-FsyELFCgevfsNZFlWqRqalPZk_Hdp0oMeZ96beYuI21ri1niJUxZnocTpt0tIT647yA-s91nSXNdlSnJX5EGbvM6ZX5fD_Tso2Epfo4XBZgLFBsmQU94xgNOQ1JCDVdZb7sYIZtQh3Jw2RD1T0lp104vPF7hONmM:1uQYYF:nYpG-kTgMp_kxd6KGbZ-h1-lZ1HGUQqT4jpUSRCMFdE",
    "expire_date": "2025-06-28T21:36:35.482Z"
  }
},
{
  "model": "sessions.session",
  "pk": "m1om443t6rgr1cmkapi27r21ewmfrb28",
  "fields": {
    "session_data": ".eJxVjMEOwiAQRP-FsyELFCgevfsNZFlWqRqalPZk_Hdp0oMeZ96beYuI21ri1niJUxZnocTpt0tIT647yA-s91nSXNdlSnJX5EGbvM6ZX5fD_Tso2Epfo4XBZgLFBsmQU94xgNOQ1JCDVdZb7sYIZtQh3Jw2RD1T0lp104vPF7hONmM:1uJzk5:CyfJNaYiVGoWlRA-wLRiQGS-WHs5N5mgwq7Zh9j-NM8",
    "expire_date": "2025-06-10T19:13:41.508Z"
  }
},
{
  "model": "sessions.session",
  "pk": "nhmgfsumnxuwbpa4sgoolkqq55kachx6",
  "fields": {
    "session_data": ".eJxVjMEOwiAQRP-FsyELFCgevfsNZFlWqRqalPZk_Hdp0oMeZ96beYuI21ri1niJUxZnocTpt0tIT647yA-s91nSXNdlSnJX5EGbvM6ZX5fD_Tso2Epfo4XBZgLFBsmQU94xgNOQ1JCDVdZb7sYIZtQh3Jw2RD1T0lp104vPF7hONmM:1uMFNq:4EF95b2RPKrtLnlJ7vxYDIjmqcYU9Jf2t2zTG6kei3A",
    "expire_date": "2025-06-17T00:20:02.520Z"
  }
},
{
  "model": "sessions.session",
  "pk": "opaxhq2mn95tiawaz4r5tp9bezx1dqhc",
  "fields": {
    "session_data": ".eJxVjMEOwiAQRP-FsyELFCgevfsNZFlWqRqalPZk_Hdp0oMeZ96beYuI21ri1niJUxZnocTpt0tIT647yA-s91nSXNdlSnJX5EGbvM6ZX5fD_Tso2Epfo4XBZgLFBsmQU94xgNOQ1JCDVdZb7sYIZtQh3Jw2RD1T0lp104vPF7hONmM:1uSjrK:A6Csb54WnRpI8e94a1gh7m6i5CrVmwhpQ3m3pqjLbcE",
    "expire_date": "2025-07-04T22:05:18.518Z"
  }
},
{
  "model": "sessions.session",
  "pk": "sspbw4fys2ightm71vnmlr96pu5rn3mq",
  "fields": {
    "session_data": ".eJxVjMEOwiAQRP-FsyELFCgevfsNZFlWqRqalPZk_Hdp0oMeZ96beYuI21ri1niJUxZnocTpt0tIT647yA-s91nSXNdlSnJX5EGbvM6ZX5fD_Tso2Epfo4XBZgLFBsmQU94xgNOQ1JCDVdZb7sYIZtQh3Jw2RD1T0lp104vPF7hONmM:1uRDLh:AT2caEO0sFAerYAXuQv-Zz342EsKc9-umbAA8PlE96s",
    "expire_date": "2025-06-30T17:10:21.575Z"
  }
},
{
  "model": "sessions.session",
  "pk": "up5tv2i0d1z03oz0pzeb6d9malsty5h8",
  "fields": {
    "session_data": ".eJxVjMEOwiAQRP-FsyELFCgevfsNZFlWqRqalPZk_Hdp0oMeZ96beYuI21ri1niJUxZnocTpt0tIT647yA-s91nSXNdlSnJX5EGbvM6ZX5fD_Tso2Epfo4XBZgLFBsmQU94xgNOQ1JCDVdZb7sYIZtQh3Jw2RD1T0lp104vPF7hONmM:1uRtpF:UkQtK8KvD3BramV1M7GfBD21CtWby0TjurAyiE7uBvI",
    "expire_date": "2025-07-02T14:31:41.903Z"
  }
},
{
  "model": "sessions.session",
  "pk": "zmfgqh1t602gq4wo1o6loirbi79wdkjl",
  "fields": {
    "session_data": ".eJxVjMEOwiAQRP-FsyELFCgevfsNZFlWqRqalPZk_Hdp0oMeZ96beYuI21ri1niJUxZnocTpt0tIT647yA-s91nSXNdlSnJX5EGbvM6ZX5fD_Tso2Epfo4XBZgLFBsmQU94xgNOQ1JCDVdZb7sYIZtQh3Jw2RD1T0lp104vPF7hONmM:1uQXSp:edF6Iq0EjV_H09p_Enfhj0ioRaheTbimvSozX48abBw",
    "expire_date": "2025-06-28T20:26:55.561Z"
  }
},
{
  "model": "App_LUMINOVA.categoriaproductoterminado",
  "pk": 1,
  "fields": {
    "nombre": "Iluminación General",
    "imagen": "categorias_productos/ilum-general_5TfkQfl.jpg"
  }
},
{
  "model": "App_LUMINOVA.categoriaproductoterminado",
  "pk": 4,
  "fields": {
    "nombre": "Downlight LED empotrable",
    "imagen": "categorias_productos/Downlight_Empotrable.webp"
  }
},
{
  "model": "App_LUMINOVA.categoriaproductoterminado",
  "pk": 5,
  "fields": {
    "nombre": "Panel LED de techo integrado",
    "imagen": "categorias_productos/panel_led_de_techo.jpg"
  }
},
{
  "model": "App_LUMINOVA.categoriaproductoterminado",
  "pk": 6,
  "fields": {
    "nombre": "Luminaria lineal para barra de luz",
    "imagen": "categorias_productos/luminaria_lineal_para_barra.jpg"
  }
},
{
  "model": "App_LUMINOVA.categoriaproductoterminado",
  "pk": 7,
  "fields": {
    "nombre": "Luminaria de acento con control DALI",
    "imagen": "categorias_productos/Luminaria_de_acento_con_control_DALI.jpg"
  }
},
{
  "model": "App_LUMINOVA.categoriaproductoterminado",
  "pk": 8,
  "fields": {
    "nombre": "Luminaria de calle o alumbrado público",
    "imagen": "categorias_productos/Luminaria_de_calle_o_alumbrado_público.jpg"
  }
},
{
  "model": "App_LUMINOVA.categoriaproductoterminado",
  "pk": 9,
  "fields": {
    "nombre": "Lámpara de escritorio LED regulable",
    "imagen": "categorias_productos/Lámpara_de_escritorio_LED_regulable.webp"
  }
},
{
  "model": "App_LUMINOVA.categoriaproductoterminado",
  "pk": 10,
  "fields": {
    "nombre": "Iluminación decorativa con tiras LED",
    "imagen": "categorias_productos/Iluminación_decorativa_con_tiras_LED.jpg"
  }
},
{
  "model": "App_LUMINOVA.productoterminado",
  "pk": 1,
  "fields": {
    "descripcion": "Lámpara LED Estándar",
    "categoria": 1,
    "precio_unitario": "0.02",
    "stock": 2187,
    "modelo": "S5050",
    "potencia": 12,
    "acabado": "Blanco",
    "color_luz": "Blanca",
    "material": "PVC",
    "imagen": "productos_terminados/lampara_estandard_Yu0DuQC.jpg"
  }
},
{
  "model": "App_LUMINOVA.productoterminado",
  "pk": 2,
  "fields": {
    "descripcion": "Downlight LED empotrable",
    "categoria": 4,
    "precio_unitario": "30.00",
    "stock": 0,
    "modelo": "DL-DALI01",
    "potencia": 15,
    "acabado": "Blanco",
    "color_luz": "1000 Luz Fria",
    "material": "PVC",
    "imagen": "productos_terminados/Downlight_Empotrable.webp"
  }
},
{
  "model": "App_LUMINOVA.productoterminado",
  "pk": 3,
  "fields": {
    "descripcion": "Iluminación decorativa con tiras LED para exterior",
    "categoria": 10,
    "precio_unitario": "520.00",
    "stock": 2,
    "modelo": "HG-560",
    "potencia": 12,
    "acabado": "Blanco",
    "color_luz": "1000 Luz Fria",
    "material": "PVC",
    "imagen": "productos_terminados/Iluminación_decorativa_con_tiras_LED.jpg"
  }
},
{
  "model": "App_LUMINOVA.productoterminado",
  "pk": 4,
  "fields": {
    "descripcion": "Panel LED de techo Negro",
    "categoria": 5,
    "precio_unitario": "420.00",
    "stock": 4,
    "modelo": "FP-312",
    "potencia": 24,
    "acabado": "Negro Mate",
    "color_luz": "1000 Luz Fria",
    "material": "Aluminio",
    "imagen": "productos_terminados/panel_led_de_techo.jpg"
  }
},
{
  "model": "App_LUMINOVA.productoterminado",
  "pk": 5,
  "fields": {
    "descripcion": "Luminaria lineal de barra Negro",
    "categoria": 6,
    "precio_unitario": "530.00",
    "stock": 2,
    "modelo": "DG-2109",
    "potencia": 12,
    "acabado": "Negro Mate",
    "color_luz": "1000 Luz Fria",
    "material": "Aluminio",
    "imagen": "productos_terminados/luminaria_lineal_para_barra.jpg"
  }
},
{
  "model": "App_LUMINOVA.productoterminado",
  "pk": 6,
  "fields": {
    "descripcion": "Luminaria de acento con control Negro",
    "categoria": 7,
    "precio_unitario": "700.00",
    "stock": 3,
    "modelo": "AO-1203",
    "potencia": 24,
    "acabado": "Negro Mate",
    "color_luz": "3000K Cálida",
    "material": "PVC",
    "imagen": "productos_terminados/Luminaria_de_acento_con_control_DALI.jpg"
  }
},
{
  "model": "App_LUMINOVA.productoterminado",
  "pk": 7,
  "fields": {
    "descripcion": "Luminaria de alumbrado público Negro de LED Blanco",
    "categoria": 8,
    "precio_unitario": "1000.00",
    "stock": 6,
    "modelo": "FC-0921",
    "potencia": 21,
    "acabado": "Negro Mate",
    "color_luz": "1000 Luz Fria",
    "material": "PVC",
    "imagen": "productos_terminados/Luminaria_de_calle_o_alumbrado_público.jpg"
  }
},
{
  "model": "App_LUMINOVA.productoterminado",
  "pk": 8,
  "fields": {
    "descripcion": "Lámpara de escritorio LED regulable",
    "categoria": 9,
    "precio_unitario": "840.00",
    "stock": 5,
    "modelo": "GC-0482",
    "potencia": 12,
    "acabado": "Negro Mate",
    "color_luz": "1000 Luz Fria",
    "material": "Aluminio",
    "imagen": "productos_terminados/Lámpara_de_escritorio_LED_regulable.webp"
  }
},
{
  "model": "App_LUMINOVA.categoriainsumo",
  "pk": 1,
  "fields": {
    "nombre": "Módulos Led",
    "imagen": "categorias_insumos/01_YsWQxN7.webp"
  }
},
{
  "model": "App_LUMINOVA.categoriainsumo",
  "pk": 2,
  "fields": {
    "nombre": "Porta Led Cob",
    "imagen": "categorias_insumos/WhatsApp_Image_2025-05-22_at_11_v73cxwD.03.26_AM.jpeg"
  }
},
{
  "model": "App_LUMINOVA.categoriainsumo",
  "pk": 3,
  "fields": {
    "nombre": "Lentes para Iluminación Led",
    "imagen": "categorias_insumos/Lente_para_Iluminacion_LED2.webp"
  }
},
{
  "model": "App_LUMINOVA.categoriainsumo",
  "pk": 4,
  "fields": {
    "nombre": "Disipadores de Calor para LED",
    "imagen": "categorias_insumos/disipador_1.webp"
  }
},
{
  "model": "App_LUMINOVA.categoriainsumo",
  "pk": 5,
  "fields": {
    "nombre": "CLS Drivers LED",
    "imagen": "categorias_insumos/cls_driver_1.webp"
  }
},
{
  "model": "App_LUMINOVA.categoriainsumo",
  "pk": 7,
  "fields": {
    "nombre": "Reflectores de LED",
    "imagen": "categorias_insumos/ref_led_4.jpg"
  }
},
{
  "model": "App_LUMINOVA.categoriainsumo",
  "pk": 8,
  "fields": {
    "nombre": "Cables para Iluminación LED",
    "imagen": "categorias_insumos/cable_2.jpg"
  }
},
{
  "model": "App_LUMINOVA.categoriainsumo",
  "pk": 9,
  "fields": {
    "nombre": "Conectores para Iluminación",
    "imagen": "categorias_insumos/cone_1.png"
  }
},
{
  "model": "App_LUMINOVA.categoriainsumo",
  "pk": 10,
  "fields": {
    "nombre": "Conectores y Módulos para Alumbrado Público",
    "imagen": "categorias_insumos/cym_2.webp"
  }
},
{
  "model": "App_LUMINOVA.categoriainsumo",
  "pk": 11,
  "fields": {
    "nombre": "Fuentes de Alimentación para LED",
    "imagen": "categorias_insumos/fuente_3.webp"
  }
},
{
  "model": "App_LUMINOVA.categoriainsumo",
  "pk": 12,
  "fields": {
    "nombre": "Iluminación LED en Tiras y Cintas",
    "imagen": "categorias_insumos/tira_4.webp"
  }
},
{
  "model": "App_LUMINOVA.categoriainsumo",
  "pk": 13,
  "fields": {
    "nombre": "LED COB",
    "imagen": "categorias_insumos/led_cob_1.webp"
  }
},
{
  "model": "App_LUMINOVA.categoriainsumo",
  "pk": 14,
  "fields": {
    "nombre": "Lentes de Alto Brillo",
    "imagen": "categorias_insumos/lab_1.webp"
  }
},
{
  "model": "App_LUMINOVA.categoriainsumo",
  "pk": 15,
  "fields": {
    "nombre": "Sistema de Control de Iluminacion LED",
    "imagen": "categorias_insumos/cci_4.webp"
  }
},
{
  "model": "App_LUMINOVA.categoriainsumo",
  "pk": 16,
  "fields": {
    "nombre": "Soporte para Matriz LED",
    "imagen": "categorias_insumos/sop_1.webp"
  }
},
{
  "model": "App_LUMINOVA.proveedor",
  "pk": 3,
  "fields": {
    "nombre": "Newark",
    "contacto": "newark@newark.com",
    "telefono": "+1 925-583-8452",
    "email": "newark@newark.com"
  }
},
{
  "model": "App_LUMINOVA.proveedor",
  "pk": 7,
  "fields": {
    "nombre": "Arrow Electronics",
    "contacto": "newark@newark.com",
    "telefono": "+1 925-583-8452",
    "email": "aovejero@lumitech.com.ar"
  }
},
{
  "model": "App_LUMINOVA.proveedor",
  "pk": 8,
  "fields": {
    "nombre": "Alibaba",
    "contacto": "Pepe Alibaba",
    "telefono": "+1 925-583-8452",
    "email": "alibaba@gmail.com"
  }
},
{
  "model": "App_LUMINOVA.proveedor",
  "pk": 9,
  "fields": {
    "nombre": "Osram",
    "contacto": "Juan Osram",
    "telefono": "+1 925-583-8452",
    "email": "osram@osram.com"
  }
},
{
  "model": "App_LUMINOVA.proveedor",
  "pk": 10,
  "fields": {
    "nombre": "Bridgelux",
    "contacto": "Lucas Bridgelux",
    "telefono": "+1 925-583-8452",
    "email": "bridgelux@gmail.com"
  }
},
{
  "model": "App_LUMINOVA.proveedor",
  "pk": 11,
  "fields": {
    "nombre": "Standard",
    "contacto": "Osvaldo Standard",
    "telefono": "+1 925-583-8452",
    "email": "standard@standard.com"
  }
},
{
  "model": "App_LUMINOVA.proveedor",
  "pk": 12,
  "fields": {
    "nombre": "Element14",
    "contacto": "Roberto Element14",
    "telefono": "+1 925-583-8452",
    "email": "element14@gmail.com"
  }
},
{
  "model": "App_LUMINOVA.proveedor",
  "pk": 13,
  "fields": {
    "nombre": "DigiKey",
    "contacto": "Franco DigiKey",
    "telefono": "+1 925-583-8452",
    "email": "digiKey@gmail.com"
  }
},
{
  "model": "App_LUMINOVA.proveedor",
  "pk": 14,
  "fields": {
    "nombre": "Mouser",
    "contacto": "Mauro Mouser",
    "telefono": "+1 925-583-8452",
    "email": "mouser@gmail.com"
  }
},
{
  "model": "App_LUMINOVA.fabricante",
  "pk": 1,
  "fields": {
    "nombre": "Newark",
    "contacto": "newark@newark.com",
    "telefono": "+1 925-583-8452",
    "email": "newark@newark.com"
  }
},
{
  "model": "App_LUMINOVA.fabricante",
  "pk": 2,
  "fields": {
    "nombre": "Osram",
    "contacto": "Juan Osram",
    "telefono": "+1 925-583-8452",
    "email": "osram@osram.com"
  }
},
{
  "model": "App_LUMINOVA.fabricante",
  "pk": 3,
  "fields": {
    "nombre": "Alibaba",
    "contacto": "Pepe Alibaba",
    "telefono": "+1 925-583-8452",
    "email": "alibaba@gmail.com"
  }
},
{
  "model": "App_LUMINOVA.fabricante",
  "pk": 4,
  "fields": {
    "nombre": "Bridgelux",
    "contacto": "Lucas Bridgelux",
    "telefono": "+1 925-583-8452",
    "email": "bridgelux@gmail.com"
  }
},
{
  "model": "App_LUMINOVA.fabricante",
  "pk": 5,
  "fields": {
    "nombre": "Standard",
    "contacto": "Osvaldo Standard",
    "telefono": "+1 925-583-8452",
    "email": "standard@standard.com"
  }
},
{
  "model": "App_LUMINOVA.fabricante",
  "pk": 6,
  "fields": {
    "nombre": "Arrow",
    "contacto": "Olverio Arrow",
    "telefono": "+1 925-583-8452",
    "email": "arrow@gmail.com"
  }
},
{
  "model": "App_LUMINOVA.fabricante",
  "pk": 7,
  "fields": {
    "nombre": "Element14",
    "contacto": "Roberto",
    "telefono": "+1 925-583-8452",
    "email": "element14@gmail.com"
  }
},
{
  "model": "App_LUMINOVA.fabricante",
  "pk": 8,
  "fields": {
    "nombre": "DigiKey",
    "contacto": "Franco DigiKey",
    "telefono": "+1 925-583-8452",
    "email": "digiKey@gmail.com"
  }
},
{
  "model": "App_LUMINOVA.fabricante",
  "pk": 9,
  "fields": {
    "nombre": "Mouser",
    "contacto": "Mauro Mouser",
    "telefono": "+1 925-583-8452",
    "email": "mouser@gmail.com"
  }
},
{
  "model": "App_LUMINOVA.fabricante",
  "pk": 10,
  "fields": {
    "nombre": "Dongguan Lenstar Opto",
    "contacto": "Gerardo Dongguan",
    "telefono": "+1 925-583-8452",
    "email": "DLO@gmail.com"
  }
},
{
  "model": "App_LUMINOVA.fabricante",
  "pk": 11,
  "fields": {
    "nombre": "Ideal",
    "contacto": "Ulises Ideal",
    "telefono": "+1 925-583-8452",
    "email": "ideal@gmail.com"
  }
},
{
  "model": "App_LUMINOVA.fabricante",
  "pk": 12,
  "fields": {
    "nombre": "TE Connectivity",
    "contacto": "Jorge Connectivity",
    "telefono": "+1 925-583-8452",
    "email": "TEConn@gmail.com"
  }
},
{
  "model": "App_LUMINOVA.fabricante",
  "pk": 13,
  "fields": {
    "nombre": "STMICROELECTRONICS",
    "contacto": "Mario STM",
    "telefono": "+1 925-583-8452",
    "email": "stm@gmail.com"
  }
},
{
  "model": "App_LUMINOVA.fabricante",
  "pk": 14,
  "fields": {
    "nombre": "Siemens",
    "contacto": "Santiago Siemens",
    "telefono": "+1 925-583-8452",
    "email": "siemens@gmail.com"
  }
},
{
  "model": "App_LUMINOVA.fabricante",
  "pk": 15,
  "fields": {
    "nombre": "FISCHER ELEKTRONIK",
    "contacto": "Federico Fischer",
    "telefono": "+1 925-583-8452",
    "email": "fischer@gmail.com"
  }
},
{
  "model": "App_LUMINOVA.fabricante",
  "pk": 16,
  "fields": {
    "nombre": "DIODES INC.",
    "contacto": "Dario Diodes",
    "telefono": "+1 925-583-8452",
    "email": "diodes@gmail.com"
  }
},
{
  "model": "App_LUMINOVA.fabricante",
  "pk": 17,
  "fields": {
    "nombre": "TEXAS INSTRUMENTS",
    "contacto": "Agustin Texas",
    "telefono": "+1 925-583-8452",
    "email": "texasins@gmail.com"
  }
},
{
  "model": "App_LUMINOVA.fabricante",
  "pk": 18,
  "fields": {
    "nombre": "WAKEFIELD THERMAL",
    "contacto": "Walter WAKEFIELD",
    "telefono": "+1 925-583-8452",
    "email": "wakefield@gmail.com"
  }
},
{
  "model": "App_LUMINOVA.fabricante",
  "pk": 19,
  "fields": {
    "nombre": "Sunon Fans",
    "contacto": "Martin Sunon",
    "telefono": "+1 925-583-8452",
    "email": "sunon@gmail.com"
  }
},
{
  "model": "App_LUMINOVA.fabricante",
  "pk": 20,
  "fields": {
    "nombre": "LEDIL",
    "contacto": "Leandro LEDIL",
    "telefono": "+1 925-583-8452",
    "email": "ledil@gmail.com"
  }
},
{
  "model": "App_LUMINOVA.fabricante",
  "pk": 21,
  "fields": {
    "nombre": "LUMEX",
    "contacto": "Luciano Lumex",
    "telefono": "+1 925-583-8452",
    "email": "lumex@gmail.com"
  }
},
{
  "model": "App_LUMINOVA.fabricante",
  "pk": 22,
  "fields": {
    "nombre": "STEGO",
    "contacto": "Dante STEGO",
    "telefono": "+1 925-583-8452",
    "email": "stego@gmail.com"
  }
},
{
  "model": "App_LUMINOVA.fabricante",
  "pk": 23,
  "fields": {
    "nombre": "CML INNOVATIVE TECHNOLOGIES",
    "contacto": "Lautaro CML",
    "telefono": "+1 925-583-8452",
    "email": "CML@gmail.com"
  }
},
{
  "model": "App_LUMINOVA.fabricante",
  "pk": 24,
  "fields": {
    "nombre": "NVENT HOFFMAN",
    "contacto": "Mauricio NVENT",
    "telefono": "+1 925-583-8452",
    "email": "NVENT@gmail.com"
  }
},
{
  "model": "App_LUMINOVA.fabricante",
  "pk": 25,
  "fields": {
    "nombre": "WAGO",
    "contacto": "Walter Wago",
    "telefono": "+1 925-583-8452",
    "email": "wago@gmail.com"
  }
},
{
  "model": "App_LUMINOVA.fabricante",
  "pk": 26,
  "fields": {
    "nombre": "AMPHENOL COMMUNICATIONS SOLUTIONS",
    "contacto": "AMPHENOL",
    "telefono": "+1 925-583-8452",
    "email": "ACS@gmail.com"
  }
},
{
  "model": "App_LUMINOVA.fabricante",
  "pk": 27,
  "fields": {
    "nombre": "MULTICOMP PRO",
    "contacto": "MULTICOMP PRO",
    "telefono": "+1 925-583-8452",
    "email": "MP@gmail.com"
  }
},
{
  "model": "App_LUMINOVA.fabricante",
  "pk": 28,
  "fields": {
    "nombre": "MEAN WELL",
    "contacto": "MEAN WELL",
    "telefono": "+1 925-583-8452",
    "email": "MW@gmail.com"
  }
},
{
  "model": "App_LUMINOVA.fabricante",
  "pk": 29,
  "fields": {
    "nombre": "TT ELECTRONICS / OPTEK TECHNOLOGY",
    "contacto": "TT ELECTRONICS / OPTEK TECHNOLOGY",
    "telefono": "+1 925-583-8452",
    "email": "TT@gmail.com"
  }
},
{
  "model": "App_LUMINOVA.fabricante",
  "pk": 30,
  "fields": {
    "nombre": "PLAZMO INDUSTRIES",
    "contacto": "PLAZMO INDUSTRIES",
    "telefono": "+1 925-583-8452",
    "email": "plazmo@gmail.com"
  }
},
{
  "model": "App_LUMINOVA.fabricante",
  "pk": 31,
  "fields": {
    "nombre": "CREE LED",
    "contacto": "CREE LED",
    "telefono": "+1 925-583-8452",
    "email": "CL@gmail.com"
  }
},
{
  "model": "App_LUMINOVA.fabricante",
  "pk": 32,
  "fields": {
    "nombre": "DIALIGHT",
    "contacto": "DIALIGHT",
    "telefono": "+1 925-583-8452",
    "email": "DIALIGHT@gmail.com"
  }
},
{
  "model": "App_LUMINOVA.insumo",
  "pk": 2,
  "fields": {
    "descripcion": "Porta LED 50-2204CT",
    "categoria": 2,
    "fabricante": 11,
    "imagen": "insumos/WhatsApp_Image_2025-05-22_at_11_by5Zx3z.03.26_AM.jpeg",
    "stock": 34998,
    "cantidad_en_pedido": 0
  }
},
{
  "model": "App_LUMINOVA.insumo",
  "pk": 3,
  "fields": {
    "descripcion": "LED Lens, 7 LED Optic, Spot, Transparent, 39.9 mm, Round, PMMA (Polymethylmethacrylate) RoHS Compliant: Yes",
    "categoria": 3,
    "fabricante": 20,
    "imagen": "insumos/Lente_para_Iluminacion_LED2.webp",
    "stock": 16993,
    "cantidad_en_pedido": 58010
  }
},
{
  "model": "App_LUMINOVA.insumo",
  "pk": 4,
  "fields": {
    "descripcion": "Disipador de Calor para LED, Anodizado negro, LEDs de Diseño 241;o de CI, Aluminio, 2.3 #176;C/W, 10 mm",
    "categoria": 4,
    "fabricante": 15,
    "imagen": "insumos/disipador_1.webp",
    "stock": 15000,
    "cantidad_en_pedido": 0
  }
},
{
  "model": "App_LUMINOVA.insumo",
  "pk": 5,
  "fields": {
    "descripcion": "Driver LED, Corriente Constante, Entrada:3-5.5V, 16 Salidas, 30 MHz, Salida:20V/100 mA, SOIC-24",
    "categoria": 5,
    "fabricante": 13,
    "imagen": "insumos/cls_driver_1.webp",
    "stock": 21277,
    "cantidad_en_pedido": 0
  }
},
{
  "model": "App_LUMINOVA.insumo",
  "pk": 6,
  "fields": {
    "descripcion": "Módulo LED DOB sin conductor para bombillas, 3-60 vatios, AC220V",
    "categoria": 1,
    "fabricante": 10,
    "imagen": "insumos/Captura_de_pantalla_36.png",
    "stock": 28970,
    "cantidad_en_pedido": 0
  }
},
{
  "model": "App_LUMINOVA.insumo",
  "pk": 8,
  "fields": {
    "descripcion": "Módulo LED, OSCONIQ S 5050 Series, Board + LED, Horti Blanco, 253 lm",
    "categoria": 1,
    "fabricante": 2,
    "imagen": "insumos/Modulo_LED_v0aAc5t.webp",
    "stock": 15998,
    "cantidad_en_pedido": 14523
  }
},
{
  "model": "App_LUMINOVA.insumo",
  "pk": 9,
  "fields": {
    "descripcion": "Módulo LED BXRC-30E10K0-B-73-SE",
    "categoria": 1,
    "fabricante": 4,
    "imagen": "insumos/modulo_led_3.jpg",
    "stock": 14999,
    "cantidad_en_pedido": 1
  }
},
{
  "model": "App_LUMINOVA.insumo",
  "pk": 10,
  "fields": {
    "descripcion": "Siemens 3SU14011BB301AA0 LED Module",
    "categoria": 1,
    "fabricante": 14,
    "imagen": "insumos/modulo_led_4.jpg",
    "stock": 14000,
    "cantidad_en_pedido": 4000
  }
},
{
  "model": "App_LUMINOVA.insumo",
  "pk": 11,
  "fields": {
    "descripcion": "Porta LED 2213254-1",
    "categoria": 2,
    "fabricante": 12,
    "imagen": "insumos/porta_2.jpg",
    "stock": 25000,
    "cantidad_en_pedido": 0
  }
},
{
  "model": "App_LUMINOVA.insumo",
  "pk": 12,
  "fields": {
    "descripcion": "Porta LED 50-2001CR",
    "categoria": 2,
    "fabricante": 11,
    "imagen": "insumos/Captura_de_pantalla_37.png",
    "stock": 27000,
    "cantidad_en_pedido": 0
  }
},
{
  "model": "App_LUMINOVA.insumo",
  "pk": 13,
  "fields": {
    "descripcion": "Driver Led, Reductor, Atenuación 243;n PWM, Entrada:7-30V, Conmutación 243 n:1MHz, Salida:30V/1A, TSOT-23-5",
    "categoria": 5,
    "fabricante": 16,
    "imagen": "insumos/cls_2.webp",
    "stock": 36000,
    "cantidad_en_pedido": 0
  }
},
{
  "model": "App_LUMINOVA.insumo",
  "pk": 14,
  "fields": {
    "descripcion": "LED DRIVER, LINEAR, 1MHZ, VQFN-32",
    "categoria": 5,
    "fabricante": 17,
    "imagen": "insumos/cls_3.jpg",
    "stock": 33999,
    "cantidad_en_pedido": 0
  }
},
{
  "model": "App_LUMINOVA.insumo",
  "pk": 15,
  "fields": {
    "descripcion": "Disipador de Calor para LED, Anodizado negro",
    "categoria": 4,
    "fabricante": 15,
    "imagen": "insumos/disipador_2.webp",
    "stock": 32996,
    "cantidad_en_pedido": 0
  }
},
{
  "model": "App_LUMINOVA.insumo",
  "pk": 16,
  "fields": {
    "descripcion": "Disipador de Calor para LED, DUAL LED Series, SMD LED Arrays, COBs and Driverless AC-LED's",
    "categoria": 4,
    "fabricante": 18,
    "imagen": "insumos/disipador_3.webp",
    "stock": 23000,
    "cantidad_en_pedido": 0
  }
},
{
  "model": "App_LUMINOVA.insumo",
  "pk": 17,
  "fields": {
    "descripcion": "Redondo TDLM LED Fortimo giratorio Disipador térmico",
    "categoria": 4,
    "fabricante": 19,
    "imagen": "insumos/disipador_4.jpg",
    "stock": 22000,
    "cantidad_en_pedido": 0
  }
},
{
  "model": "App_LUMINOVA.insumo",
  "pk": 18,
  "fields": {
    "descripcion": "Lentes y ensambles LED LZ4 LENS NARROW SPOT BEAM",
    "categoria": 3,
    "fabricante": 2,
    "imagen": "insumos/lente_2.webp",
    "stock": 40000,
    "cantidad_en_pedido": 0
  }
},
{
  "model": "App_LUMINOVA.insumo",
  "pk": 19,
  "fields": {
    "descripcion": "Lens With Holder Clear 20° Diffuser Adhesive Tape",
    "categoria": 3,
    "fabricante": 20,
    "imagen": "insumos/lente_3.jpg",
    "stock": 31000,
    "cantidad_en_pedido": 0
  }
},
{
  "model": "App_LUMINOVA.insumo",
  "pk": 20,
  "fields": {
    "descripcion": "Round Optical Lens Clear Polycarbonate Box",
    "categoria": 3,
    "fabricante": 20,
    "imagen": "insumos/lente_4.jpg",
    "stock": 30000,
    "cantidad_en_pedido": 0
  }
},
{
  "model": "App_LUMINOVA.insumo",
  "pk": 21,
  "fields": {
    "descripcion": "CREE XPE/G REFLECTOR, SPOT",
    "categoria": 7,
    "fabricante": 20,
    "imagen": "insumos/ref_led_1.jpg",
    "stock": 29000,
    "cantidad_en_pedido": 0
  }
},
{
  "model": "App_LUMINOVA.insumo",
  "pk": 22,
  "fields": {
    "descripcion": "Reflector LED, Fijación con Pegamento, PC (Policarbonato), 74°, 14.75 mm",
    "categoria": 7,
    "fabricante": 20,
    "imagen": "insumos/ref_led_2.jpg",
    "stock": 34000,
    "cantidad_en_pedido": 0
  }
},
{
  "model": "App_LUMINOVA.insumo",
  "pk": 23,
  "fields": {
    "descripcion": "Reflector LED, Fijación con Tornillos, PC (Policarbonato), 11°, 87.8 mm",
    "categoria": 7,
    "fabricante": 20,
    "imagen": "insumos/ref_led_3.jpg",
    "stock": 31000,
    "cantidad_en_pedido": 0
  }
},
{
  "model": "App_LUMINOVA.insumo",
  "pk": 24,
  "fields": {
    "descripcion": "Reflector LED, Fijación con Tornillos, PC (Policarbonato), 19°, 86.2 mm",
    "categoria": 7,
    "fabricante": 20,
    "imagen": "insumos/ref_led_4.jpg",
    "stock": 17000,
    "cantidad_en_pedido": 0
  }
},
{
  "model": "App_LUMINOVA.insumo",
  "pk": 25,
  "fields": {
    "descripcion": "Ensamble de Cable, Cable Conector L&#237;nea de Poder 12\" para Uso con Barra de Luz LED",
    "categoria": 8,
    "fabricante": 21,
    "imagen": "insumos/Captura_de_pantalla_38.png",
    "stock": 24000,
    "cantidad_en_pedido": 0
  }
},
{
  "model": "App_LUMINOVA.insumo",
  "pk": 26,
  "fields": {
    "descripcion": "Conjunto de Cable, Receptáculo eléctrico, Extremo Libre, 6.5 ft, 2 m, Blanco",
    "categoria": 8,
    "fabricante": 22,
    "imagen": "insumos/cable_2.jpg",
    "stock": 20000,
    "cantidad_en_pedido": 0
  }
},
{
  "model": "App_LUMINOVA.insumo",
  "pk": 27,
  "fields": {
    "descripcion": "Conjunto de Cable, Receptáculo de Compresión a Extremo Libre, 1 ft, 300 mm, Rojo",
    "categoria": 8,
    "fabricante": 23,
    "imagen": "insumos/cable_3.webp",
    "stock": 24996,
    "cantidad_en_pedido": 0
  }
},
{
  "model": "App_LUMINOVA.insumo",
  "pk": 28,
  "fields": {
    "descripcion": "Conjunto de Cable, Conector LED a Extremo Libre, 6.56 ft, 2 m, Negro",
    "categoria": 8,
    "fabricante": 24,
    "imagen": "insumos/cable_4.jpg",
    "stock": 31999,
    "cantidad_en_pedido": 0
  }
},
{
  "model": "App_LUMINOVA.insumo",
  "pk": 29,
  "fields": {
    "descripcion": "Conector de Luz, Tierra Anterior, Posición Central, Serie LUMI-NUTS, 3 Contactos",
    "categoria": 9,
    "fabricante": 25,
    "imagen": "insumos/cone_1.png",
    "stock": 23000,
    "cantidad_en_pedido": 0
  }
},
{
  "model": "App_LUMINOVA.insumo",
  "pk": 30,
  "fields": {
    "descripcion": "Accesorio de Caja, Conector, Luces de Carcasa LED Stego 100-240Vca, Blanco",
    "categoria": 9,
    "fabricante": 22,
    "imagen": "insumos/cone_2.jpg",
    "stock": 30001,
    "cantidad_en_pedido": 0
  }
},
{
  "model": "App_LUMINOVA.insumo",
  "pk": 31,
  "fields": {
    "descripcion": "Conector de Luz, 4 Contactos, Receptáculo eléctrico, 4 mm, Soldable, 1 Líneas",
    "categoria": 9,
    "fabricante": 12,
    "imagen": "insumos/cone_3.webp",
    "stock": 29000,
    "cantidad_en_pedido": 1
  }
},
{
  "model": "App_LUMINOVA.insumo",
  "pk": 32,
  "fields": {
    "descripcion": "LIGHTING CONN, RCPT, 2POS, PCB MOUNT ROHS COMPLIANT: YES",
    "categoria": 9,
    "fabricante": 12,
    "imagen": "insumos/cone_4.webp",
    "stock": 28000,
    "cantidad_en_pedido": 0
  }
},
{
  "model": "App_LUMINOVA.insumo",
  "pk": 33,
  "fields": {
    "descripcion": "CONNECTOR, RECEPTACLE, 7POS",
    "categoria": 10,
    "fabricante": 12,
    "imagen": "insumos/cym_1.webp",
    "stock": 27000,
    "cantidad_en_pedido": 0
  }
},
{
  "model": "App_LUMINOVA.insumo",
  "pk": 34,
  "fields": {
    "descripcion": "Conector para LED de Alumbrado Público, FLB Series, 7 Contactos, Macho, Agujero Pasante",
    "categoria": 10,
    "fabricante": 26,
    "imagen": "insumos/cym_2.webp",
    "stock": 22000,
    "cantidad_en_pedido": 0
  }
},
{
  "model": "App_LUMINOVA.insumo",
  "pk": 35,
  "fields": {
    "descripcion": "WHT PIXEL CLUSTER, 500M, 80CD, 0.14A/12V ROHS COMPLIANT: YES",
    "categoria": 10,
    "fabricante": 27,
    "imagen": "insumos/cym_3.webp",
    "stock": 16000,
    "cantidad_en_pedido": 0
  }
},
{
  "model": "App_LUMINOVA.insumo",
  "pk": 36,
  "fields": {
    "descripcion": "Conector para LED de Alumbrado Público, LUMAWISE Endurance S2 Series, 4 Contactos",
    "categoria": 10,
    "fabricante": 12,
    "imagen": "insumos/cym_4.webp",
    "stock": 18000,
    "cantidad_en_pedido": 0
  }
},
{
  "model": "App_LUMINOVA.insumo",
  "pk": 37,
  "fields": {
    "descripcion": "Driver LED, ITE, 100.8 W, 24 V, 4.2 A, Voltaje Constante, 90 V",
    "categoria": 11,
    "fabricante": 28,
    "imagen": "insumos/fuente_1.webp",
    "stock": 14997,
    "cantidad_en_pedido": 2
  }
},
{
  "model": "App_LUMINOVA.insumo",
  "pk": 38,
  "fields": {
    "descripcion": "Driver LED, ITE, 21 W, 30 V, 700 mA, Corriente Constante, 90 V",
    "categoria": 11,
    "fabricante": 28,
    "imagen": "insumos/fuente_2.webp",
    "stock": 24500,
    "cantidad_en_pedido": 0
  }
},
{
  "model": "App_LUMINOVA.insumo",
  "pk": 39,
  "fields": {
    "descripcion": "Driver LED, ITE, 12 W, 12 V, 1 A, Voltaje Constante, 90 V",
    "categoria": 11,
    "fabricante": 28,
    "imagen": "insumos/fuente_3.webp",
    "stock": 25000,
    "cantidad_en_pedido": 0
  }
},
{
  "model": "App_LUMINOVA.insumo",
  "pk": 40,
  "fields": {
    "descripcion": "Driver LED, ITE, 36 W, 24 V, 1.5 A, Voltaje Constante, 90 V",
    "categoria": 11,
    "fabricante": 28,
    "imagen": "insumos/fuente_4.webp",
    "stock": 21100,
    "cantidad_en_pedido": 0
  }
},
{
  "model": "App_LUMINOVA.insumo",
  "pk": 41,
  "fields": {
    "descripcion": "Tira de LED, 80 mm, 3 LEDs, Blanco, 12 VDC, 1.5 W, IP67",
    "categoria": 12,
    "fabricante": 29,
    "imagen": "insumos/tira_1.webp",
    "stock": 25595,
    "cantidad_en_pedido": 0
  }
},
{
  "model": "App_LUMINOVA.insumo",
  "pk": 42,
  "fields": {
    "descripcion": "Tira de LED, 5 m, 300 LEDs, Blanco, 12 V, 20 W",
    "categoria": 12,
    "fabricante": 30,
    "imagen": "insumos/tira_2.webp",
    "stock": 24700,
    "cantidad_en_pedido": 0
  }
},
{
  "model": "App_LUMINOVA.insumo",
  "pk": 43,
  "fields": {
    "descripcion": "Tira de LED, 480 mm, 60 LEDs, 12 VDC, 5.7 W",
    "categoria": 12,
    "fabricante": 30,
    "imagen": "insumos/tira_3.webp",
    "stock": 28000,
    "cantidad_en_pedido": 0
  }
},
{
  "model": "App_LUMINOVA.insumo",
  "pk": 44,
  "fields": {
    "descripcion": "LED STRIP LIGHT, WHITE, 45W, 24V, 5M ROHS COMPLIANT: YES",
    "categoria": 12,
    "fabricante": 2,
    "imagen": "insumos/tira_4.webp",
    "stock": 32500,
    "cantidad_en_pedido": 0
  }
},
{
  "model": "App_LUMINOVA.insumo",
  "pk": 45,
  "fields": {
    "descripcion": "LED, Blanco Frío, CRI 80, 137W, 12000lm, 2.4A, 115°, 36V, 5000K, SMD-2, Redondo, Aplanado",
    "categoria": 13,
    "fabricante": 31,
    "imagen": "insumos/led_cob_1.webp",
    "stock": 25000,
    "cantidad_en_pedido": 0
  }
},
{
  "model": "App_LUMINOVA.insumo",
  "pk": 46,
  "fields": {
    "descripcion": "LED, Blanco Cálido, CRI 92, 40W, 2100lm, 550mA, 115°, 35V, 2700K, SMD-2, Redondo, Aplanado",
    "categoria": 13,
    "fabricante": 31,
    "imagen": "insumos/led_cob_2.webp",
    "stock": 35000,
    "cantidad_en_pedido": 0
  }
},
{
  "model": "App_LUMINOVA.insumo",
  "pk": 47,
  "fields": {
    "descripcion": "LED, Blanco Cálido, CRI 80, 9.5W, 440lm, 400mA, 115°, 8.6V, 3000K, SMD-2, Redondo, Aplanado",
    "categoria": 13,
    "fabricante": 31,
    "imagen": "insumos/led_cob_3.webp",
    "stock": 32000,
    "cantidad_en_pedido": 0
  }
},
{
  "model": "App_LUMINOVA.insumo",
  "pk": 48,
  "fields": {
    "descripcion": "LED, Blanco Cálido, Capacidad 80 CRI, 10.9 W, 355lm, 400mA, 115°, 3000 K, SMD-2, Redondo Punta Plana",
    "categoria": 13,
    "fabricante": 31,
    "imagen": "insumos/led_cob_4.webp",
    "stock": 30000,
    "cantidad_en_pedido": 0
  }
},
{
  "model": "App_LUMINOVA.insumo",
  "pk": 49,
  "fields": {
    "descripcion": "LED de Alto Brillo, Serie 521, Rojo, Verde, 60 °, R 660nm, G 565nm",
    "categoria": 14,
    "fabricante": 32,
    "imagen": "insumos/lab_1.webp",
    "stock": 31000,
    "cantidad_en_pedido": 0
  }
},
{
  "model": "App_LUMINOVA.insumo",
  "pk": 50,
  "fields": {
    "descripcion": "High Brightness LED, XLamp ML-E Series, 535 nm, Green, 30.6 lm, 150 mA RoHS Compliant: Yes",
    "categoria": 14,
    "fabricante": 31,
    "imagen": "insumos/lab_2.webp",
    "stock": 30000,
    "cantidad_en_pedido": 0
  }
},
{
  "model": "App_LUMINOVA.insumo",
  "pk": 51,
  "fields": {
    "descripcion": "LED de Alto Brillo, OSLON Compact PL Series, Blanco, 120 °, 1880 lm, 1.5 A",
    "categoria": 14,
    "fabricante": 2,
    "imagen": "insumos/lab_3.webp",
    "stock": 29000,
    "cantidad_en_pedido": 0
  }
},
{
  "model": "App_LUMINOVA.insumo",
  "pk": 52,
  "fields": {
    "descripcion": "LED de Alto Brillo, XLamp XP-G3 Series, Azul, 451 nm, 130 &#176;, 2 A",
    "categoria": 14,
    "fabricante": 31,
    "imagen": "insumos/lab_4.webp",
    "stock": 28000,
    "cantidad_en_pedido": 0
  }
},
{
  "model": "App_LUMINOVA.insumo",
  "pk": 53,
  "fields": {
    "descripcion": "DIMMER MODULE, 230VAC, 6A ROHS COMPLIANT: YES",
    "categoria": 15,
    "fabricante": 2,
    "imagen": "insumos/cci_1.webp",
    "stock": 22999,
    "cantidad_en_pedido": 0
  }
},
{
  "model": "App_LUMINOVA.insumo",
  "pk": 54,
  "fields": {
    "descripcion": "TRANSCEIVER MOD, DALI DT8, 230VAC, 1-CH ROHS COMPLIANT: YES",
    "categoria": 15,
    "fabricante": 2,
    "imagen": "insumos/cci_2.webp",
    "stock": 27000,
    "cantidad_en_pedido": 0
  }
},
{
  "model": "App_LUMINOVA.insumo",
  "pk": 55,
  "fields": {
    "descripcion": "CONTROL UNIT, DALI, 240VAC, 3W ROHS COMPLIANT: YES",
    "categoria": 15,
    "fabricante": 2,
    "imagen": "insumos/cci_3.webp",
    "stock": 33000,
    "cantidad_en_pedido": 0
  }
},
{
  "model": "App_LUMINOVA.insumo",
  "pk": 56,
  "fields": {
    "descripcion": "LIGHT MANAGEMENT SYSTEM, DALI-2, 230V ROHS COMPLIANT: YES",
    "categoria": 15,
    "fabricante": 2,
    "imagen": "insumos/cci_4.webp",
    "stock": 32600,
    "cantidad_en_pedido": 0
  }
},
{
  "model": "App_LUMINOVA.insumo",
  "pk": 57,
  "fields": {
    "descripcion": "Adaptador de LED, Chip-Lok®, 50mm, 90°C (194°F), M3, Blanco, Para Uso con CREE",
    "categoria": 16,
    "fabricante": 11,
    "imagen": "insumos/sop_1.webp",
    "stock": 34000,
    "cantidad_en_pedido": 0
  }
},
{
  "model": "App_LUMINOVA.insumo",
  "pk": 58,
  "fields": {
    "descripcion": "Adaptador de LED, Chip-Lok®, Para Lena, 53.3mm, 90°C (194°F), Lengüeta Separada, Blanco",
    "categoria": 16,
    "fabricante": 11,
    "imagen": "insumos/sop_2.webp",
    "stock": 30000,
    "cantidad_en_pedido": 0
  }
},
{
  "model": "App_LUMINOVA.insumo",
  "pk": 59,
  "fields": {
    "descripcion": "Porta LED, LUMAWISE, 3A, 250V, Dorado, Para Uso con LEDs Cree CXA 25XX",
    "categoria": 16,
    "fabricante": 12,
    "imagen": "insumos/sop_3.webp",
    "stock": 30000,
    "cantidad_en_pedido": 0
  }
},
{
  "model": "App_LUMINOVA.insumo",
  "pk": 60,
  "fields": {
    "descripcion": "Adaptador de LED, Chip-Lok, Reflector en Ángulo, 47.38mm, 90°C (194°F), Lengüeta Separada, Blanco",
    "categoria": 16,
    "fabricante": 11,
    "imagen": "insumos/sop_4.webp",
    "stock": 30000,
    "cantidad_en_pedido": 0
  }
},
{
  "model": "App_LUMINOVA.ofertaproveedor",
  "pk": 1,
  "fields": {
    "insumo": 3,
    "proveedor": 3,
    "precio_unitario_compra": "1.25",
    "tiempo_entrega_estimado_dias": 7,
    "fecha_actualizacion_precio": "2025-05-27T22:56:29Z"
  }
},
{
  "model": "App_LUMINOVA.ofertaproveedor",
  "pk": 2,
  "fields": {
    "insumo": 3,
    "proveedor": 7,
    "precio_unitario_compra": "0.99",
    "tiempo_entrega_estimado_dias": 30,
    "fecha_actualizacion_precio": "2025-05-27T22:56:56Z"
  }
},
{
  "model": "App_LUMINOVA.ofertaproveedor",
  "pk": 3,
  "fields": {
    "insumo": 8,
    "proveedor": 3,
    "precio_unitario_compra": "1.24",
    "tiempo_entrega_estimado_dias": 3,
    "fecha_actualizacion_precio": "2025-05-31T23:46:14Z"
  }
},
{
  "model": "App_LUMINOVA.ofertaproveedor",
  "pk": 4,
  "fields": {
    "insumo": 8,
    "proveedor": 10,
    "precio_unitario_compra": "0.21",
    "tiempo_entrega_estimado_dias": 30,
    "fecha_actualizacion_precio": "2025-06-01T00:12:25Z"
  }
},
{
  "model": "App_LUMINOVA.ofertaproveedor",
  "pk": 5,
  "fields": {
    "insumo": 6,
    "proveedor": 3,
    "precio_unitario_compra": "1.24",
    "tiempo_entrega_estimado_dias": 3,
    "fecha_actualizacion_precio": "2025-06-01T00:44:13Z"
  }
},
{
  "model": "App_LUMINOVA.ofertaproveedor",
  "pk": 6,
  "fields": {
    "insumo": 6,
    "proveedor": 8,
    "precio_unitario_compra": "0.83",
    "tiempo_entrega_estimado_dias": 20,
    "fecha_actualizacion_precio": "2025-06-01T00:44:34Z"
  }
},
{
  "model": "App_LUMINOVA.ofertaproveedor",
  "pk": 8,
  "fields": {
    "insumo": 5,
    "proveedor": 3,
    "precio_unitario_compra": "1.87",
    "tiempo_entrega_estimado_dias": 3,
    "fecha_actualizacion_precio": "2025-06-15T11:26:22Z"
  }
},
{
  "model": "App_LUMINOVA.ofertaproveedor",
  "pk": 9,
  "fields": {
    "insumo": 5,
    "proveedor": 7,
    "precio_unitario_compra": "1.23",
    "tiempo_entrega_estimado_dias": 2,
    "fecha_actualizacion_precio": "2025-06-15T11:26:22Z"
  }
},
{
  "model": "App_LUMINOVA.ofertaproveedor",
  "pk": 10,
  "fields": {
    "insumo": 4,
    "proveedor": 7,
    "precio_unitario_compra": "0.25",
    "tiempo_entrega_estimado_dias": 10,
    "fecha_actualizacion_precio": "2025-06-18T21:25:08Z"
  }
},
{
  "model": "App_LUMINOVA.ofertaproveedor",
  "pk": 11,
  "fields": {
    "insumo": 4,
    "proveedor": 3,
    "precio_unitario_compra": "1.26",
    "tiempo_entrega_estimado_dias": 3,
    "fecha_actualizacion_precio": "2025-06-18T21:25:08Z"
  }
},
{
  "model": "App_LUMINOVA.ofertaproveedor",
  "pk": 12,
  "fields": {
    "insumo": 2,
    "proveedor": 3,
    "precio_unitario_compra": "1.94",
    "tiempo_entrega_estimado_dias": 3,
    "fecha_actualizacion_precio": "2025-06-20T18:02:01Z"
  }
},
{
  "model": "App_LUMINOVA.ofertaproveedor",
  "pk": 13,
  "fields": {
    "insumo": 2,
    "proveedor": 7,
    "precio_unitario_compra": "4.12",
    "tiempo_entrega_estimado_dias": 35,
    "fecha_actualizacion_precio": "2025-06-20T18:02:01Z"
  }
},
{
  "model": "App_LUMINOVA.ofertaproveedor",
  "pk": 14,
  "fields": {
    "insumo": 9,
    "proveedor": 10,
    "precio_unitario_compra": "0.21",
    "tiempo_entrega_estimado_dias": 30,
    "fecha_actualizacion_precio": "2025-06-25T14:03:07Z"
  }
},
{
  "model": "App_LUMINOVA.ofertaproveedor",
  "pk": 15,
  "fields": {
    "insumo": 9,
    "proveedor": 3,
    "precio_unitario_compra": "1.24",
    "tiempo_entrega_estimado_dias": 3,
    "fecha_actualizacion_precio": "2025-06-25T14:03:07Z"
  }
},
{
  "model": "App_LUMINOVA.ofertaproveedor",
  "pk": 16,
  "fields": {
    "insumo": 10,
    "proveedor": 11,
    "precio_unitario_compra": "34.84",
    "tiempo_entrega_estimado_dias": 10,
    "fecha_actualizacion_precio": "2025-06-25T14:04:08Z"
  }
},
{
  "model": "App_LUMINOVA.ofertaproveedor",
  "pk": 17,
  "fields": {
    "insumo": 11,
    "proveedor": 7,
    "precio_unitario_compra": "54.12",
    "tiempo_entrega_estimado_dias": 25,
    "fecha_actualizacion_precio": "2025-06-25T14:08:45Z"
  }
},
{
  "model": "App_LUMINOVA.ofertaproveedor",
  "pk": 18,
  "fields": {
    "insumo": 11,
    "proveedor": 12,
    "precio_unitario_compra": "2.97",
    "tiempo_entrega_estimado_dias": 5,
    "fecha_actualizacion_precio": "2025-06-25T14:08:45Z"
  }
},
{
  "model": "App_LUMINOVA.ofertaproveedor",
  "pk": 19,
  "fields": {
    "insumo": 12,
    "proveedor": 12,
    "precio_unitario_compra": "2.97",
    "tiempo_entrega_estimado_dias": 5,
    "fecha_actualizacion_precio": "2025-06-25T14:09:16Z"
  }
},
{
  "model": "App_LUMINOVA.ofertaproveedor",
  "pk": 20,
  "fields": {
    "insumo": 12,
    "proveedor": 3,
    "precio_unitario_compra": "1.94",
    "tiempo_entrega_estimado_dias": 3,
    "fecha_actualizacion_precio": "2025-06-25T14:09:16Z"
  }
},
{
  "model": "App_LUMINOVA.ofertaproveedor",
  "pk": 21,
  "fields": {
    "insumo": 13,
    "proveedor": 3,
    "precio_unitario_compra": "2.85",
    "tiempo_entrega_estimado_dias": 3,
    "fecha_actualizacion_precio": "2025-06-25T14:11:29Z"
  }
},
{
  "model": "App_LUMINOVA.ofertaproveedor",
  "pk": 22,
  "fields": {
    "insumo": 13,
    "proveedor": 8,
    "precio_unitario_compra": "1.23",
    "tiempo_entrega_estimado_dias": 7,
    "fecha_actualizacion_precio": "2025-06-25T14:11:44Z"
  }
},
{
  "model": "App_LUMINOVA.ofertaproveedor",
  "pk": 23,
  "fields": {
    "insumo": 14,
    "proveedor": 3,
    "precio_unitario_compra": "2.75",
    "tiempo_entrega_estimado_dias": 3,
    "fecha_actualizacion_precio": "2025-06-25T14:12:12Z"
  }
},
{
  "model": "App_LUMINOVA.ofertaproveedor",
  "pk": 24,
  "fields": {
    "insumo": 14,
    "proveedor": 10,
    "precio_unitario_compra": "2.30",
    "tiempo_entrega_estimado_dias": 9,
    "fecha_actualizacion_precio": "2025-06-25T14:12:12Z"
  }
},
{
  "model": "App_LUMINOVA.ofertaproveedor",
  "pk": 25,
  "fields": {
    "insumo": 15,
    "proveedor": 3,
    "precio_unitario_compra": "7.49",
    "tiempo_entrega_estimado_dias": 4,
    "fecha_actualizacion_precio": "2025-06-25T14:13:50Z"
  }
},
{
  "model": "App_LUMINOVA.ofertaproveedor",
  "pk": 26,
  "fields": {
    "insumo": 15,
    "proveedor": 13,
    "precio_unitario_compra": "3.52",
    "tiempo_entrega_estimado_dias": 10,
    "fecha_actualizacion_precio": "2025-06-25T14:13:50Z"
  }
},
{
  "model": "App_LUMINOVA.ofertaproveedor",
  "pk": 27,
  "fields": {
    "insumo": 16,
    "proveedor": 13,
    "precio_unitario_compra": "3.52",
    "tiempo_entrega_estimado_dias": 10,
    "fecha_actualizacion_precio": "2025-06-25T14:14:31Z"
  }
},
{
  "model": "App_LUMINOVA.ofertaproveedor",
  "pk": 28,
  "fields": {
    "insumo": 16,
    "proveedor": 3,
    "precio_unitario_compra": "54.45",
    "tiempo_entrega_estimado_dias": 1,
    "fecha_actualizacion_precio": "2025-06-25T14:14:31Z"
  }
},
{
  "model": "App_LUMINOVA.ofertaproveedor",
  "pk": 29,
  "fields": {
    "insumo": 17,
    "proveedor": 3,
    "precio_unitario_compra": "54.45",
    "tiempo_entrega_estimado_dias": 1,
    "fecha_actualizacion_precio": "2025-06-25T14:15:11Z"
  }
},
{
  "model": "App_LUMINOVA.ofertaproveedor",
  "pk": 30,
  "fields": {
    "insumo": 17,
    "proveedor": 13,
    "precio_unitario_compra": "32.83",
    "tiempo_entrega_estimado_dias": 2,
    "fecha_actualizacion_precio": "2025-06-25T14:15:11Z"
  }
},
{
  "model": "App_LUMINOVA.ofertaproveedor",
  "pk": 31,
  "fields": {
    "insumo": 18,
    "proveedor": 3,
    "precio_unitario_compra": "8.52",
    "tiempo_entrega_estimado_dias": 4,
    "fecha_actualizacion_precio": "2025-06-25T14:15:54Z"
  }
},
{
  "model": "App_LUMINOVA.ofertaproveedor",
  "pk": 32,
  "fields": {
    "insumo": 18,
    "proveedor": 14,
    "precio_unitario_compra": "253.00",
    "tiempo_entrega_estimado_dias": 1,
    "fecha_actualizacion_precio": "2025-06-25T14:15:54Z"
  }
},
{
  "model": "App_LUMINOVA.ofertaproveedor",
  "pk": 33,
  "fields": {
    "insumo": 19,
    "proveedor": 13,
    "precio_unitario_compra": "3.90",
    "tiempo_entrega_estimado_dias": 1,
    "fecha_actualizacion_precio": "2025-06-25T14:16:45Z"
  }
},
{
  "model": "App_LUMINOVA.ofertaproveedor",
  "pk": 34,
  "fields": {
    "insumo": 19,
    "proveedor": 7,
    "precio_unitario_compra": "0.83",
    "tiempo_entrega_estimado_dias": 2,
    "fecha_actualizacion_precio": "2025-06-25T14:16:45Z"
  }
},
{
  "model": "App_LUMINOVA.ofertaproveedor",
  "pk": 35,
  "fields": {
    "insumo": 20,
    "proveedor": 7,
    "precio_unitario_compra": "0.83",
    "tiempo_entrega_estimado_dias": 2,
    "fecha_actualizacion_precio": "2025-06-25T14:17:34Z"
  }
},
{
  "model": "App_LUMINOVA.ofertaproveedor",
  "pk": 36,
  "fields": {
    "insumo": 20,
    "proveedor": 3,
    "precio_unitario_compra": "8.52",
    "tiempo_entrega_estimado_dias": 4,
    "fecha_actualizacion_precio": "2025-06-25T14:17:34Z"
  }
},
{
  "model": "App_LUMINOVA.ofertaproveedor",
  "pk": 37,
  "fields": {
    "insumo": 21,
    "proveedor": 3,
    "precio_unitario_compra": "2.77",
    "tiempo_entrega_estimado_dias": 4,
    "fecha_actualizacion_precio": "2025-06-25T14:18:23Z"
  }
},
{
  "model": "App_LUMINOVA.ofertaproveedor",
  "pk": 38,
  "fields": {
    "insumo": 21,
    "proveedor": 9,
    "precio_unitario_compra": "2.94",
    "tiempo_entrega_estimado_dias": 1,
    "fecha_actualizacion_precio": "2025-06-25T14:18:23Z"
  }
},
{
  "model": "App_LUMINOVA.ofertaproveedor",
  "pk": 39,
  "fields": {
    "insumo": 22,
    "proveedor": 3,
    "precio_unitario_compra": "2.94",
    "tiempo_entrega_estimado_dias": 1,
    "fecha_actualizacion_precio": "2025-06-25T14:18:59Z"
  }
},
{
  "model": "App_LUMINOVA.ofertaproveedor",
  "pk": 40,
  "fields": {
    "insumo": 22,
    "proveedor": 10,
    "precio_unitario_compra": "12.77",
    "tiempo_entrega_estimado_dias": 33,
    "fecha_actualizacion_precio": "2025-06-25T14:18:59Z"
  }
},
{
  "model": "App_LUMINOVA.ofertaproveedor",
  "pk": 41,
  "fields": {
    "insumo": 23,
    "proveedor": 3,
    "precio_unitario_compra": "24.85",
    "tiempo_entrega_estimado_dias": 1,
    "fecha_actualizacion_precio": "2025-06-25T14:20:09Z"
  }
},
{
  "model": "App_LUMINOVA.ofertaproveedor",
  "pk": 42,
  "fields": {
    "insumo": 23,
    "proveedor": 14,
    "precio_unitario_compra": "2.77",
    "tiempo_entrega_estimado_dias": 4,
    "fecha_actualizacion_precio": "2025-06-25T14:20:09Z"
  }
},
{
  "model": "App_LUMINOVA.ofertaproveedor",
  "pk": 43,
  "fields": {
    "insumo": 24,
    "proveedor": 3,
    "precio_unitario_compra": "12.77",
    "tiempo_entrega_estimado_dias": 1,
    "fecha_actualizacion_precio": "2025-06-25T14:20:10Z"
  }
},
{
  "model": "App_LUMINOVA.ofertaproveedor",
  "pk": 44,
  "fields": {
    "insumo": 24,
    "proveedor": 11,
    "precio_unitario_compra": "2.77",
    "tiempo_entrega_estimado_dias": 4,
    "fecha_actualizacion_precio": "2025-06-25T14:20:10Z"
  }
},
{
  "model": "App_LUMINOVA.ofertaproveedor",
  "pk": 45,
  "fields": {
    "insumo": 25,
    "proveedor": 3,
    "precio_unitario_compra": "2.91",
    "tiempo_entrega_estimado_dias": 4,
    "fecha_actualizacion_precio": "2025-06-25T14:21:21Z"
  }
},
{
  "model": "App_LUMINOVA.ofertaproveedor",
  "pk": 46,
  "fields": {
    "insumo": 25,
    "proveedor": 13,
    "precio_unitario_compra": "73.65",
    "tiempo_entrega_estimado_dias": 1,
    "fecha_actualizacion_precio": "2025-06-25T14:21:21Z"
  }
},
{
  "model": "App_LUMINOVA.ofertaproveedor",
  "pk": 47,
  "fields": {
    "insumo": 26,
    "proveedor": 3,
    "precio_unitario_compra": "73.65",
    "tiempo_entrega_estimado_dias": 1,
    "fecha_actualizacion_precio": "2025-06-25T14:21:22Z"
  }
},
{
  "model": "App_LUMINOVA.ofertaproveedor",
  "pk": 48,
  "fields": {
    "insumo": 26,
    "proveedor": 8,
    "precio_unitario_compra": "19.14",
    "tiempo_entrega_estimado_dias": 4,
    "fecha_actualizacion_precio": "2025-06-25T14:21:22Z"
  }
},
{
  "model": "App_LUMINOVA.ofertaproveedor",
  "pk": 49,
  "fields": {
    "insumo": 27,
    "proveedor": 3,
    "precio_unitario_compra": "19.15",
    "tiempo_entrega_estimado_dias": 4,
    "fecha_actualizacion_precio": "2025-06-25T14:21:26Z"
  }
},
{
  "model": "App_LUMINOVA.ofertaproveedor",
  "pk": 50,
  "fields": {
    "insumo": 27,
    "proveedor": 7,
    "precio_unitario_compra": "53.52",
    "tiempo_entrega_estimado_dias": 1,
    "fecha_actualizacion_precio": "2025-06-25T14:21:26Z"
  }
},
{
  "model": "App_LUMINOVA.ofertaproveedor",
  "pk": 51,
  "fields": {
    "insumo": 28,
    "proveedor": 3,
    "precio_unitario_compra": "53.52",
    "tiempo_entrega_estimado_dias": 1,
    "fecha_actualizacion_precio": "2025-06-25T14:21:27Z"
  }
},
{
  "model": "App_LUMINOVA.ofertaproveedor",
  "pk": 52,
  "fields": {
    "insumo": 28,
    "proveedor": 12,
    "precio_unitario_compra": "2.91",
    "tiempo_entrega_estimado_dias": 4,
    "fecha_actualizacion_precio": "2025-06-25T14:21:27Z"
  }
},
{
  "model": "App_LUMINOVA.ofertaproveedor",
  "pk": 53,
  "fields": {
    "insumo": 29,
    "proveedor": 3,
    "precio_unitario_compra": "2.50",
    "tiempo_entrega_estimado_dias": 1,
    "fecha_actualizacion_precio": "2025-06-25T14:24:16Z"
  }
},
{
  "model": "App_LUMINOVA.ofertaproveedor",
  "pk": 54,
  "fields": {
    "insumo": 29,
    "proveedor": 9,
    "precio_unitario_compra": "20.40",
    "tiempo_entrega_estimado_dias": 1,
    "fecha_actualizacion_precio": "2025-06-25T14:24:16Z"
  }
},
{
  "model": "App_LUMINOVA.ofertaproveedor",
  "pk": 55,
  "fields": {
    "insumo": 30,
    "proveedor": 3,
    "precio_unitario_compra": "20.40",
    "tiempo_entrega_estimado_dias": 1,
    "fecha_actualizacion_precio": "2025-06-25T14:24:17Z"
  }
},
{
  "model": "App_LUMINOVA.ofertaproveedor",
  "pk": 56,
  "fields": {
    "insumo": 30,
    "proveedor": 7,
    "precio_unitario_compra": "23.90",
    "tiempo_entrega_estimado_dias": 4,
    "fecha_actualizacion_precio": "2025-06-25T14:24:17Z"
  }
},
{
  "model": "App_LUMINOVA.ofertaproveedor",
  "pk": 57,
  "fields": {
    "insumo": 31,
    "proveedor": 3,
    "precio_unitario_compra": "23.90",
    "tiempo_entrega_estimado_dias": 4,
    "fecha_actualizacion_precio": "2025-06-25T14:24:19Z"
  }
},
{
  "model": "App_LUMINOVA.ofertaproveedor",
  "pk": 58,
  "fields": {
    "insumo": 31,
    "proveedor": 14,
    "precio_unitario_compra": "14.20",
    "tiempo_entrega_estimado_dias": 4,
    "fecha_actualizacion_precio": "2025-06-25T14:24:19Z"
  }
},
{
  "model": "App_LUMINOVA.ofertaproveedor",
  "pk": 59,
  "fields": {
    "insumo": 32,
    "proveedor": 3,
    "precio_unitario_compra": "14.20",
    "tiempo_entrega_estimado_dias": 4,
    "fecha_actualizacion_precio": "2025-06-25T14:24:21Z"
  }
},
{
  "model": "App_LUMINOVA.ofertaproveedor",
  "pk": 60,
  "fields": {
    "insumo": 32,
    "proveedor": 9,
    "precio_unitario_compra": "2.50",
    "tiempo_entrega_estimado_dias": 1,
    "fecha_actualizacion_precio": "2025-06-25T14:24:21Z"
  }
},
{
  "model": "App_LUMINOVA.ofertaproveedor",
  "pk": 61,
  "fields": {
    "insumo": 33,
    "proveedor": 3,
    "precio_unitario_compra": "13.97",
    "tiempo_entrega_estimado_dias": 4,
    "fecha_actualizacion_precio": "2025-06-25T14:27:26Z"
  }
},
{
  "model": "App_LUMINOVA.ofertaproveedor",
  "pk": 62,
  "fields": {
    "insumo": 33,
    "proveedor": 10,
    "precio_unitario_compra": "81.50",
    "tiempo_entrega_estimado_dias": 1,
    "fecha_actualizacion_precio": "2025-06-25T14:27:26Z"
  }
},
{
  "model": "App_LUMINOVA.ofertaproveedor",
  "pk": 63,
  "fields": {
    "insumo": 34,
    "proveedor": 3,
    "precio_unitario_compra": "81.50",
    "tiempo_entrega_estimado_dias": 1,
    "fecha_actualizacion_precio": "2025-06-25T14:27:27Z"
  }
},
{
  "model": "App_LUMINOVA.ofertaproveedor",
  "pk": 64,
  "fields": {
    "insumo": 34,
    "proveedor": 11,
    "precio_unitario_compra": "13.12",
    "tiempo_entrega_estimado_dias": 4,
    "fecha_actualizacion_precio": "2025-06-25T14:27:27Z"
  }
},
{
  "model": "App_LUMINOVA.ofertaproveedor",
  "pk": 65,
  "fields": {
    "insumo": 35,
    "proveedor": 3,
    "precio_unitario_compra": "13.12",
    "tiempo_entrega_estimado_dias": 4,
    "fecha_actualizacion_precio": "2025-06-25T14:27:28Z"
  }
},
{
  "model": "App_LUMINOVA.ofertaproveedor",
  "pk": 66,
  "fields": {
    "insumo": 35,
    "proveedor": 7,
    "precio_unitario_compra": "87.90",
    "tiempo_entrega_estimado_dias": 2,
    "fecha_actualizacion_precio": "2025-06-25T14:27:28Z"
  }
},
{
  "model": "App_LUMINOVA.ofertaproveedor",
  "pk": 67,
  "fields": {
    "insumo": 36,
    "proveedor": 3,
    "precio_unitario_compra": "87.90",
    "tiempo_entrega_estimado_dias": 4,
    "fecha_actualizacion_precio": "2025-06-25T14:27:29Z"
  }
},
{
  "model": "App_LUMINOVA.ofertaproveedor",
  "pk": 68,
  "fields": {
    "insumo": 36,
    "proveedor": 8,
    "precio_unitario_compra": "13.97",
    "tiempo_entrega_estimado_dias": 4,
    "fecha_actualizacion_precio": "2025-06-25T14:27:29Z"
  }
},
{
  "model": "App_LUMINOVA.ofertaproveedor",
  "pk": 69,
  "fields": {
    "insumo": 37,
    "proveedor": 3,
    "precio_unitario_compra": "31.05",
    "tiempo_entrega_estimado_dias": 4,
    "fecha_actualizacion_precio": "2025-06-25T14:29:35Z"
  }
},
{
  "model": "App_LUMINOVA.ofertaproveedor",
  "pk": 70,
  "fields": {
    "insumo": 37,
    "proveedor": 8,
    "precio_unitario_compra": "12.27",
    "tiempo_entrega_estimado_dias": 6,
    "fecha_actualizacion_precio": "2025-06-25T14:29:35Z"
  }
},
{
  "model": "App_LUMINOVA.ofertaproveedor",
  "pk": 71,
  "fields": {
    "insumo": 38,
    "proveedor": 3,
    "precio_unitario_compra": "12.27",
    "tiempo_entrega_estimado_dias": 4,
    "fecha_actualizacion_precio": "2025-06-25T14:29:36Z"
  }
},
{
  "model": "App_LUMINOVA.ofertaproveedor",
  "pk": 72,
  "fields": {
    "insumo": 38,
    "proveedor": 12,
    "precio_unitario_compra": "10.90",
    "tiempo_entrega_estimado_dias": 3,
    "fecha_actualizacion_precio": "2025-06-25T14:29:36Z"
  }
},
{
  "model": "App_LUMINOVA.ofertaproveedor",
  "pk": 73,
  "fields": {
    "insumo": 39,
    "proveedor": 3,
    "precio_unitario_compra": "10.90",
    "tiempo_entrega_estimado_dias": 4,
    "fecha_actualizacion_precio": "2025-06-25T14:29:37Z"
  }
},
{
  "model": "App_LUMINOVA.ofertaproveedor",
  "pk": 74,
  "fields": {
    "insumo": 39,
    "proveedor": 9,
    "precio_unitario_compra": "22.03",
    "tiempo_entrega_estimado_dias": 3,
    "fecha_actualizacion_precio": "2025-06-25T14:29:37Z"
  }
},
{
  "model": "App_LUMINOVA.ofertaproveedor",
  "pk": 75,
  "fields": {
    "insumo": 40,
    "proveedor": 3,
    "precio_unitario_compra": "22.03",
    "tiempo_entrega_estimado_dias": 4,
    "fecha_actualizacion_precio": "2025-06-25T14:29:37Z"
  }
},
{
  "model": "App_LUMINOVA.ofertaproveedor",
  "pk": 76,
  "fields": {
    "insumo": 40,
    "proveedor": 11,
    "precio_unitario_compra": "31.05",
    "tiempo_entrega_estimado_dias": 3,
    "fecha_actualizacion_precio": "2025-06-25T14:29:37Z"
  }
},
{
  "model": "App_LUMINOVA.ofertaproveedor",
  "pk": 77,
  "fields": {
    "insumo": 41,
    "proveedor": 3,
    "precio_unitario_compra": "34.89",
    "tiempo_entrega_estimado_dias": 1,
    "fecha_actualizacion_precio": "2025-06-25T14:32:58Z"
  }
},
{
  "model": "App_LUMINOVA.ofertaproveedor",
  "pk": 78,
  "fields": {
    "insumo": 41,
    "proveedor": 14,
    "precio_unitario_compra": "46.95",
    "tiempo_entrega_estimado_dias": 1,
    "fecha_actualizacion_precio": "2025-06-25T14:32:58Z"
  }
},
{
  "model": "App_LUMINOVA.ofertaproveedor",
  "pk": 79,
  "fields": {
    "insumo": 42,
    "proveedor": 3,
    "precio_unitario_compra": "46.95",
    "tiempo_entrega_estimado_dias": 1,
    "fecha_actualizacion_precio": "2025-06-25T14:32:59Z"
  }
},
{
  "model": "App_LUMINOVA.ofertaproveedor",
  "pk": 80,
  "fields": {
    "insumo": 42,
    "proveedor": 11,
    "precio_unitario_compra": "382.00",
    "tiempo_entrega_estimado_dias": 2,
    "fecha_actualizacion_precio": "2025-06-25T14:32:59Z"
  }
},
{
  "model": "App_LUMINOVA.ofertaproveedor",
  "pk": 81,
  "fields": {
    "insumo": 43,
    "proveedor": 3,
    "precio_unitario_compra": "382.00",
    "tiempo_entrega_estimado_dias": 1,
    "fecha_actualizacion_precio": "2025-06-25T14:32:59Z"
  }
},
{
  "model": "App_LUMINOVA.ofertaproveedor",
  "pk": 82,
  "fields": {
    "insumo": 43,
    "proveedor": 13,
    "precio_unitario_compra": "239.81",
    "tiempo_entrega_estimado_dias": 4,
    "fecha_actualizacion_precio": "2025-06-25T14:32:59Z"
  }
},
{
  "model": "App_LUMINOVA.ofertaproveedor",
  "pk": 83,
  "fields": {
    "insumo": 44,
    "proveedor": 3,
    "precio_unitario_compra": "239.81",
    "tiempo_entrega_estimado_dias": 4,
    "fecha_actualizacion_precio": "2025-06-25T14:33:00Z"
  }
},
{
  "model": "App_LUMINOVA.ofertaproveedor",
  "pk": 84,
  "fields": {
    "insumo": 44,
    "proveedor": 9,
    "precio_unitario_compra": "34.89",
    "tiempo_entrega_estimado_dias": 2,
    "fecha_actualizacion_precio": "2025-06-25T14:33:00Z"
  }
},
{
  "model": "App_LUMINOVA.ofertaproveedor",
  "pk": 85,
  "fields": {
    "insumo": 45,
    "proveedor": 3,
    "precio_unitario_compra": "41.23",
    "tiempo_entrega_estimado_dias": 1,
    "fecha_actualizacion_precio": "2025-06-25T14:35:43Z"
  }
},
{
  "model": "App_LUMINOVA.ofertaproveedor",
  "pk": 86,
  "fields": {
    "insumo": 45,
    "proveedor": 12,
    "precio_unitario_compra": "98.30",
    "tiempo_entrega_estimado_dias": 2,
    "fecha_actualizacion_precio": "2025-06-25T14:35:43Z"
  }
},
{
  "model": "App_LUMINOVA.ofertaproveedor",
  "pk": 87,
  "fields": {
    "insumo": 46,
    "proveedor": 3,
    "precio_unitario_compra": "98.30",
    "tiempo_entrega_estimado_dias": 1,
    "fecha_actualizacion_precio": "2025-06-25T14:35:45Z"
  }
},
{
  "model": "App_LUMINOVA.ofertaproveedor",
  "pk": 88,
  "fields": {
    "insumo": 46,
    "proveedor": 10,
    "precio_unitario_compra": "32.00",
    "tiempo_entrega_estimado_dias": 2,
    "fecha_actualizacion_precio": "2025-06-25T14:35:45Z"
  }
},
{
  "model": "App_LUMINOVA.ofertaproveedor",
  "pk": 89,
  "fields": {
    "insumo": 47,
    "proveedor": 3,
    "precio_unitario_compra": "32.00",
    "tiempo_entrega_estimado_dias": 1,
    "fecha_actualizacion_precio": "2025-06-25T14:35:47Z"
  }
},
{
  "model": "App_LUMINOVA.ofertaproveedor",
  "pk": 90,
  "fields": {
    "insumo": 47,
    "proveedor": 7,
    "precio_unitario_compra": "2.70",
    "tiempo_entrega_estimado_dias": 4,
    "fecha_actualizacion_precio": "2025-06-25T14:35:47Z"
  }
},
{
  "model": "App_LUMINOVA.ofertaproveedor",
  "pk": 91,
  "fields": {
    "insumo": 48,
    "proveedor": 3,
    "precio_unitario_compra": "2.70",
    "tiempo_entrega_estimado_dias": 1,
    "fecha_actualizacion_precio": "2025-06-25T14:35:49Z"
  }
},
{
  "model": "App_LUMINOVA.ofertaproveedor",
  "pk": 92,
  "fields": {
    "insumo": 48,
    "proveedor": 12,
    "precio_unitario_compra": "41.23",
    "tiempo_entrega_estimado_dias": 2,
    "fecha_actualizacion_precio": "2025-06-25T14:35:49Z"
  }
},
{
  "model": "App_LUMINOVA.ofertaproveedor",
  "pk": 93,
  "fields": {
    "insumo": 49,
    "proveedor": 7,
    "precio_unitario_compra": "20.20",
    "tiempo_entrega_estimado_dias": 1,
    "fecha_actualizacion_precio": "2025-06-25T14:38:17Z"
  }
},
{
  "model": "App_LUMINOVA.ofertaproveedor",
  "pk": 94,
  "fields": {
    "insumo": 49,
    "proveedor": 8,
    "precio_unitario_compra": "13.10",
    "tiempo_entrega_estimado_dias": 4,
    "fecha_actualizacion_precio": "2025-06-25T14:38:17Z"
  }
},
{
  "model": "App_LUMINOVA.ofertaproveedor",
  "pk": 95,
  "fields": {
    "insumo": 51,
    "proveedor": 3,
    "precio_unitario_compra": "53.70",
    "tiempo_entrega_estimado_dias": 1,
    "fecha_actualizacion_precio": "2025-06-25T14:38:18Z"
  }
},
{
  "model": "App_LUMINOVA.ofertaproveedor",
  "pk": 96,
  "fields": {
    "insumo": 51,
    "proveedor": 7,
    "precio_unitario_compra": "28.20",
    "tiempo_entrega_estimado_dias": 3,
    "fecha_actualizacion_precio": "2025-06-25T14:38:18Z"
  }
},
{
  "model": "App_LUMINOVA.ofertaproveedor",
  "pk": 97,
  "fields": {
    "insumo": 52,
    "proveedor": 3,
    "precio_unitario_compra": "28.20",
    "tiempo_entrega_estimado_dias": 1,
    "fecha_actualizacion_precio": "2025-06-25T14:38:19Z"
  }
},
{
  "model": "App_LUMINOVA.ofertaproveedor",
  "pk": 98,
  "fields": {
    "insumo": 52,
    "proveedor": 11,
    "precio_unitario_compra": "2.20",
    "tiempo_entrega_estimado_dias": 4,
    "fecha_actualizacion_precio": "2025-06-25T14:38:19Z"
  }
},
{
  "model": "App_LUMINOVA.ofertaproveedor",
  "pk": 99,
  "fields": {
    "insumo": 50,
    "proveedor": 3,
    "precio_unitario_compra": "13.10",
    "tiempo_entrega_estimado_dias": 4,
    "fecha_actualizacion_precio": "2025-06-25T14:38:17Z"
  }
},
{
  "model": "App_LUMINOVA.ofertaproveedor",
  "pk": 100,
  "fields": {
    "insumo": 50,
    "proveedor": 11,
    "precio_unitario_compra": "53.70",
    "tiempo_entrega_estimado_dias": 2,
    "fecha_actualizacion_precio": "2025-06-25T14:38:17Z"
  }
},
{
  "model": "App_LUMINOVA.ofertaproveedor",
  "pk": 101,
  "fields": {
    "insumo": 53,
    "proveedor": 3,
    "precio_unitario_compra": "67.71",
    "tiempo_entrega_estimado_dias": 4,
    "fecha_actualizacion_precio": "2025-06-25T14:40:51Z"
  }
},
{
  "model": "App_LUMINOVA.ofertaproveedor",
  "pk": 102,
  "fields": {
    "insumo": 53,
    "proveedor": 9,
    "precio_unitario_compra": "58.53",
    "tiempo_entrega_estimado_dias": 3,
    "fecha_actualizacion_precio": "2025-06-25T14:40:51Z"
  }
},
{
  "model": "App_LUMINOVA.ofertaproveedor",
  "pk": 103,
  "fields": {
    "insumo": 54,
    "proveedor": 3,
    "precio_unitario_compra": "58.53",
    "tiempo_entrega_estimado_dias": 4,
    "fecha_actualizacion_precio": "2025-06-25T14:40:51Z"
  }
},
{
  "model": "App_LUMINOVA.ofertaproveedor",
  "pk": 104,
  "fields": {
    "insumo": 54,
    "proveedor": 13,
    "precio_unitario_compra": "89.07",
    "tiempo_entrega_estimado_dias": 3,
    "fecha_actualizacion_precio": "2025-06-25T14:40:51Z"
  }
},
{
  "model": "App_LUMINOVA.ofertaproveedor",
  "pk": 105,
  "fields": {
    "insumo": 55,
    "proveedor": 3,
    "precio_unitario_compra": "89.07",
    "tiempo_entrega_estimado_dias": 4,
    "fecha_actualizacion_precio": "2025-06-25T14:40:52Z"
  }
},
{
  "model": "App_LUMINOVA.ofertaproveedor",
  "pk": 106,
  "fields": {
    "insumo": 55,
    "proveedor": 10,
    "precio_unitario_compra": "170.21",
    "tiempo_entrega_estimado_dias": 2,
    "fecha_actualizacion_precio": "2025-06-25T14:40:52Z"
  }
},
{
  "model": "App_LUMINOVA.ofertaproveedor",
  "pk": 107,
  "fields": {
    "insumo": 56,
    "proveedor": 3,
    "precio_unitario_compra": "170.21",
    "tiempo_entrega_estimado_dias": 4,
    "fecha_actualizacion_precio": "2025-06-25T14:40:52Z"
  }
},
{
  "model": "App_LUMINOVA.ofertaproveedor",
  "pk": 108,
  "fields": {
    "insumo": 56,
    "proveedor": 14,
    "precio_unitario_compra": "67.71",
    "tiempo_entrega_estimado_dias": 3,
    "fecha_actualizacion_precio": "2025-06-25T14:40:52Z"
  }
},
{
  "model": "App_LUMINOVA.ofertaproveedor",
  "pk": 109,
  "fields": {
    "insumo": 57,
    "proveedor": 3,
    "precio_unitario_compra": "1.80",
    "tiempo_entrega_estimado_dias": 1,
    "fecha_actualizacion_precio": "2025-06-25T14:42:51Z"
  }
},
{
  "model": "App_LUMINOVA.ofertaproveedor",
  "pk": 110,
  "fields": {
    "insumo": 57,
    "proveedor": 12,
    "precio_unitario_compra": "1.73",
    "tiempo_entrega_estimado_dias": 2,
    "fecha_actualizacion_precio": "2025-06-25T14:42:51Z"
  }
},
{
  "model": "App_LUMINOVA.ofertaproveedor",
  "pk": 111,
  "fields": {
    "insumo": 58,
    "proveedor": 3,
    "precio_unitario_compra": "1.73",
    "tiempo_entrega_estimado_dias": 1,
    "fecha_actualizacion_precio": "2025-06-25T14:42:51Z"
  }
},
{
  "model": "App_LUMINOVA.ofertaproveedor",
  "pk": 112,
  "fields": {
    "insumo": 58,
    "proveedor": 9,
    "precio_unitario_compra": "3.39",
    "tiempo_entrega_estimado_dias": 1,
    "fecha_actualizacion_precio": "2025-06-25T14:42:51Z"
  }
},
{
  "model": "App_LUMINOVA.ofertaproveedor",
  "pk": 113,
  "fields": {
    "insumo": 59,
    "proveedor": 3,
    "precio_unitario_compra": "3.39",
    "tiempo_entrega_estimado_dias": 1,
    "fecha_actualizacion_precio": "2025-06-25T14:42:52Z"
  }
},
{
  "model": "App_LUMINOVA.ofertaproveedor",
  "pk": 114,
  "fields": {
    "insumo": 59,
    "proveedor": 7,
    "precio_unitario_compra": "1.73",
    "tiempo_entrega_estimado_dias": 3,
    "fecha_actualizacion_precio": "2025-06-25T14:42:52Z"
  }
},
{
  "model": "App_LUMINOVA.ofertaproveedor",
  "pk": 115,
  "fields": {
    "insumo": 60,
    "proveedor": 3,
    "precio_unitario_compra": "1.73",
    "tiempo_entrega_estimado_dias": 5,
    "fecha_actualizacion_precio": "2025-06-25T14:42:52Z"
  }
},
{
  "model": "App_LUMINOVA.ofertaproveedor",
  "pk": 116,
  "fields": {
    "insumo": 60,
    "proveedor": 14,
    "precio_unitario_compra": "1.80",
    "tiempo_entrega_estimado_dias": 3,
    "fecha_actualizacion_precio": "2025-06-25T14:42:52Z"
  }
},
{
  "model": "App_LUMINOVA.componenteproducto",
  "pk": 3,
  "fields": {
    "producto_terminado": 1,
    "insumo": 2,
    "cantidad_necesaria": 1
  }
},
{
  "model": "App_LUMINOVA.componenteproducto",
  "pk": 4,
  "fields": {
    "producto_terminado": 1,
    "insumo": 3,
    "cantidad_necesaria": 1
  }
},
{
  "model": "App_LUMINOVA.componenteproducto",
  "pk": 5,
  "fields": {
    "producto_terminado": 1,
    "insumo": 4,
    "cantidad_necesaria": 1
  }
},
{
  "model": "App_LUMINOVA.componenteproducto",
  "pk": 6,
  "fields": {
    "producto_terminado": 1,
    "insumo": 5,
    "cantidad_necesaria": 1
  }
},
{
  "model": "App_LUMINOVA.componenteproducto",
  "pk": 7,
  "fields": {
    "producto_terminado": 1,
    "insumo": 8,
    "cantidad_necesaria": 1
  }
},
{
  "model": "App_LUMINOVA.componenteproducto",
  "pk": 8,
  "fields": {
    "producto_terminado": 2,
    "insumo": 3,
    "cantidad_necesaria": 1
  }
},
{
  "model": "App_LUMINOVA.componenteproducto",
  "pk": 9,
  "fields": {
    "producto_terminado": 2,
    "insumo": 4,
    "cantidad_necesaria": 1
  }
},
{
  "model": "App_LUMINOVA.componenteproducto",
  "pk": 10,
  "fields": {
    "producto_terminado": 2,
    "insumo": 2,
    "cantidad_necesaria": 1
  }
},
{
  "model": "App_LUMINOVA.componenteproducto",
  "pk": 11,
  "fields": {
    "producto_terminado": 2,
    "insumo": 5,
    "cantidad_necesaria": 1
  }
},
{
  "model": "App_LUMINOVA.componenteproducto",
  "pk": 12,
  "fields": {
    "producto_terminado": 2,
    "insumo": 6,
    "cantidad_necesaria": 1
  }
},
{
  "model": "App_LUMINOVA.componenteproducto",
  "pk": 13,
  "fields": {
    "producto_terminado": 2,
    "insumo": 8,
    "cantidad_necesaria": 1
  }
},
{
  "model": "App_LUMINOVA.componenteproducto",
  "pk": 14,
  "fields": {
    "producto_terminado": 3,
    "insumo": 41,
    "cantidad_necesaria": 1
  }
},
{
  "model": "App_LUMINOVA.componenteproducto",
  "pk": 15,
  "fields": {
    "producto_terminado": 3,
    "insumo": 14,
    "cantidad_necesaria": 1
  }
},
{
  "model": "App_LUMINOVA.componenteproducto",
  "pk": 16,
  "fields": {
    "producto_terminado": 3,
    "insumo": 28,
    "cantidad_necesaria": 1
  }
},
{
  "model": "App_LUMINOVA.componenteproducto",
  "pk": 17,
  "fields": {
    "producto_terminado": 3,
    "insumo": 53,
    "cantidad_necesaria": 1
  }
},
{
  "model": "App_LUMINOVA.componenteproducto",
  "pk": 18,
  "fields": {
    "producto_terminado": 4,
    "insumo": 6,
    "cantidad_necesaria": 1
  }
},
{
  "model": "App_LUMINOVA.componenteproducto",
  "pk": 19,
  "fields": {
    "producto_terminado": 4,
    "insumo": 4,
    "cantidad_necesaria": 1
  }
},
{
  "model": "App_LUMINOVA.componenteproducto",
  "pk": 20,
  "fields": {
    "producto_terminado": 4,
    "insumo": 3,
    "cantidad_necesaria": 1
  }
},
{
  "model": "App_LUMINOVA.componenteproducto",
  "pk": 21,
  "fields": {
    "producto_terminado": 4,
    "insumo": 37,
    "cantidad_necesaria": 1
  }
},
{
  "model": "App_LUMINOVA.componenteproducto",
  "pk": 22,
  "fields": {
    "producto_terminado": 5,
    "insumo": 41,
    "cantidad_necesaria": 1
  }
},
{
  "model": "App_LUMINOVA.componenteproducto",
  "pk": 23,
  "fields": {
    "producto_terminado": 5,
    "insumo": 27,
    "cantidad_necesaria": 1
  }
},
{
  "model": "App_LUMINOVA.componenteproducto",
  "pk": 24,
  "fields": {
    "producto_terminado": 5,
    "insumo": 15,
    "cantidad_necesaria": 1
  }
},
{
  "model": "App_LUMINOVA.componenteproducto",
  "pk": 25,
  "fields": {
    "producto_terminado": 6,
    "insumo": 8,
    "cantidad_necesaria": 1
  }
},
{
  "model": "App_LUMINOVA.componenteproducto",
  "pk": 26,
  "fields": {
    "producto_terminado": 6,
    "insumo": 45,
    "cantidad_necesaria": 1
  }
},
{
  "model": "App_LUMINOVA.componenteproducto",
  "pk": 27,
  "fields": {
    "producto_terminado": 6,
    "insumo": 13,
    "cantidad_necesaria": 1
  }
},
{
  "model": "App_LUMINOVA.componenteproducto",
  "pk": 28,
  "fields": {
    "producto_terminado": 6,
    "insumo": 53,
    "cantidad_necesaria": 1
  }
},
{
  "model": "App_LUMINOVA.componenteproducto",
  "pk": 29,
  "fields": {
    "producto_terminado": 6,
    "insumo": 54,
    "cantidad_necesaria": 1
  }
},
{
  "model": "App_LUMINOVA.componenteproducto",
  "pk": 30,
  "fields": {
    "producto_terminado": 6,
    "insumo": 2,
    "cantidad_necesaria": 1
  }
},
{
  "model": "App_LUMINOVA.componenteproducto",
  "pk": 31,
  "fields": {
    "producto_terminado": 6,
    "insumo": 39,
    "cantidad_necesaria": 1
  }
},
{
  "model": "App_LUMINOVA.componenteproducto",
  "pk": 32,
  "fields": {
    "producto_terminado": 7,
    "insumo": 49,
    "cantidad_necesaria": 1
  }
},
{
  "model": "App_LUMINOVA.componenteproducto",
  "pk": 33,
  "fields": {
    "producto_terminado": 7,
    "insumo": 42,
    "cantidad_necesaria": 1
  }
},
{
  "model": "App_LUMINOVA.componenteproducto",
  "pk": 34,
  "fields": {
    "producto_terminado": 7,
    "insumo": 30,
    "cantidad_necesaria": 1
  }
},
{
  "model": "App_LUMINOVA.componenteproducto",
  "pk": 35,
  "fields": {
    "producto_terminado": 7,
    "insumo": 14,
    "cantidad_necesaria": 1
  }
},
{
  "model": "App_LUMINOVA.componenteproducto",
  "pk": 36,
  "fields": {
    "producto_terminado": 8,
    "insumo": 9,
    "cantidad_necesaria": 1
  }
},
{
  "model": "App_LUMINOVA.componenteproducto",
  "pk": 37,
  "fields": {
    "producto_terminado": 8,
    "insumo": 4,
    "cantidad_necesaria": 1
  }
},
{
  "model": "App_LUMINOVA.componenteproducto",
  "pk": 38,
  "fields": {
    "producto_terminado": 8,
    "insumo": 19,
    "cantidad_necesaria": 1
  }
},
{
  "model": "App_LUMINOVA.componenteproducto",
  "pk": 39,
  "fields": {
    "producto_terminado": 8,
    "insumo": 13,
    "cantidad_necesaria": 1
  }
},
{
  "model": "App_LUMINOVA.componenteproducto",
  "pk": 40,
  "fields": {
    "producto_terminado": 8,
    "insumo": 53,
    "cantidad_necesaria": 1
  }
},
{
  "model": "App_LUMINOVA.componenteproducto",
  "pk": 41,
  "fields": {
    "producto_terminado": 8,
    "insumo": 28,
    "cantidad_necesaria": 1
  }
},
{
  "model": "App_LUMINOVA.cliente",
  "pk": 1,
  "fields": {
    "nombre": "Federico Tomás Paal",
    "direccion": "Avenida Siempre Viva 742",
    "telefono": "+54 11 4567-8909",
    "email": "federicopaal@gmail.com"
  }
},
{
  "model": "App_LUMINOVA.cliente",
  "pk": 2,
  "fields": {
    "nombre": "Daro Gmnz",
    "direccion": "Avenida Siempre Viva 742",
    "telefono": "+54 11 6969 1234",
    "email": "dgimenez.developer@gmail.com"
  }
},
{
  "model": "App_LUMINOVA.cliente",
  "pk": 3,
  "fields": {
    "nombre": "Franco",
    "direccion": "Avenida 123",
    "telefono": "+1 925-583-8452",
    "email": "franco@gmail.com"
  }
},
{
  "model": "App_LUMINOVA.ordenventa",
  "pk": 21,
  "fields": {
    "numero_ov": "OV-0001",
    "cliente": 1,
    "fecha_creacion": "2025-05-29T20:59:20.896Z",
    "estado": "CANCELADA",
    "total_ov": "0.18",
    "notas": ""
  }
},
{
  "model": "App_LUMINOVA.ordenventa",
  "pk": 22,
  "fields": {
    "numero_ov": "OV-0002",
    "cliente": 1,
    "fecha_creacion": "2025-05-29T21:02:26.089Z",
    "estado": "COMPLETADA",
    "total_ov": "0.04",
    "notas": ""
  }
},
{
  "model": "App_LUMINOVA.ordenventa",
  "pk": 23,
  "fields": {
    "numero_ov": "OV-0003",
    "cliente": 1,
    "fecha_creacion": "2025-05-29T21:59:04.692Z",
    "estado": "LISTA_ENTREGA",
    "total_ov": "0.02",
    "notas": ""
  }
},
{
  "model": "App_LUMINOVA.ordenventa",
  "pk": 24,
  "fields": {
    "numero_ov": "OV-0004",
    "cliente": 1,
    "fecha_creacion": "2025-05-29T22:06:31.744Z",
    "estado": "COMPLETADA",
    "total_ov": "0.02",
    "notas": ""
  }
},
{
  "model": "App_LUMINOVA.ordenventa",
  "pk": 25,
  "fields": {
    "numero_ov": "OV-0005",
    "cliente": 1,
    "fecha_creacion": "2025-05-29T23:21:47.455Z",
    "estado": "LISTA_ENTREGA",
    "total_ov": "0.02",
    "notas": "forro"
  }
},
{
  "model": "App_LUMINOVA.ordenventa",
  "pk": 26,
  "fields": {
    "numero_ov": "OV-0006",
    "cliente": 1,
    "fecha_creacion": "2025-05-31T00:00:38.914Z",
    "estado": "CANCELADA",
    "total_ov": "0.02",
    "notas": ""
  }
},
{
  "model": "App_LUMINOVA.ordenventa",
  "pk": 27,
  "fields": {
    "numero_ov": "OV-0007",
    "cliente": 1,
    "fecha_creacion": "2025-05-31T00:20:50.142Z",
    "estado": "COMPLETADA",
    "total_ov": "0.02",
    "notas": ""
  }
},
{
  "model": "App_LUMINOVA.ordenventa",
  "pk": 28,
  "fields": {
    "numero_ov": "OV-0008",
    "cliente": 1,
    "fecha_creacion": "2025-05-31T00:21:16.707Z",
    "estado": "COMPLETADA",
    "total_ov": "0.02",
    "notas": "bla bla bla 3"
  }
},
{
  "model": "App_LUMINOVA.ordenventa",
  "pk": 29,
  "fields": {
    "numero_ov": "OV-0009",
    "cliente": 1,
    "fecha_creacion": "2025-05-31T00:59:08.788Z",
    "estado": "COMPLETADA",
    "total_ov": "0.02",
    "notas": ""
  }
},
{
  "model": "App_LUMINOVA.ordenventa",
  "pk": 30,
  "fields": {
    "numero_ov": "OV-0010",
    "cliente": 1,
    "fecha_creacion": "2025-06-01T00:26:42.352Z",
    "estado": "COMPLETADA",
    "total_ov": "0.02",
    "notas": "Prueba 1"
  }
},
{
  "model": "App_LUMINOVA.ordenventa",
  "pk": 31,
  "fields": {
    "numero_ov": "OV-0011",
    "cliente": 1,
    "fecha_creacion": "2025-06-01T02:15:53.954Z",
    "estado": "CANCELADA",
    "total_ov": "0.02",
    "notas": "Prueba 1"
  }
},
{
  "model": "App_LUMINOVA.ordenventa",
  "pk": 32,
  "fields": {
    "numero_ov": "OV-0012",
    "cliente": 1,
    "fecha_creacion": "2025-06-01T02:41:36.047Z",
    "estado": "COMPLETADA",
    "total_ov": "0.02",
    "notas": "Prueba 2"
  }
},
{
  "model": "App_LUMINOVA.ordenventa",
  "pk": 33,
  "fields": {
    "numero_ov": "OV-0013",
    "cliente": 1,
    "fecha_creacion": "2025-06-01T02:50:12.570Z",
    "estado": "COMPLETADA",
    "total_ov": "0.02",
    "notas": "Prueba 3"
  }
},
{
  "model": "App_LUMINOVA.ordenventa",
  "pk": 34,
  "fields": {
    "numero_ov": "OV-0014",
    "cliente": 1,
    "fecha_creacion": "2025-06-01T02:54:17.187Z",
    "estado": "COMPLETADA",
    "total_ov": "0.02",
    "notas": "PRUEBA 4"
  }
},
{
  "model": "App_LUMINOVA.ordenventa",
  "pk": 35,
  "fields": {
    "numero_ov": "OV-0015",
    "cliente": 1,
    "fecha_creacion": "2025-06-01T12:29:41.997Z",
    "estado": "COMPLETADA",
    "total_ov": "0.02",
    "notas": ""
  }
},
{
  "model": "App_LUMINOVA.ordenventa",
  "pk": 36,
  "fields": {
    "numero_ov": "OV-0016",
    "cliente": 1,
    "fecha_creacion": "2025-06-02T16:40:21.580Z",
    "estado": "COMPLETADA",
    "total_ov": "0.02",
    "notas": "Prueba 1000"
  }
},
{
  "model": "App_LUMINOVA.ordenventa",
  "pk": 37,
  "fields": {
    "numero_ov": "OV-0017",
    "cliente": 1,
    "fecha_creacion": "2025-06-02T23:50:34.178Z",
    "estado": "COMPLETADA",
    "total_ov": "0.02",
    "notas": ""
  }
},
{
  "model": "App_LUMINOVA.ordenventa",
  "pk": 39,
  "fields": {
    "numero_ov": "OV-0018",
    "cliente": 1,
    "fecha_creacion": "2025-06-14T21:19:07.844Z",
    "estado": "COMPLETADA",
    "total_ov": "0.02",
    "notas": "Prueba de Edición de OV"
  }
},
{
  "model": "App_LUMINOVA.ordenventa",
  "pk": 40,
  "fields": {
    "numero_ov": "OV-0019",
    "cliente": 1,
    "fecha_creacion": "2025-06-15T13:52:01.491Z",
    "estado": "COMPLETADA",
    "total_ov": "0.02",
    "notas": ""
  }
},
{
  "model": "App_LUMINOVA.ordenventa",
  "pk": 41,
  "fields": {
    "numero_ov": "OV-0020",
    "cliente": 1,
    "fecha_creacion": "2025-06-15T14:14:53.011Z",
    "estado": "COMPLETADA",
    "total_ov": "20.00",
    "notas": ""
  }
},
{
  "model": "App_LUMINOVA.ordenventa",
  "pk": 42,
  "fields": {
    "numero_ov": "OV-0021",
    "cliente": 1,
    "fecha_creacion": "2025-06-15T14:17:10.982Z",
    "estado": "COMPLETADA",
    "total_ov": "0.02",
    "notas": ""
  }
},
{
  "model": "App_LUMINOVA.ordenventa",
  "pk": 43,
  "fields": {
    "numero_ov": "OV-0022",
    "cliente": 1,
    "fecha_creacion": "2025-06-15T14:28:45.208Z",
    "estado": "COMPLETADA",
    "total_ov": "0.20",
    "notas": ""
  }
},
{
  "model": "App_LUMINOVA.ordenventa",
  "pk": 44,
  "fields": {
    "numero_ov": "OV-0023",
    "cliente": 1,
    "fecha_creacion": "2025-06-15T14:43:51.119Z",
    "estado": "COMPLETADA",
    "total_ov": "0.02",
    "notas": ""
  }
},
{
  "model": "App_LUMINOVA.ordenventa",
  "pk": 45,
  "fields": {
    "numero_ov": "OV-0024",
    "cliente": 1,
    "fecha_creacion": "2025-06-15T14:50:05.834Z",
    "estado": "COMPLETADA",
    "total_ov": "2.00",
    "notas": ""
  }
},
{
  "model": "App_LUMINOVA.ordenventa",
  "pk": 46,
  "fields": {
    "numero_ov": "OV-0025",
    "cliente": 1,
    "fecha_creacion": "2025-06-15T15:44:58.632Z",
    "estado": "COMPLETADA",
    "total_ov": "2.22",
    "notas": ""
  }
},
{
  "model": "App_LUMINOVA.ordenventa",
  "pk": 47,
  "fields": {
    "numero_ov": "OV-0026",
    "cliente": 1,
    "fecha_creacion": "2025-06-15T23:35:05.264Z",
    "estado": "COMPLETADA",
    "total_ov": "2.00",
    "notas": ""
  }
},
{
  "model": "App_LUMINOVA.ordenventa",
  "pk": 48,
  "fields": {
    "numero_ov": "OV-0027",
    "cliente": 1,
    "fecha_creacion": "2025-06-16T09:12:19.196Z",
    "estado": "COMPLETADA",
    "total_ov": "0.02",
    "notas": ""
  }
},
{
  "model": "App_LUMINOVA.ordenventa",
  "pk": 49,
  "fields": {
    "numero_ov": "OV-0028",
    "cliente": 1,
    "fecha_creacion": "2025-06-16T09:21:52.710Z",
    "estado": "COMPLETADA",
    "total_ov": "0.02",
    "notas": ""
  }
},
{
  "model": "App_LUMINOVA.ordenventa",
  "pk": 50,
  "fields": {
    "numero_ov": "OV-0029",
    "cliente": 1,
    "fecha_creacion": "2025-06-16T11:37:09.256Z",
    "estado": "COMPLETADA",
    "total_ov": "0.02",
    "notas": "Urgente"
  }
},
{
  "model": "App_LUMINOVA.ordenventa",
  "pk": 51,
  "fields": {
    "numero_ov": "OV-0030",
    "cliente": 1,
    "fecha_creacion": "2025-06-16T12:46:13.098Z",
    "estado": "CANCELADA",
    "total_ov": "0.02",
    "notas": ""
  }
},
{
  "model": "App_LUMINOVA.ordenventa",
  "pk": 52,
  "fields": {
    "numero_ov": "OV-0031",
    "cliente": 1,
    "fecha_creacion": "2025-06-16T12:48:32.805Z",
    "estado": "COMPLETADA",
    "total_ov": "0.02",
    "notas": ""
  }
},
{
  "model": "App_LUMINOVA.ordenventa",
  "pk": 53,
  "fields": {
    "numero_ov": "OV-0032",
    "cliente": 2,
    "fecha_creacion": "2025-06-18T20:49:00.531Z",
    "estado": "COMPLETADA",
    "total_ov": "90.10",
    "notas": ""
  }
},
{
  "model": "App_LUMINOVA.ordenventa",
  "pk": 54,
  "fields": {
    "numero_ov": "OV-0033",
    "cliente": 2,
    "fecha_creacion": "2025-06-18T21:34:35.748Z",
    "estado": "COMPLETADA",
    "total_ov": "0.04",
    "notas": ""
  }
},
{
  "model": "App_LUMINOVA.ordenventa",
  "pk": 55,
  "fields": {
    "numero_ov": "OV-0034",
    "cliente": 2,
    "fecha_creacion": "2025-06-18T21:44:08.706Z",
    "estado": "COMPLETADA",
    "total_ov": "0.06",
    "notas": ""
  }
},
{
  "model": "App_LUMINOVA.ordenventa",
  "pk": 56,
  "fields": {
    "numero_ov": "OV-0035",
    "cliente": 2,
    "fecha_creacion": "2025-06-18T22:46:34.811Z",
    "estado": "COMPLETADA",
    "total_ov": "30.00",
    "notas": ""
  }
},
{
  "model": "App_LUMINOVA.ordenventa",
  "pk": 57,
  "fields": {
    "numero_ov": "OV-0036",
    "cliente": 1,
    "fecha_creacion": "2025-06-18T23:18:35.229Z",
    "estado": "COMPLETADA",
    "total_ov": "30.00",
    "notas": ""
  }
},
{
  "model": "App_LUMINOVA.ordenventa",
  "pk": 58,
  "fields": {
    "numero_ov": "OV-0037",
    "cliente": 2,
    "fecha_creacion": "2025-06-20T00:31:42.464Z",
    "estado": "COMPLETADA",
    "total_ov": "90.00",
    "notas": "bla"
  }
},
{
  "model": "App_LUMINOVA.ordenventa",
  "pk": 59,
  "fields": {
    "numero_ov": "OV-0038",
    "cliente": 1,
    "fecha_creacion": "2025-06-20T00:36:13.799Z",
    "estado": "COMPLETADA",
    "total_ov": "0.10",
    "notas": ""
  }
},
{
  "model": "App_LUMINOVA.ordenventa",
  "pk": 60,
  "fields": {
    "numero_ov": "OV-0039",
    "cliente": 2,
    "fecha_creacion": "2025-06-20T00:36:40.108Z",
    "estado": "COMPLETADA",
    "total_ov": "0.06",
    "notas": ""
  }
},
{
  "model": "App_LUMINOVA.ordenventa",
  "pk": 61,
  "fields": {
    "numero_ov": "OV-0040",
    "cliente": 2,
    "fecha_creacion": "2025-06-20T00:37:34.173Z",
    "estado": "COMPLETADA",
    "total_ov": "30.00",
    "notas": ""
  }
},
{
  "model": "App_LUMINOVA.ordenventa",
  "pk": 62,
  "fields": {
    "numero_ov": "OV-0041",
    "cliente": 1,
    "fecha_creacion": "2025-06-20T00:38:26.973Z",
    "estado": "COMPLETADA",
    "total_ov": "150.00",
    "notas": ""
  }
},
{
  "model": "App_LUMINOVA.ordenventa",
  "pk": 63,
  "fields": {
    "numero_ov": "OV-0042",
    "cliente": 2,
    "fecha_creacion": "2025-06-20T17:48:14.276Z",
    "estado": "COMPLETADA",
    "total_ov": "90.04",
    "notas": "bla"
  }
},
{
  "model": "App_LUMINOVA.ordenventa",
  "pk": 64,
  "fields": {
    "numero_ov": "OV-0043",
    "cliente": 1,
    "fecha_creacion": "2025-06-20T18:38:29.837Z",
    "estado": "COMPLETADA",
    "total_ov": "90.08",
    "notas": ""
  }
},
{
  "model": "App_LUMINOVA.ordenventa",
  "pk": 65,
  "fields": {
    "numero_ov": "OV-0044",
    "cliente": 2,
    "fecha_creacion": "2025-06-20T22:15:12.073Z",
    "estado": "COMPLETADA",
    "total_ov": "0.06",
    "notas": ""
  }
},
{
  "model": "App_LUMINOVA.ordenventa",
  "pk": 66,
  "fields": {
    "numero_ov": "OV-0045",
    "cliente": 1,
    "fecha_creacion": "2025-06-24T00:05:05.248Z",
    "estado": "COMPLETADA",
    "total_ov": "90.00",
    "notas": ""
  }
},
{
  "model": "App_LUMINOVA.ordenventa",
  "pk": 67,
  "fields": {
    "numero_ov": "OV-0046",
    "cliente": 2,
    "fecha_creacion": "2025-06-24T00:52:04.366Z",
    "estado": "COMPLETADA",
    "total_ov": "30.00",
    "notas": ""
  }
},
{
  "model": "App_LUMINOVA.ordenventa",
  "pk": 68,
  "fields": {
    "numero_ov": "OV-0047",
    "cliente": 3,
    "fecha_creacion": "2025-06-25T15:32:23.567Z",
    "estado": "COMPLETADA",
    "total_ov": "2430.00",
    "notas": ""
  }
},
{
  "model": "App_LUMINOVA.ordenventa",
  "pk": 69,
  "fields": {
    "numero_ov": "OV-0048",
    "cliente": 3,
    "fecha_creacion": "2025-06-25T15:39:18.597Z",
    "estado": "COMPLETADA",
    "total_ov": "530.00",
    "notas": ""
  }
},
{
  "model": "App_LUMINOVA.ordenventa",
  "pk": 70,
  "fields": {
    "numero_ov": "OV-0049",
    "cliente": 2,
    "fecha_creacion": "2025-06-27T15:59:19.133Z",
    "estado": "COMPLETADA",
    "total_ov": "840.00",
    "notas": ""
  }
},
{
  "model": "App_LUMINOVA.ordenventa",
  "pk": 71,
  "fields": {
    "numero_ov": "OV-0050",
    "cliente": 2,
    "fecha_creacion": "2025-06-27T17:23:35.776Z",
    "estado": "COMPLETADA",
    "total_ov": "550.00",
    "notas": ""
  }
},
{
  "model": "App_LUMINOVA.ordenventa",
  "pk": 72,
  "fields": {
    "numero_ov": "OV-0051",
    "cliente": 2,
    "fecha_creacion": "2025-07-04T20:20:07.631Z",
    "estado": "COMPLETADA",
    "total_ov": "0.02",
    "notas": "Urgente"
  }
},
{
  "model": "App_LUMINOVA.ordenventa",
  "pk": 73,
  "fields": {
    "numero_ov": "OV-0052",
    "cliente": 2,
    "fecha_creacion": "2025-07-04T20:26:58.459Z",
    "estado": "LISTA_ENTREGA",
    "total_ov": "420.00",
    "notas": ""
  }
},
{
  "model": "App_LUMINOVA.ordenventa",
  "pk": 74,
  "fields": {
    "numero_ov": "OV-00074",
    "cliente": 2,
    "fecha_creacion": "2025-07-04T22:27:45.019Z",
    "estado": "PENDIENTE",
    "total_ov": "530.00",
    "notas": ""
  }
},
{
  "model": "App_LUMINOVA.itemordenventa",
  "pk": 22,
  "fields": {
    "orden_venta": 21,
    "producto_terminado": 1,
    "cantidad": 6,
    "precio_unitario_venta": "0.02",
    "subtotal": "0.12"
  }
},
{
  "model": "App_LUMINOVA.itemordenventa",
  "pk": 23,
  "fields": {
    "orden_venta": 21,
    "producto_terminado": 1,
    "cantidad": 3,
    "precio_unitario_venta": "0.02",
    "subtotal": "0.06"
  }
},
{
  "model": "App_LUMINOVA.itemordenventa",
  "pk": 24,
  "fields": {
    "orden_venta": 22,
    "producto_terminado": 1,
    "cantidad": 2,
    "precio_unitario_venta": "0.02",
    "subtotal": "0.04"
  }
},
{
  "model": "App_LUMINOVA.itemordenventa",
  "pk": 25,
  "fields": {
    "orden_venta": 23,
    "producto_terminado": 1,
    "cantidad": 1,
    "precio_unitario_venta": "0.02",
    "subtotal": "0.02"
  }
},
{
  "model": "App_LUMINOVA.itemordenventa",
  "pk": 26,
  "fields": {
    "orden_venta": 24,
    "producto_terminado": 1,
    "cantidad": 1,
    "precio_unitario_venta": "0.02",
    "subtotal": "0.02"
  }
},
{
  "model": "App_LUMINOVA.itemordenventa",
  "pk": 27,
  "fields": {
    "orden_venta": 25,
    "producto_terminado": 1,
    "cantidad": 1,
    "precio_unitario_venta": "0.02",
    "subtotal": "0.02"
  }
},
{
  "model": "App_LUMINOVA.itemordenventa",
  "pk": 28,
  "fields": {
    "orden_venta": 26,
    "producto_terminado": 1,
    "cantidad": 1,
    "precio_unitario_venta": "0.02",
    "subtotal": "0.02"
  }
},
{
  "model": "App_LUMINOVA.itemordenventa",
  "pk": 29,
  "fields": {
    "orden_venta": 27,
    "producto_terminado": 1,
    "cantidad": 1,
    "precio_unitario_venta": "0.02",
    "subtotal": "0.02"
  }
},
{
  "model": "App_LUMINOVA.itemordenventa",
  "pk": 30,
  "fields": {
    "orden_venta": 28,
    "producto_terminado": 1,
    "cantidad": 1,
    "precio_unitario_venta": "0.02",
    "subtotal": "0.02"
  }
},
{
  "model": "App_LUMINOVA.itemordenventa",
  "pk": 31,
  "fields": {
    "orden_venta": 29,
    "producto_terminado": 1,
    "cantidad": 1,
    "precio_unitario_venta": "0.02",
    "subtotal": "0.02"
  }
},
{
  "model": "App_LUMINOVA.itemordenventa",
  "pk": 32,
  "fields": {
    "orden_venta": 30,
    "producto_terminado": 1,
    "cantidad": 1,
    "precio_unitario_venta": "0.02",
    "subtotal": "0.02"
  }
},
{
  "model": "App_LUMINOVA.itemordenventa",
  "pk": 33,
  "fields": {
    "orden_venta": 31,
    "producto_terminado": 1,
    "cantidad": 1,
    "precio_unitario_venta": "0.02",
    "subtotal": "0.02"
  }
},
{
  "model": "App_LUMINOVA.itemordenventa",
  "pk": 34,
  "fields": {
    "orden_venta": 32,
    "producto_terminado": 1,
    "cantidad": 1,
    "precio_unitario_venta": "0.02",
    "subtotal": "0.02"
  }
},
{
  "model": "App_LUMINOVA.itemordenventa",
  "pk": 35,
  "fields": {
    "orden_venta": 33,
    "producto_terminado": 1,
    "cantidad": 1,
    "precio_unitario_venta": "0.02",
    "subtotal": "0.02"
  }
},
{
  "model": "App_LUMINOVA.itemordenventa",
  "pk": 36,
  "fields": {
    "orden_venta": 34,
    "producto_terminado": 1,
    "cantidad": 1,
    "precio_unitario_venta": "0.02",
    "subtotal": "0.02"
  }
},
{
  "model": "App_LUMINOVA.itemordenventa",
  "pk": 37,
  "fields": {
    "orden_venta": 35,
    "producto_terminado": 1,
    "cantidad": 1,
    "precio_unitario_venta": "0.02",
    "subtotal": "0.02"
  }
},
{
  "model": "App_LUMINOVA.itemordenventa",
  "pk": 38,
  "fields": {
    "orden_venta": 36,
    "producto_terminado": 1,
    "cantidad": 1,
    "precio_unitario_venta": "0.02",
    "subtotal": "0.02"
  }
},
{
  "model": "App_LUMINOVA.itemordenventa",
  "pk": 39,
  "fields": {
    "orden_venta": 37,
    "producto_terminado": 1,
    "cantidad": 1,
    "precio_unitario_venta": "0.02",
    "subtotal": "0.02"
  }
},
{
  "model": "App_LUMINOVA.itemordenventa",
  "pk": 41,
  "fields": {
    "orden_venta": 39,
    "producto_terminado": 1,
    "cantidad": 1,
    "precio_unitario_venta": "0.02",
    "subtotal": "0.02"
  }
},
{
  "model": "App_LUMINOVA.itemordenventa",
  "pk": 42,
  "fields": {
    "orden_venta": 40,
    "producto_terminado": 1,
    "cantidad": 1,
    "precio_unitario_venta": "0.02",
    "subtotal": "0.02"
  }
},
{
  "model": "App_LUMINOVA.itemordenventa",
  "pk": 43,
  "fields": {
    "orden_venta": 41,
    "producto_terminado": 1,
    "cantidad": 1000,
    "precio_unitario_venta": "0.02",
    "subtotal": "20.00"
  }
},
{
  "model": "App_LUMINOVA.itemordenventa",
  "pk": 44,
  "fields": {
    "orden_venta": 42,
    "producto_terminado": 1,
    "cantidad": 1,
    "precio_unitario_venta": "0.02",
    "subtotal": "0.02"
  }
},
{
  "model": "App_LUMINOVA.itemordenventa",
  "pk": 45,
  "fields": {
    "orden_venta": 43,
    "producto_terminado": 1,
    "cantidad": 10,
    "precio_unitario_venta": "0.02",
    "subtotal": "0.20"
  }
},
{
  "model": "App_LUMINOVA.itemordenventa",
  "pk": 46,
  "fields": {
    "orden_venta": 44,
    "producto_terminado": 1,
    "cantidad": 1,
    "precio_unitario_venta": "0.02",
    "subtotal": "0.02"
  }
},
{
  "model": "App_LUMINOVA.itemordenventa",
  "pk": 47,
  "fields": {
    "orden_venta": 45,
    "producto_terminado": 1,
    "cantidad": 100,
    "precio_unitario_venta": "0.02",
    "subtotal": "2.00"
  }
},
{
  "model": "App_LUMINOVA.itemordenventa",
  "pk": 48,
  "fields": {
    "orden_venta": 46,
    "producto_terminado": 1,
    "cantidad": 10,
    "precio_unitario_venta": "0.02",
    "subtotal": "0.20"
  }
},
{
  "model": "App_LUMINOVA.itemordenventa",
  "pk": 51,
  "fields": {
    "orden_venta": 46,
    "producto_terminado": 1,
    "cantidad": 100,
    "precio_unitario_venta": "0.02",
    "subtotal": "2.00"
  }
},
{
  "model": "App_LUMINOVA.itemordenventa",
  "pk": 52,
  "fields": {
    "orden_venta": 47,
    "producto_terminado": 1,
    "cantidad": 100,
    "precio_unitario_venta": "0.02",
    "subtotal": "2.00"
  }
},
{
  "model": "App_LUMINOVA.itemordenventa",
  "pk": 53,
  "fields": {
    "orden_venta": 47,
    "producto_terminado": 1,
    "cantidad": 1,
    "precio_unitario_venta": "0.02",
    "subtotal": "0.02"
  }
},
{
  "model": "App_LUMINOVA.itemordenventa",
  "pk": 54,
  "fields": {
    "orden_venta": 48,
    "producto_terminado": 1,
    "cantidad": 1,
    "precio_unitario_venta": "0.02",
    "subtotal": "0.02"
  }
},
{
  "model": "App_LUMINOVA.itemordenventa",
  "pk": 55,
  "fields": {
    "orden_venta": 49,
    "producto_terminado": 1,
    "cantidad": 1,
    "precio_unitario_venta": "0.02",
    "subtotal": "0.02"
  }
},
{
  "model": "App_LUMINOVA.itemordenventa",
  "pk": 56,
  "fields": {
    "orden_venta": 50,
    "producto_terminado": 1,
    "cantidad": 1,
    "precio_unitario_venta": "0.02",
    "subtotal": "0.02"
  }
},
{
  "model": "App_LUMINOVA.itemordenventa",
  "pk": 57,
  "fields": {
    "orden_venta": 51,
    "producto_terminado": 1,
    "cantidad": 1,
    "precio_unitario_venta": "0.02",
    "subtotal": "0.02"
  }
},
{
  "model": "App_LUMINOVA.itemordenventa",
  "pk": 58,
  "fields": {
    "orden_venta": 52,
    "producto_terminado": 1,
    "cantidad": 1,
    "precio_unitario_venta": "0.02",
    "subtotal": "0.02"
  }
},
{
  "model": "App_LUMINOVA.itemordenventa",
  "pk": 59,
  "fields": {
    "orden_venta": 53,
    "producto_terminado": 2,
    "cantidad": 3,
    "precio_unitario_venta": "30.00",
    "subtotal": "90.00"
  }
},
{
  "model": "App_LUMINOVA.itemordenventa",
  "pk": 60,
  "fields": {
    "orden_venta": 53,
    "producto_terminado": 1,
    "cantidad": 5,
    "precio_unitario_venta": "0.02",
    "subtotal": "0.10"
  }
},
{
  "model": "App_LUMINOVA.itemordenventa",
  "pk": 61,
  "fields": {
    "orden_venta": 54,
    "producto_terminado": 1,
    "cantidad": 2,
    "precio_unitario_venta": "0.02",
    "subtotal": "0.04"
  }
},
{
  "model": "App_LUMINOVA.itemordenventa",
  "pk": 62,
  "fields": {
    "orden_venta": 55,
    "producto_terminado": 1,
    "cantidad": 3,
    "precio_unitario_venta": "0.02",
    "subtotal": "0.06"
  }
},
{
  "model": "App_LUMINOVA.itemordenventa",
  "pk": 63,
  "fields": {
    "orden_venta": 56,
    "producto_terminado": 2,
    "cantidad": 1,
    "precio_unitario_venta": "30.00",
    "subtotal": "30.00"
  }
},
{
  "model": "App_LUMINOVA.itemordenventa",
  "pk": 64,
  "fields": {
    "orden_venta": 57,
    "producto_terminado": 2,
    "cantidad": 1,
    "precio_unitario_venta": "30.00",
    "subtotal": "30.00"
  }
},
{
  "model": "App_LUMINOVA.itemordenventa",
  "pk": 65,
  "fields": {
    "orden_venta": 58,
    "producto_terminado": 2,
    "cantidad": 3,
    "precio_unitario_venta": "30.00",
    "subtotal": "90.00"
  }
},
{
  "model": "App_LUMINOVA.itemordenventa",
  "pk": 66,
  "fields": {
    "orden_venta": 59,
    "producto_terminado": 1,
    "cantidad": 5,
    "precio_unitario_venta": "0.02",
    "subtotal": "0.10"
  }
},
{
  "model": "App_LUMINOVA.itemordenventa",
  "pk": 67,
  "fields": {
    "orden_venta": 60,
    "producto_terminado": 1,
    "cantidad": 3,
    "precio_unitario_venta": "0.02",
    "subtotal": "0.06"
  }
},
{
  "model": "App_LUMINOVA.itemordenventa",
  "pk": 68,
  "fields": {
    "orden_venta": 61,
    "producto_terminado": 2,
    "cantidad": 1,
    "precio_unitario_venta": "30.00",
    "subtotal": "30.00"
  }
},
{
  "model": "App_LUMINOVA.itemordenventa",
  "pk": 69,
  "fields": {
    "orden_venta": 62,
    "producto_terminado": 2,
    "cantidad": 5,
    "precio_unitario_venta": "30.00",
    "subtotal": "150.00"
  }
},
{
  "model": "App_LUMINOVA.itemordenventa",
  "pk": 70,
  "fields": {
    "orden_venta": 63,
    "producto_terminado": 2,
    "cantidad": 3,
    "precio_unitario_venta": "30.00",
    "subtotal": "90.00"
  }
},
{
  "model": "App_LUMINOVA.itemordenventa",
  "pk": 71,
  "fields": {
    "orden_venta": 63,
    "producto_terminado": 1,
    "cantidad": 2,
    "precio_unitario_venta": "0.02",
    "subtotal": "0.04"
  }
},
{
  "model": "App_LUMINOVA.itemordenventa",
  "pk": 72,
  "fields": {
    "orden_venta": 64,
    "producto_terminado": 1,
    "cantidad": 4,
    "precio_unitario_venta": "0.02",
    "subtotal": "0.08"
  }
},
{
  "model": "App_LUMINOVA.itemordenventa",
  "pk": 73,
  "fields": {
    "orden_venta": 64,
    "producto_terminado": 2,
    "cantidad": 3,
    "precio_unitario_venta": "30.00",
    "subtotal": "90.00"
  }
},
{
  "model": "App_LUMINOVA.itemordenventa",
  "pk": 74,
  "fields": {
    "orden_venta": 65,
    "producto_terminado": 1,
    "cantidad": 3,
    "precio_unitario_venta": "0.02",
    "subtotal": "0.06"
  }
},
{
  "model": "App_LUMINOVA.itemordenventa",
  "pk": 75,
  "fields": {
    "orden_venta": 66,
    "producto_terminado": 2,
    "cantidad": 3,
    "precio_unitario_venta": "30.00",
    "subtotal": "90.00"
  }
},
{
  "model": "App_LUMINOVA.itemordenventa",
  "pk": 76,
  "fields": {
    "orden_venta": 67,
    "producto_terminado": 2,
    "cantidad": 1,
    "precio_unitario_venta": "30.00",
    "subtotal": "30.00"
  }
},
{
  "model": "App_LUMINOVA.itemordenventa",
  "pk": 77,
  "fields": {
    "orden_venta": 68,
    "producto_terminado": 4,
    "cantidad": 2,
    "precio_unitario_venta": "420.00",
    "subtotal": "840.00"
  }
},
{
  "model": "App_LUMINOVA.itemordenventa",
  "pk": 78,
  "fields": {
    "orden_venta": 68,
    "producto_terminado": 5,
    "cantidad": 3,
    "precio_unitario_venta": "530.00",
    "subtotal": "1590.00"
  }
},
{
  "model": "App_LUMINOVA.itemordenventa",
  "pk": 79,
  "fields": {
    "orden_venta": 69,
    "producto_terminado": 5,
    "cantidad": 1,
    "precio_unitario_venta": "530.00",
    "subtotal": "530.00"
  }
},
{
  "model": "App_LUMINOVA.itemordenventa",
  "pk": 80,
  "fields": {
    "orden_venta": 70,
    "producto_terminado": 4,
    "cantidad": 2,
    "precio_unitario_venta": "420.00",
    "subtotal": "840.00"
  }
},
{
  "model": "App_LUMINOVA.itemordenventa",
  "pk": 81,
  "fields": {
    "orden_venta": 71,
    "producto_terminado": 2,
    "cantidad": 1,
    "precio_unitario_venta": "30.00",
    "subtotal": "30.00"
  }
},
{
  "model": "App_LUMINOVA.itemordenventa",
  "pk": 82,
  "fields": {
    "orden_venta": 71,
    "producto_terminado": 3,
    "cantidad": 1,
    "precio_unitario_venta": "520.00",
    "subtotal": "520.00"
  }
},
{
  "model": "App_LUMINOVA.itemordenventa",
  "pk": 83,
  "fields": {
    "orden_venta": 72,
    "producto_terminado": 1,
    "cantidad": 1,
    "precio_unitario_venta": "0.02",
    "subtotal": "0.02"
  }
},
{
  "model": "App_LUMINOVA.itemordenventa",
  "pk": 84,
  "fields": {
    "orden_venta": 73,
    "producto_terminado": 4,
    "cantidad": 1,
    "precio_unitario_venta": "420.00",
    "subtotal": "420.00"
  }
},
{
  "model": "App_LUMINOVA.itemordenventa",
  "pk": 85,
  "fields": {
    "orden_venta": 74,
    "producto_terminado": 5,
    "cantidad": 1,
    "precio_unitario_venta": "530.00",
    "subtotal": "530.00"
  }
},
{
  "model": "App_LUMINOVA.estadoorden",
  "pk": 1,
  "fields": {
    "nombre": "Pendiente"
  }
},
{
  "model": "App_LUMINOVA.estadoorden",
  "pk": 2,
  "fields": {
    "nombre": "Confirmada"
  }
},
{
  "model": "App_LUMINOVA.estadoorden",
  "pk": 3,
  "fields": {
    "nombre": "Producción Iniciada"
  }
},
{
  "model": "App_LUMINOVA.estadoorden",
  "pk": 4,
  "fields": {
    "nombre": "Lista para Entrega"
  }
},
{
  "model": "App_LUMINOVA.estadoorden",
  "pk": 5,
  "fields": {
    "nombre": "Completada"
  }
},
{
  "model": "App_LUMINOVA.estadoorden",
  "pk": 6,
  "fields": {
    "nombre": "Cancelada"
  }
},
{
  "model": "App_LUMINOVA.estadoorden",
  "pk": 7,
  "fields": {
    "nombre": "Producción Parcial"
  }
},
{
  "model": "App_LUMINOVA.estadoorden",
  "pk": 8,
  "fields": {
    "nombre": "Pausada"
  }
},
{
  "model": "App_LUMINOVA.estadoorden",
  "pk": 9,
  "fields": {
    "nombre": "Insumos Solicitados"
  }
},
{
  "model": "App_LUMINOVA.estadoorden",
  "pk": 10,
  "fields": {
    "nombre": "Insumos Recibidos"
  }
},
{
  "model": "App_LUMINOVA.estadoorden",
  "pk": 11,
  "fields": {
    "nombre": "Resolución Pendiente"
  }
},
{
  "model": "App_LUMINOVA.estadoorden",
  "pk": 12,
  "fields": {
    "nombre": "Planificada"
  }
},
{
  "model": "App_LUMINOVA.estadoorden",
  "pk": 13,
  "fields": {
    "nombre": "En Proceso"
  }
},
{
  "model": "App_LUMINOVA.sectorasignado",
  "pk": 1,
  "fields": {
    "nombre": "Grupo A"
  }
},
{
  "model": "App_LUMINOVA.sectorasignado",
  "pk": 2,
  "fields": {
    "nombre": "Grupo B"
  }
},
{
  "model": "App_LUMINOVA.sectorasignado",
  "pk": 3,
  "fields": {
    "nombre": "Grupo C"
  }
},
{
  "model": "App_LUMINOVA.sectorasignado",
  "pk": 4,
  "fields": {
    "nombre": "Grupo D"
  }
},
{
  "model": "App_LUMINOVA.ordenproduccion",
  "pk": 22,
  "fields": {
    "numero_op": "OP-00001",
    "orden_venta_origen": 21,
    "producto_a_producir": 1,
    "cantidad_a_producir": 6,
    "estado_op": 6,
    "fecha_solicitud": "2025-05-29T20:59:20.902Z",
    "fecha_inicio_real": null,
    "fecha_inicio_planificada": null,
    "fecha_fin_real": null,
    "fecha_fin_planificada": null,
    "sector_asignado_op": null,
    "notas": null
  }
},
{
  "model": "App_LUMINOVA.ordenproduccion",
  "pk": 23,
  "fields": {
    "numero_op": "OP-00002",
    "orden_venta_origen": 21,
    "producto_a_producir": 1,
    "cantidad_a_producir": 3,
    "estado_op": 6,
    "fecha_solicitud": "2025-05-29T20:59:20.903Z",
    "fecha_inicio_real": null,
    "fecha_inicio_planificada": null,
    "fecha_fin_real": null,
    "fecha_fin_planificada": null,
    "sector_asignado_op": null,
    "notas": null
  }
},
{
  "model": "App_LUMINOVA.ordenproduccion",
  "pk": 24,
  "fields": {
    "numero_op": "OP-00003",
    "orden_venta_origen": 22,
    "producto_a_producir": 1,
    "cantidad_a_producir": 2,
    "estado_op": 5,
    "fecha_solicitud": "2025-05-29T21:02:26.094Z",
    "fecha_inicio_real": "2025-05-29T21:11:40.282Z",
    "fecha_inicio_planificada": "2025-05-29",
    "fecha_fin_real": "2025-06-01T01:24:52.590Z",
    "fecha_fin_planificada": "2025-05-30",
    "sector_asignado_op": 1,
    "notas": ""
  }
},
{
  "model": "App_LUMINOVA.ordenproduccion",
  "pk": 25,
  "fields": {
    "numero_op": "OP-00004",
    "orden_venta_origen": 23,
    "producto_a_producir": 1,
    "cantidad_a_producir": 1,
    "estado_op": 5,
    "fecha_solicitud": "2025-05-29T21:59:04.702Z",
    "fecha_inicio_real": "2025-05-29T21:59:25.216Z",
    "fecha_inicio_planificada": "2025-05-29",
    "fecha_fin_real": "2025-05-29T22:05:46.202Z",
    "fecha_fin_planificada": "2025-05-29",
    "sector_asignado_op": 1,
    "notas": "bla"
  }
},
{
  "model": "App_LUMINOVA.ordenproduccion",
  "pk": 26,
  "fields": {
    "numero_op": "OP-00005",
    "orden_venta_origen": 24,
    "producto_a_producir": 1,
    "cantidad_a_producir": 1,
    "estado_op": 5,
    "fecha_solicitud": "2025-05-29T22:06:31.754Z",
    "fecha_inicio_real": "2025-05-29T22:06:49.201Z",
    "fecha_inicio_planificada": "2025-05-29",
    "fecha_fin_real": "2025-05-29T22:10:14.786Z",
    "fecha_fin_planificada": "2025-05-29",
    "sector_asignado_op": 1,
    "notas": "Me falta algo"
  }
},
{
  "model": "App_LUMINOVA.ordenproduccion",
  "pk": 27,
  "fields": {
    "numero_op": "OP-00006",
    "orden_venta_origen": 25,
    "producto_a_producir": 1,
    "cantidad_a_producir": 1,
    "estado_op": 5,
    "fecha_solicitud": "2025-05-29T23:21:47.462Z",
    "fecha_inicio_real": "2025-05-29T23:22:39.635Z",
    "fecha_inicio_planificada": "2025-05-29",
    "fecha_fin_real": "2025-05-31T21:18:29.755Z",
    "fecha_fin_planificada": "2025-05-30",
    "sector_asignado_op": 1,
    "notas": ""
  }
},
{
  "model": "App_LUMINOVA.ordenproduccion",
  "pk": 28,
  "fields": {
    "numero_op": "OP-00007",
    "orden_venta_origen": 27,
    "producto_a_producir": 1,
    "cantidad_a_producir": 1,
    "estado_op": 5,
    "fecha_solicitud": "2025-05-31T00:20:50.155Z",
    "fecha_inicio_real": "2025-05-31T21:01:42.373Z",
    "fecha_inicio_planificada": "2025-05-31",
    "fecha_fin_real": "2025-05-31T21:07:49.372Z",
    "fecha_fin_planificada": "2025-05-31",
    "sector_asignado_op": 2,
    "notas": "Prueba de  Insumos Solicitados -> Prod Iniciada -> Prod Pausada - > Prod Reiniciada -> Completada"
  }
},
{
  "model": "App_LUMINOVA.ordenproduccion",
  "pk": 29,
  "fields": {
    "numero_op": "OP-00008",
    "orden_venta_origen": 28,
    "producto_a_producir": 1,
    "cantidad_a_producir": 1,
    "estado_op": 5,
    "fecha_solicitud": "2025-05-31T00:21:16.716Z",
    "fecha_inicio_real": "2025-05-31T00:22:02.193Z",
    "fecha_inicio_planificada": "2025-05-30",
    "fecha_fin_real": "2025-05-31T00:23:16.991Z",
    "fecha_fin_planificada": "2025-05-30",
    "sector_asignado_op": 1,
    "notas": "bla"
  }
},
{
  "model": "App_LUMINOVA.ordenproduccion",
  "pk": 30,
  "fields": {
    "numero_op": "OP-00009",
    "orden_venta_origen": 29,
    "producto_a_producir": 1,
    "cantidad_a_producir": 1,
    "estado_op": 5,
    "fecha_solicitud": "2025-05-31T00:59:08.794Z",
    "fecha_inicio_real": "2025-05-31T00:59:22.945Z",
    "fecha_inicio_planificada": "2025-05-30",
    "fecha_fin_real": "2025-05-31T01:01:07.399Z",
    "fecha_fin_planificada": "2025-05-30",
    "sector_asignado_op": 1,
    "notas": "bla"
  }
},
{
  "model": "App_LUMINOVA.ordenproduccion",
  "pk": 31,
  "fields": {
    "numero_op": "OP-00010",
    "orden_venta_origen": 30,
    "producto_a_producir": 1,
    "cantidad_a_producir": 1,
    "estado_op": 5,
    "fecha_solicitud": "2025-06-01T00:26:42.365Z",
    "fecha_inicio_real": "2025-06-01T00:28:10.568Z",
    "fecha_inicio_planificada": "2025-05-31",
    "fecha_fin_real": "2025-06-01T00:32:35.848Z",
    "fecha_fin_planificada": "2025-05-31",
    "sector_asignado_op": 1,
    "notas": "Prod Iniciada > Pausada > Reportar > Reiniciar"
  }
},
{
  "model": "App_LUMINOVA.ordenproduccion",
  "pk": 32,
  "fields": {
    "numero_op": "OP-00011",
    "orden_venta_origen": 31,
    "producto_a_producir": 1,
    "cantidad_a_producir": 1,
    "estado_op": 6,
    "fecha_solicitud": "2025-06-01T02:15:53.966Z",
    "fecha_inicio_real": "2025-06-01T02:17:42.216Z",
    "fecha_inicio_planificada": "2025-05-31",
    "fecha_fin_real": null,
    "fecha_fin_planificada": "2025-05-31",
    "sector_asignado_op": 1,
    "notas": "Pausada > Reporte > Producción Iniciada"
  }
},
{
  "model": "App_LUMINOVA.ordenproduccion",
  "pk": 33,
  "fields": {
    "numero_op": "OP-00012",
    "orden_venta_origen": 32,
    "producto_a_producir": 1,
    "cantidad_a_producir": 1,
    "estado_op": 5,
    "fecha_solicitud": "2025-06-01T02:41:36.058Z",
    "fecha_inicio_real": "2025-06-01T02:41:52.265Z",
    "fecha_inicio_planificada": "2025-05-31",
    "fecha_fin_real": "2025-06-01T02:52:27.577Z",
    "fecha_fin_planificada": "2025-05-31",
    "sector_asignado_op": 2,
    "notas": ""
  }
},
{
  "model": "App_LUMINOVA.ordenproduccion",
  "pk": 34,
  "fields": {
    "numero_op": "OP-00013",
    "orden_venta_origen": 33,
    "producto_a_producir": 1,
    "cantidad_a_producir": 1,
    "estado_op": 5,
    "fecha_solicitud": "2025-06-01T02:50:12.576Z",
    "fecha_inicio_real": "2025-06-01T02:50:29.597Z",
    "fecha_inicio_planificada": "2025-05-31",
    "fecha_fin_real": "2025-06-01T02:53:06.913Z",
    "fecha_fin_planificada": "2025-05-31",
    "sector_asignado_op": 1,
    "notas": "Pausada > reporte> iniciada"
  }
},
{
  "model": "App_LUMINOVA.ordenproduccion",
  "pk": 35,
  "fields": {
    "numero_op": "OP-00014",
    "orden_venta_origen": 34,
    "producto_a_producir": 1,
    "cantidad_a_producir": 1,
    "estado_op": 5,
    "fecha_solicitud": "2025-06-01T02:54:17.195Z",
    "fecha_inicio_real": "2025-06-01T02:54:34.364Z",
    "fecha_inicio_planificada": "2025-05-31",
    "fecha_fin_real": "2025-06-01T02:55:00.030Z",
    "fecha_fin_planificada": "2025-05-31",
    "sector_asignado_op": 2,
    "notas": ""
  }
},
{
  "model": "App_LUMINOVA.ordenproduccion",
  "pk": 36,
  "fields": {
    "numero_op": "OP-00015",
    "orden_venta_origen": 35,
    "producto_a_producir": 1,
    "cantidad_a_producir": 1,
    "estado_op": 5,
    "fecha_solicitud": "2025-06-01T12:29:42.002Z",
    "fecha_inicio_real": "2025-06-01T12:29:59.158Z",
    "fecha_inicio_planificada": "2025-06-02",
    "fecha_fin_real": "2025-06-02T16:43:24.702Z",
    "fecha_fin_planificada": "2025-06-02",
    "sector_asignado_op": 1,
    "notas": ""
  }
},
{
  "model": "App_LUMINOVA.ordenproduccion",
  "pk": 37,
  "fields": {
    "numero_op": "OP-00016",
    "orden_venta_origen": 36,
    "producto_a_producir": 1,
    "cantidad_a_producir": 1,
    "estado_op": 5,
    "fecha_solicitud": "2025-06-02T16:40:21.587Z",
    "fecha_inicio_real": "2025-06-02T16:40:39.306Z",
    "fecha_inicio_planificada": "2025-06-02",
    "fecha_fin_real": "2025-06-02T16:41:32.089Z",
    "fecha_fin_planificada": "2025-06-02",
    "sector_asignado_op": 1,
    "notas": ""
  }
},
{
  "model": "App_LUMINOVA.ordenproduccion",
  "pk": 38,
  "fields": {
    "numero_op": "OP-00017",
    "orden_venta_origen": 37,
    "producto_a_producir": 1,
    "cantidad_a_producir": 1,
    "estado_op": 5,
    "fecha_solicitud": "2025-06-02T23:50:34.195Z",
    "fecha_inicio_real": "2025-06-02T23:51:15.558Z",
    "fecha_inicio_planificada": "2025-06-02",
    "fecha_fin_real": "2025-06-02T23:54:39.195Z",
    "fecha_fin_planificada": "2025-06-02",
    "sector_asignado_op": 1,
    "notas": ""
  }
},
{
  "model": "App_LUMINOVA.ordenproduccion",
  "pk": 39,
  "fields": {
    "numero_op": "OP-00018",
    "orden_venta_origen": null,
    "producto_a_producir": 1,
    "cantidad_a_producir": 1,
    "estado_op": 6,
    "fecha_solicitud": "2025-06-14T20:47:45.120Z",
    "fecha_inicio_real": "2025-06-14T21:37:13.146Z",
    "fecha_inicio_planificada": "2025-06-15",
    "fecha_fin_real": null,
    "fecha_fin_planificada": "2025-06-15",
    "sector_asignado_op": 1,
    "notas": ""
  }
},
{
  "model": "App_LUMINOVA.ordenproduccion",
  "pk": 40,
  "fields": {
    "numero_op": "OP-00019",
    "orden_venta_origen": 39,
    "producto_a_producir": 1,
    "cantidad_a_producir": 1,
    "estado_op": 5,
    "fecha_solicitud": "2025-06-14T21:19:07.856Z",
    "fecha_inicio_real": "2025-06-14T21:37:46.538Z",
    "fecha_inicio_planificada": "2025-06-15",
    "fecha_fin_real": "2025-06-15T12:52:21.101Z",
    "fecha_fin_planificada": "2025-06-15",
    "sector_asignado_op": 1,
    "notas": ""
  }
},
{
  "model": "App_LUMINOVA.ordenproduccion",
  "pk": 41,
  "fields": {
    "numero_op": "OP-00020",
    "orden_venta_origen": 40,
    "producto_a_producir": 1,
    "cantidad_a_producir": 1,
    "estado_op": 5,
    "fecha_solicitud": "2025-06-15T13:52:01.497Z",
    "fecha_inicio_real": "2025-06-15T13:52:23.711Z",
    "fecha_inicio_planificada": "2025-06-15",
    "fecha_fin_real": "2025-06-15T13:52:55.238Z",
    "fecha_fin_planificada": "2025-06-15",
    "sector_asignado_op": 2,
    "notas": ""
  }
},
{
  "model": "App_LUMINOVA.ordenproduccion",
  "pk": 42,
  "fields": {
    "numero_op": "OP-00021",
    "orden_venta_origen": 41,
    "producto_a_producir": 1,
    "cantidad_a_producir": 1000,
    "estado_op": 5,
    "fecha_solicitud": "2025-06-15T14:14:53.015Z",
    "fecha_inicio_real": "2025-06-15T14:15:01.893Z",
    "fecha_inicio_planificada": null,
    "fecha_fin_real": "2025-06-15T14:15:15.159Z",
    "fecha_fin_planificada": null,
    "sector_asignado_op": null,
    "notas": ""
  }
},
{
  "model": "App_LUMINOVA.ordenproduccion",
  "pk": 43,
  "fields": {
    "numero_op": "OP-00022",
    "orden_venta_origen": 42,
    "producto_a_producir": 1,
    "cantidad_a_producir": 1,
    "estado_op": 5,
    "fecha_solicitud": "2025-06-15T14:17:10.989Z",
    "fecha_inicio_real": "2025-06-15T14:17:22.183Z",
    "fecha_inicio_planificada": "2025-06-15",
    "fecha_fin_real": "2025-06-15T14:18:20.881Z",
    "fecha_fin_planificada": "2025-06-15",
    "sector_asignado_op": 1,
    "notas": ""
  }
},
{
  "model": "App_LUMINOVA.ordenproduccion",
  "pk": 44,
  "fields": {
    "numero_op": "OP-00023",
    "orden_venta_origen": 43,
    "producto_a_producir": 1,
    "cantidad_a_producir": 10,
    "estado_op": 5,
    "fecha_solicitud": "2025-06-15T14:28:45.213Z",
    "fecha_inicio_real": "2025-06-15T14:29:01.171Z",
    "fecha_inicio_planificada": "2025-06-15",
    "fecha_fin_real": "2025-06-15T14:43:31.829Z",
    "fecha_fin_planificada": "2025-06-15",
    "sector_asignado_op": 2,
    "notas": ""
  }
},
{
  "model": "App_LUMINOVA.ordenproduccion",
  "pk": 45,
  "fields": {
    "numero_op": "OP-00024",
    "orden_venta_origen": 44,
    "producto_a_producir": 1,
    "cantidad_a_producir": 1,
    "estado_op": 5,
    "fecha_solicitud": "2025-06-15T14:43:51.125Z",
    "fecha_inicio_real": "2025-06-15T14:44:12.675Z",
    "fecha_inicio_planificada": "2025-06-15",
    "fecha_fin_real": "2025-06-15T14:44:31.790Z",
    "fecha_fin_planificada": "2025-06-15",
    "sector_asignado_op": 1,
    "notas": ""
  }
},
{
  "model": "App_LUMINOVA.ordenproduccion",
  "pk": 46,
  "fields": {
    "numero_op": "OP-00025",
    "orden_venta_origen": 45,
    "producto_a_producir": 1,
    "cantidad_a_producir": 100,
    "estado_op": 5,
    "fecha_solicitud": "2025-06-15T14:50:05.839Z",
    "fecha_inicio_real": "2025-06-15T14:50:18.012Z",
    "fecha_inicio_planificada": "2025-06-15",
    "fecha_fin_real": "2025-06-15T14:50:40.684Z",
    "fecha_fin_planificada": "2025-06-15",
    "sector_asignado_op": 2,
    "notas": ""
  }
},
{
  "model": "App_LUMINOVA.ordenproduccion",
  "pk": 69,
  "fields": {
    "numero_op": "OP-00026",
    "orden_venta_origen": 46,
    "producto_a_producir": 1,
    "cantidad_a_producir": 11,
    "estado_op": 5,
    "fecha_solicitud": "2025-06-15T21:03:30.953Z",
    "fecha_inicio_real": "2025-06-15T23:30:21.191Z",
    "fecha_inicio_planificada": "2025-06-15",
    "fecha_fin_real": "2025-06-16T08:59:09.378Z",
    "fecha_fin_planificada": "2025-06-15",
    "sector_asignado_op": 1,
    "notas": ""
  }
},
{
  "model": "App_LUMINOVA.ordenproduccion",
  "pk": 70,
  "fields": {
    "numero_op": "OP-00027",
    "orden_venta_origen": 46,
    "producto_a_producir": 1,
    "cantidad_a_producir": 100,
    "estado_op": 5,
    "fecha_solicitud": "2025-06-15T21:03:30.956Z",
    "fecha_inicio_real": "2025-06-16T08:59:42.787Z",
    "fecha_inicio_planificada": "2025-06-15",
    "fecha_fin_real": "2025-06-16T09:00:18.740Z",
    "fecha_fin_planificada": "2025-06-15",
    "sector_asignado_op": 2,
    "notas": ""
  }
},
{
  "model": "App_LUMINOVA.ordenproduccion",
  "pk": 72,
  "fields": {
    "numero_op": "OP-00028",
    "orden_venta_origen": 47,
    "producto_a_producir": 1,
    "cantidad_a_producir": 100,
    "estado_op": 5,
    "fecha_solicitud": "2025-06-15T23:59:35.043Z",
    "fecha_inicio_real": "2025-06-16T09:09:06.671Z",
    "fecha_inicio_planificada": "2025-06-16",
    "fecha_fin_real": "2025-06-16T09:09:18.600Z",
    "fecha_fin_planificada": "2025-06-16",
    "sector_asignado_op": 1,
    "notas": ""
  }
},
{
  "model": "App_LUMINOVA.ordenproduccion",
  "pk": 73,
  "fields": {
    "numero_op": "OP-00029",
    "orden_venta_origen": 48,
    "producto_a_producir": 1,
    "cantidad_a_producir": 1,
    "estado_op": 5,
    "fecha_solicitud": "2025-06-16T09:12:19.202Z",
    "fecha_inicio_real": "2025-06-16T09:22:23.886Z",
    "fecha_inicio_planificada": "2025-06-16",
    "fecha_fin_real": "2025-06-16T09:22:38.903Z",
    "fecha_fin_planificada": "2025-06-16",
    "sector_asignado_op": 2,
    "notas": ""
  }
},
{
  "model": "App_LUMINOVA.ordenproduccion",
  "pk": 74,
  "fields": {
    "numero_op": "OP-00030",
    "orden_venta_origen": 49,
    "producto_a_producir": 1,
    "cantidad_a_producir": 1,
    "estado_op": 5,
    "fecha_solicitud": "2025-06-16T09:21:52.717Z",
    "fecha_inicio_real": "2025-06-16T10:17:40.578Z",
    "fecha_inicio_planificada": "2025-06-16",
    "fecha_fin_real": "2025-06-16T10:45:49.035Z",
    "fecha_fin_planificada": "2025-06-16",
    "sector_asignado_op": 1,
    "notas": ""
  }
},
{
  "model": "App_LUMINOVA.ordenproduccion",
  "pk": 75,
  "fields": {
    "numero_op": "OP-00031",
    "orden_venta_origen": 50,
    "producto_a_producir": 1,
    "cantidad_a_producir": 1,
    "estado_op": 5,
    "fecha_solicitud": "2025-06-16T11:37:09.262Z",
    "fecha_inicio_real": "2025-06-16T11:38:11.192Z",
    "fecha_inicio_planificada": "2025-06-16",
    "fecha_fin_real": "2025-06-16T11:40:27.634Z",
    "fecha_fin_planificada": "2025-06-16",
    "sector_asignado_op": 2,
    "notas": ""
  }
},
{
  "model": "App_LUMINOVA.ordenproduccion",
  "pk": 76,
  "fields": {
    "numero_op": "OP-00032",
    "orden_venta_origen": 51,
    "producto_a_producir": 1,
    "cantidad_a_producir": 1,
    "estado_op": 6,
    "fecha_solicitud": "2025-06-16T12:46:13.106Z",
    "fecha_inicio_real": "2025-06-16T12:46:44.091Z",
    "fecha_inicio_planificada": "2025-06-16",
    "fecha_fin_real": null,
    "fecha_fin_planificada": "2025-06-16",
    "sector_asignado_op": 1,
    "notas": ""
  }
},
{
  "model": "App_LUMINOVA.ordenproduccion",
  "pk": 77,
  "fields": {
    "numero_op": "OP-00033",
    "orden_venta_origen": 52,
    "producto_a_producir": 1,
    "cantidad_a_producir": 1,
    "estado_op": 5,
    "fecha_solicitud": "2025-06-16T12:48:32.810Z",
    "fecha_inicio_real": "2025-06-17T12:45:08.331Z",
    "fecha_inicio_planificada": "2025-06-16",
    "fecha_fin_real": "2025-06-17T12:47:52.620Z",
    "fecha_fin_planificada": "2025-06-16",
    "sector_asignado_op": 1,
    "notas": ""
  }
},
{
  "model": "App_LUMINOVA.ordenproduccion",
  "pk": 78,
  "fields": {
    "numero_op": "OP-00034",
    "orden_venta_origen": 53,
    "producto_a_producir": 2,
    "cantidad_a_producir": 3,
    "estado_op": 5,
    "fecha_solicitud": "2025-06-18T20:49:00.541Z",
    "fecha_inicio_real": "2025-06-18T20:59:40.917Z",
    "fecha_inicio_planificada": "2025-06-18",
    "fecha_fin_real": "2025-06-18T21:09:48.603Z",
    "fecha_fin_planificada": "2025-06-26",
    "sector_asignado_op": 1,
    "notas": ""
  }
},
{
  "model": "App_LUMINOVA.ordenproduccion",
  "pk": 79,
  "fields": {
    "numero_op": "OP-00035",
    "orden_venta_origen": 53,
    "producto_a_producir": 1,
    "cantidad_a_producir": 5,
    "estado_op": 5,
    "fecha_solicitud": "2025-06-18T20:49:00.543Z",
    "fecha_inicio_real": "2025-06-18T21:12:11.221Z",
    "fecha_inicio_planificada": "2025-06-18",
    "fecha_fin_real": "2025-06-18T21:13:22.662Z",
    "fecha_fin_planificada": "2025-06-19",
    "sector_asignado_op": 2,
    "notas": ""
  }
},
{
  "model": "App_LUMINOVA.ordenproduccion",
  "pk": 80,
  "fields": {
    "numero_op": "OP-00036",
    "orden_venta_origen": 54,
    "producto_a_producir": 1,
    "cantidad_a_producir": 2,
    "estado_op": 5,
    "fecha_solicitud": "2025-06-18T21:34:35.754Z",
    "fecha_inicio_real": "2025-06-18T21:38:43.486Z",
    "fecha_inicio_planificada": "2025-06-18",
    "fecha_fin_real": "2025-06-18T21:39:29.302Z",
    "fecha_fin_planificada": "2025-06-21",
    "sector_asignado_op": 1,
    "notas": ""
  }
},
{
  "model": "App_LUMINOVA.ordenproduccion",
  "pk": 81,
  "fields": {
    "numero_op": "OP-00037",
    "orden_venta_origen": 55,
    "producto_a_producir": 1,
    "cantidad_a_producir": 3,
    "estado_op": 5,
    "fecha_solicitud": "2025-06-18T21:44:08.711Z",
    "fecha_inicio_real": "2025-06-18T21:44:24.225Z",
    "fecha_inicio_planificada": null,
    "fecha_fin_real": "2025-06-18T21:44:32.208Z",
    "fecha_fin_planificada": null,
    "sector_asignado_op": 1,
    "notas": ""
  }
},
{
  "model": "App_LUMINOVA.ordenproduccion",
  "pk": 82,
  "fields": {
    "numero_op": "OP-00038",
    "orden_venta_origen": 56,
    "producto_a_producir": 2,
    "cantidad_a_producir": 1,
    "estado_op": 5,
    "fecha_solicitud": "2025-06-18T22:46:34.819Z",
    "fecha_inicio_real": "2025-06-20T00:22:34.391Z",
    "fecha_inicio_planificada": "2025-06-18",
    "fecha_fin_real": "2025-06-20T00:27:21.455Z",
    "fecha_fin_planificada": "2025-06-18",
    "sector_asignado_op": 2,
    "notas": ""
  }
},
{
  "model": "App_LUMINOVA.ordenproduccion",
  "pk": 83,
  "fields": {
    "numero_op": "OP-00039",
    "orden_venta_origen": 57,
    "producto_a_producir": 2,
    "cantidad_a_producir": 1,
    "estado_op": 5,
    "fecha_solicitud": "2025-06-18T23:18:35.236Z",
    "fecha_inicio_real": "2025-06-24T00:32:28.706Z",
    "fecha_inicio_planificada": "2025-06-18",
    "fecha_fin_real": "2025-06-24T00:32:38.133Z",
    "fecha_fin_planificada": "2025-06-18",
    "sector_asignado_op": 1,
    "notas": ""
  }
},
{
  "model": "App_LUMINOVA.ordenproduccion",
  "pk": 84,
  "fields": {
    "numero_op": "OP-00040",
    "orden_venta_origen": 58,
    "producto_a_producir": 2,
    "cantidad_a_producir": 3,
    "estado_op": 5,
    "fecha_solicitud": "2025-06-20T00:31:42.470Z",
    "fecha_inicio_real": "2025-06-20T00:33:51.013Z",
    "fecha_inicio_planificada": "2025-06-19",
    "fecha_fin_real": "2025-06-24T00:31:54.448Z",
    "fecha_fin_planificada": "2025-06-20",
    "sector_asignado_op": 1,
    "notas": "bla3"
  }
},
{
  "model": "App_LUMINOVA.ordenproduccion",
  "pk": 85,
  "fields": {
    "numero_op": "OP-00041",
    "orden_venta_origen": 59,
    "producto_a_producir": 1,
    "cantidad_a_producir": 5,
    "estado_op": 5,
    "fecha_solicitud": "2025-06-20T00:36:13.804Z",
    "fecha_inicio_real": "2025-06-24T00:32:30.365Z",
    "fecha_inicio_planificada": "2025-06-23",
    "fecha_fin_real": "2025-06-24T00:32:48.884Z",
    "fecha_fin_planificada": "2025-06-24",
    "sector_asignado_op": 1,
    "notas": ""
  }
},
{
  "model": "App_LUMINOVA.ordenproduccion",
  "pk": 86,
  "fields": {
    "numero_op": "OP-00042",
    "orden_venta_origen": 60,
    "producto_a_producir": 1,
    "cantidad_a_producir": 3,
    "estado_op": 5,
    "fecha_solicitud": "2025-06-20T00:36:40.113Z",
    "fecha_inicio_real": "2025-06-20T00:37:22.580Z",
    "fecha_inicio_planificada": "2025-06-19",
    "fecha_fin_real": "2025-06-24T00:30:44.363Z",
    "fecha_fin_planificada": "2025-06-20",
    "sector_asignado_op": 1,
    "notas": ""
  }
},
{
  "model": "App_LUMINOVA.ordenproduccion",
  "pk": 87,
  "fields": {
    "numero_op": "OP-00043",
    "orden_venta_origen": 61,
    "producto_a_producir": 2,
    "cantidad_a_producir": 1,
    "estado_op": 5,
    "fecha_solicitud": "2025-06-20T00:37:34.178Z",
    "fecha_inicio_real": "2025-06-20T10:34:49.115Z",
    "fecha_inicio_planificada": "2025-06-19",
    "fecha_fin_real": "2025-06-20T22:26:27.262Z",
    "fecha_fin_planificada": "2025-06-21",
    "sector_asignado_op": 2,
    "notas": ""
  }
},
{
  "model": "App_LUMINOVA.ordenproduccion",
  "pk": 88,
  "fields": {
    "numero_op": "OP-00044",
    "orden_venta_origen": 62,
    "producto_a_producir": 2,
    "cantidad_a_producir": 5,
    "estado_op": 5,
    "fecha_solicitud": "2025-06-20T00:38:26.978Z",
    "fecha_inicio_real": "2025-06-20T00:38:57.038Z",
    "fecha_inicio_planificada": "2025-06-19",
    "fecha_fin_real": "2025-06-24T00:31:19.375Z",
    "fecha_fin_planificada": "2025-06-23",
    "sector_asignado_op": 1,
    "notas": ""
  }
},
{
  "model": "App_LUMINOVA.ordenproduccion",
  "pk": 89,
  "fields": {
    "numero_op": "OP-00045",
    "orden_venta_origen": 63,
    "producto_a_producir": 2,
    "cantidad_a_producir": 3,
    "estado_op": 5,
    "fecha_solicitud": "2025-06-20T17:48:14.283Z",
    "fecha_inicio_real": "2025-06-20T17:49:45.223Z",
    "fecha_inicio_planificada": "2025-06-20",
    "fecha_fin_real": "2025-06-20T17:51:22.819Z",
    "fecha_fin_planificada": "2025-06-21",
    "sector_asignado_op": 1,
    "notas": ""
  }
},
{
  "model": "App_LUMINOVA.ordenproduccion",
  "pk": 90,
  "fields": {
    "numero_op": "OP-00046",
    "orden_venta_origen": 63,
    "producto_a_producir": 1,
    "cantidad_a_producir": 2,
    "estado_op": 5,
    "fecha_solicitud": "2025-06-20T17:48:14.284Z",
    "fecha_inicio_real": "2025-06-20T17:51:58.724Z",
    "fecha_inicio_planificada": "2025-06-20",
    "fecha_fin_real": "2025-06-20T17:52:38.408Z",
    "fecha_fin_planificada": "2025-06-22",
    "sector_asignado_op": 2,
    "notas": ""
  }
},
{
  "model": "App_LUMINOVA.ordenproduccion",
  "pk": 91,
  "fields": {
    "numero_op": "OP-00047",
    "orden_venta_origen": 64,
    "producto_a_producir": 1,
    "cantidad_a_producir": 4,
    "estado_op": 5,
    "fecha_solicitud": "2025-06-20T18:38:29.844Z",
    "fecha_inicio_real": "2025-06-20T18:41:06.832Z",
    "fecha_inicio_planificada": "2025-06-20",
    "fecha_fin_real": "2025-06-20T18:44:02.925Z",
    "fecha_fin_planificada": "2025-06-21",
    "sector_asignado_op": 1,
    "notas": ""
  }
},
{
  "model": "App_LUMINOVA.ordenproduccion",
  "pk": 92,
  "fields": {
    "numero_op": "OP-00048",
    "orden_venta_origen": 64,
    "producto_a_producir": 2,
    "cantidad_a_producir": 3,
    "estado_op": 5,
    "fecha_solicitud": "2025-06-20T18:38:29.845Z",
    "fecha_inicio_real": "2025-06-20T18:45:41.189Z",
    "fecha_inicio_planificada": "2025-06-20",
    "fecha_fin_real": "2025-06-20T18:46:09.481Z",
    "fecha_fin_planificada": "2025-06-21",
    "sector_asignado_op": 2,
    "notas": ""
  }
},
{
  "model": "App_LUMINOVA.ordenproduccion",
  "pk": 93,
  "fields": {
    "numero_op": "OP-00049",
    "orden_venta_origen": 65,
    "producto_a_producir": 1,
    "cantidad_a_producir": 3,
    "estado_op": 5,
    "fecha_solicitud": "2025-06-20T22:15:12.078Z",
    "fecha_inicio_real": "2025-06-20T22:24:14.229Z",
    "fecha_inicio_planificada": "2025-06-20",
    "fecha_fin_real": "2025-06-20T22:24:32.270Z",
    "fecha_fin_planificada": "2025-06-21",
    "sector_asignado_op": 1,
    "notas": ""
  }
},
{
  "model": "App_LUMINOVA.ordenproduccion",
  "pk": 94,
  "fields": {
    "numero_op": "OP-00050",
    "orden_venta_origen": 66,
    "producto_a_producir": 2,
    "cantidad_a_producir": 3,
    "estado_op": 5,
    "fecha_solicitud": "2025-06-24T00:05:05.257Z",
    "fecha_inicio_real": "2025-06-24T00:07:11.419Z",
    "fecha_inicio_planificada": "2025-06-23",
    "fecha_fin_real": "2025-06-24T00:10:13.153Z",
    "fecha_fin_planificada": "2025-06-24",
    "sector_asignado_op": 1,
    "notas": ""
  }
},
{
  "model": "App_LUMINOVA.ordenproduccion",
  "pk": 95,
  "fields": {
    "numero_op": "OP-00051",
    "orden_venta_origen": 67,
    "producto_a_producir": 2,
    "cantidad_a_producir": 1,
    "estado_op": 5,
    "fecha_solicitud": "2025-06-24T00:52:04.372Z",
    "fecha_inicio_real": "2025-06-24T00:52:34.132Z",
    "fecha_inicio_planificada": "2025-06-23",
    "fecha_fin_real": "2025-06-24T00:52:50.164Z",
    "fecha_fin_planificada": "2025-06-24",
    "sector_asignado_op": 1,
    "notas": ""
  }
},
{
  "model": "App_LUMINOVA.ordenproduccion",
  "pk": 96,
  "fields": {
    "numero_op": "OP-00052",
    "orden_venta_origen": 68,
    "producto_a_producir": 4,
    "cantidad_a_producir": 2,
    "estado_op": 5,
    "fecha_solicitud": "2025-06-25T15:32:23.573Z",
    "fecha_inicio_real": "2025-06-25T15:34:02.030Z",
    "fecha_inicio_planificada": "2025-06-25",
    "fecha_fin_real": "2025-06-25T15:35:59.838Z",
    "fecha_fin_planificada": "2025-06-26",
    "sector_asignado_op": 1,
    "notas": ""
  }
},
{
  "model": "App_LUMINOVA.ordenproduccion",
  "pk": 97,
  "fields": {
    "numero_op": "OP-00053",
    "orden_venta_origen": 68,
    "producto_a_producir": 5,
    "cantidad_a_producir": 3,
    "estado_op": 5,
    "fecha_solicitud": "2025-06-25T15:32:23.574Z",
    "fecha_inicio_real": "2025-06-25T15:34:04.528Z",
    "fecha_inicio_planificada": "2025-06-25",
    "fecha_fin_real": "2025-06-25T15:35:21.854Z",
    "fecha_fin_planificada": "2025-06-26",
    "sector_asignado_op": 3,
    "notas": ""
  }
},
{
  "model": "App_LUMINOVA.ordenproduccion",
  "pk": 98,
  "fields": {
    "numero_op": "OP-00054",
    "orden_venta_origen": 69,
    "producto_a_producir": 5,
    "cantidad_a_producir": 1,
    "estado_op": 5,
    "fecha_solicitud": "2025-06-25T15:39:18.602Z",
    "fecha_inicio_real": "2025-06-25T15:39:53.618Z",
    "fecha_inicio_planificada": "2025-06-25",
    "fecha_fin_real": "2025-06-25T15:40:24.459Z",
    "fecha_fin_planificada": "2025-06-26",
    "sector_asignado_op": 3,
    "notas": ""
  }
},
{
  "model": "App_LUMINOVA.ordenproduccion",
  "pk": 99,
  "fields": {
    "numero_op": "OP-00055",
    "orden_venta_origen": 70,
    "producto_a_producir": 4,
    "cantidad_a_producir": 2,
    "estado_op": 5,
    "fecha_solicitud": "2025-06-27T15:59:19.141Z",
    "fecha_inicio_real": "2025-06-27T16:00:42.111Z",
    "fecha_inicio_planificada": "2025-06-27",
    "fecha_fin_real": "2025-06-27T16:01:16.297Z",
    "fecha_fin_planificada": "2025-06-27",
    "sector_asignado_op": 4,
    "notas": ""
  }
},
{
  "model": "App_LUMINOVA.ordenproduccion",
  "pk": 100,
  "fields": {
    "numero_op": "OP-00056",
    "orden_venta_origen": 71,
    "producto_a_producir": 2,
    "cantidad_a_producir": 1,
    "estado_op": 5,
    "fecha_solicitud": "2025-06-27T17:23:35.782Z",
    "fecha_inicio_real": "2025-06-27T17:24:58.999Z",
    "fecha_inicio_planificada": "2025-06-27",
    "fecha_fin_real": "2025-06-27T17:25:53.272Z",
    "fecha_fin_planificada": "2025-06-27",
    "sector_asignado_op": 1,
    "notas": ""
  }
},
{
  "model": "App_LUMINOVA.ordenproduccion",
  "pk": 101,
  "fields": {
    "numero_op": "OP-00057",
    "orden_venta_origen": 71,
    "producto_a_producir": 3,
    "cantidad_a_producir": 1,
    "estado_op": 5,
    "fecha_solicitud": "2025-06-27T17:23:35.783Z",
    "fecha_inicio_real": "2025-06-27T17:28:09.858Z",
    "fecha_inicio_planificada": "2025-06-27",
    "fecha_fin_real": "2025-06-27T17:29:25.975Z",
    "fecha_fin_planificada": "2025-06-27",
    "sector_asignado_op": 4,
    "notas": ""
  }
},
{
  "model": "App_LUMINOVA.ordenproduccion",
  "pk": 103,
  "fields": {
    "numero_op": "OP-00058",
    "orden_venta_origen": 72,
    "producto_a_producir": 1,
    "cantidad_a_producir": 1,
    "estado_op": 5,
    "fecha_solicitud": "2025-07-04T20:20:26.928Z",
    "fecha_inicio_real": "2025-07-04T20:21:48.655Z",
    "fecha_inicio_planificada": "2025-07-04",
    "fecha_fin_real": "2025-07-04T20:23:39.428Z",
    "fecha_fin_planificada": "2025-07-04",
    "sector_asignado_op": 1,
    "notas": ""
  }
},
{
  "model": "App_LUMINOVA.ordenproduccion",
  "pk": 104,
  "fields": {
    "numero_op": "OP-00059",
    "orden_venta_origen": 73,
    "producto_a_producir": 4,
    "cantidad_a_producir": 1,
    "estado_op": 5,
    "fecha_solicitud": "2025-07-04T20:26:58.469Z",
    "fecha_inicio_real": "2025-07-04T20:30:49.269Z",
    "fecha_inicio_planificada": "2025-07-04",
    "fecha_fin_real": "2025-07-04T20:31:49.893Z",
    "fecha_fin_planificada": "2025-07-04",
    "sector_asignado_op": 3,
    "notas": ""
  }
},
{
  "model": "App_LUMINOVA.ordenproduccion",
  "pk": 105,
  "fields": {
    "numero_op": "OP-00105",
    "orden_venta_origen": 74,
    "producto_a_producir": 5,
    "cantidad_a_producir": 1,
    "estado_op": 1,
    "fecha_solicitud": "2025-07-04T22:27:45.033Z",
    "fecha_inicio_real": null,
    "fecha_inicio_planificada": null,
    "fecha_fin_real": null,
    "fecha_fin_planificada": null,
    "sector_asignado_op": null,
    "notas": null
  }
},
{
  "model": "App_LUMINOVA.reportes",
  "pk": 4,
  "fields": {
    "orden_produccion_asociada": 24,
    "n_reporte": "RP-00001",
    "fecha": "2025-05-29T21:23:04.182Z",
    "tipo_problema": "Falta de Insumos",
    "informe_reporte": "Me falta 1",
    "resuelto": true,
    "fecha_resolucion": "2025-06-16T15:47:16.393Z",
    "reportado_por": 1,
    "sector_reporta": 1
  }
},
{
  "model": "App_LUMINOVA.reportes",
  "pk": 5,
  "fields": {
    "orden_produccion_asociada": 26,
    "n_reporte": "RP-00002",
    "fecha": "2025-05-29T22:08:10.814Z",
    "tipo_problema": "Falta de Insumos",
    "informe_reporte": "El boludo de Fede no me mando un Insumo",
    "resuelto": true,
    "fecha_resolucion": "2025-06-16T15:47:16.398Z",
    "reportado_por": 1,
    "sector_reporta": 1
  }
},
{
  "model": "App_LUMINOVA.reportes",
  "pk": 6,
  "fields": {
    "orden_produccion_asociada": 27,
    "n_reporte": "RP-00003",
    "fecha": "2025-05-29T23:25:20.183Z",
    "tipo_problema": "Otro",
    "informe_reporte": "tengo los huevos inflados",
    "resuelto": true,
    "fecha_resolucion": "2025-06-16T15:47:16.401Z",
    "reportado_por": 1,
    "sector_reporta": null
  }
},
{
  "model": "App_LUMINOVA.reportes",
  "pk": 7,
  "fields": {
    "orden_produccion_asociada": 30,
    "n_reporte": "RP-00004",
    "fecha": "2025-05-31T01:00:13.144Z",
    "tipo_problema": "Falla de Maquinaria",
    "informe_reporte": "Error en maquinaria, se espera a mantenimiento",
    "resuelto": true,
    "fecha_resolucion": "2025-06-16T15:47:16.405Z",
    "reportado_por": 1,
    "sector_reporta": 1
  }
},
{
  "model": "App_LUMINOVA.reportes",
  "pk": 8,
  "fields": {
    "orden_produccion_asociada": 28,
    "n_reporte": "RP-00005",
    "fecha": "2025-05-31T21:06:45.292Z",
    "tipo_problema": "Falla de Maquinaria",
    "informe_reporte": "Prod Pausada",
    "resuelto": true,
    "fecha_resolucion": "2025-06-16T15:47:16.409Z",
    "reportado_por": 1,
    "sector_reporta": 2
  }
},
{
  "model": "App_LUMINOVA.reportes",
  "pk": 9,
  "fields": {
    "orden_produccion_asociada": 31,
    "n_reporte": "RP-00006",
    "fecha": "2025-06-01T00:30:32.928Z",
    "tipo_problema": "Falla de Maquinaria",
    "informe_reporte": "Prueba de reporte -> Reanudar.",
    "resuelto": true,
    "fecha_resolucion": "2025-06-16T15:47:16.413Z",
    "reportado_por": 1,
    "sector_reporta": 1
  }
},
{
  "model": "App_LUMINOVA.reportes",
  "pk": 10,
  "fields": {
    "orden_produccion_asociada": 32,
    "n_reporte": "RP-00007",
    "fecha": "2025-06-01T02:19:17.009Z",
    "tipo_problema": "Problema de Personal",
    "informe_reporte": "Se pelearon por el superclásico",
    "resuelto": true,
    "fecha_resolucion": "2025-06-16T15:47:16.416Z",
    "reportado_por": 1,
    "sector_reporta": 1
  }
},
{
  "model": "App_LUMINOVA.reportes",
  "pk": 11,
  "fields": {
    "orden_produccion_asociada": 33,
    "n_reporte": "RP-00008",
    "fecha": "2025-06-01T02:42:37.724Z",
    "tipo_problema": "Error de Calidad",
    "informe_reporte": "Falla en módulo led",
    "resuelto": true,
    "fecha_resolucion": "2025-06-16T15:47:16.419Z",
    "reportado_por": 1,
    "sector_reporta": 2
  }
},
{
  "model": "App_LUMINOVA.reportes",
  "pk": 12,
  "fields": {
    "orden_produccion_asociada": 34,
    "n_reporte": "RP-00009",
    "fecha": "2025-06-01T02:51:21.396Z",
    "tipo_problema": "Otro",
    "informe_reporte": "Estoy cansado jefe",
    "resuelto": true,
    "fecha_resolucion": "2025-06-16T15:47:16.423Z",
    "reportado_por": 1,
    "sector_reporta": 1
  }
},
{
  "model": "App_LUMINOVA.reportes",
  "pk": 13,
  "fields": {
    "orden_produccion_asociada": 36,
    "n_reporte": "RP-00010",
    "fecha": "2025-06-02T16:42:53.096Z",
    "tipo_problema": "Problema de Personal",
    "informe_reporte": "blabla",
    "resuelto": true,
    "fecha_resolucion": "2025-06-16T15:47:16.427Z",
    "reportado_por": 1,
    "sector_reporta": 1
  }
},
{
  "model": "App_LUMINOVA.reportes",
  "pk": 14,
  "fields": {
    "orden_produccion_asociada": 38,
    "n_reporte": "RP-00011",
    "fecha": "2025-06-02T23:53:03.492Z",
    "tipo_problema": "Problema de Personal",
    "informe_reporte": "Se pelearon pro el superclasico",
    "resuelto": true,
    "fecha_resolucion": "2025-06-16T15:47:16.430Z",
    "reportado_por": 1,
    "sector_reporta": 1
  }
},
{
  "model": "App_LUMINOVA.reportes",
  "pk": 15,
  "fields": {
    "orden_produccion_asociada": 74,
    "n_reporte": "RP-00012",
    "fecha": "2025-06-16T10:19:06.907Z",
    "tipo_problema": "Falla de Maquinaria",
    "informe_reporte": "Se espera a mantenimiento para resolción de problema",
    "resuelto": true,
    "fecha_resolucion": "2025-06-16T15:47:16.434Z",
    "reportado_por": 1,
    "sector_reporta": 1
  }
},
{
  "model": "App_LUMINOVA.reportes",
  "pk": 16,
  "fields": {
    "orden_produccion_asociada": 74,
    "n_reporte": "RP-00013",
    "fecha": "2025-06-16T10:44:38.978Z",
    "tipo_problema": "Falta de Insumos",
    "informe_reporte": "Se espera a depósito",
    "resuelto": true,
    "fecha_resolucion": "2025-06-16T15:47:16.438Z",
    "reportado_por": 1,
    "sector_reporta": 1
  }
},
{
  "model": "App_LUMINOVA.reportes",
  "pk": 17,
  "fields": {
    "orden_produccion_asociada": 75,
    "n_reporte": "RP-00014",
    "fecha": "2025-06-16T11:39:37.254Z",
    "tipo_problema": "Falla de Maquinaria",
    "informe_reporte": "Se espera por mantenimiento",
    "resuelto": true,
    "fecha_resolucion": "2025-06-16T15:47:16.441Z",
    "reportado_por": 1,
    "sector_reporta": 2
  }
},
{
  "model": "App_LUMINOVA.reportes",
  "pk": 18,
  "fields": {
    "orden_produccion_asociada": 76,
    "n_reporte": "RP-00015",
    "fecha": "2025-06-16T12:47:11.035Z",
    "tipo_problema": "Falta de Insumos",
    "informe_reporte": "Esperando Insumos faltantes",
    "resuelto": true,
    "fecha_resolucion": "2025-06-20T00:25:23.823Z",
    "reportado_por": 1,
    "sector_reporta": 1
  }
},
{
  "model": "App_LUMINOVA.reportes",
  "pk": 19,
  "fields": {
    "orden_produccion_asociada": 78,
    "n_reporte": "RP-00016",
    "fecha": "2025-06-18T21:03:29.787Z",
    "tipo_problema": "Falla de Maquinaria",
    "informe_reporte": "Falla la maquina X",
    "resuelto": true,
    "fecha_resolucion": "2025-06-18T21:08:26.375Z",
    "reportado_por": 1,
    "sector_reporta": 1
  }
},
{
  "model": "App_LUMINOVA.reportes",
  "pk": 20,
  "fields": {
    "orden_produccion_asociada": 79,
    "n_reporte": "RP-00017",
    "fecha": "2025-06-18T21:12:57.009Z",
    "tipo_problema": "Problema de Personal",
    "informe_reporte": "Se cagaron a palos",
    "resuelto": true,
    "fecha_resolucion": "2025-06-18T21:13:00.840Z",
    "reportado_por": 1,
    "sector_reporta": 2
  }
},
{
  "model": "App_LUMINOVA.reportes",
  "pk": 21,
  "fields": {
    "orden_produccion_asociada": 82,
    "n_reporte": "RP-00018",
    "fecha": "2025-06-20T00:23:15.695Z",
    "tipo_problema": "Falla de Maquinaria",
    "informe_reporte": "Falla",
    "resuelto": true,
    "fecha_resolucion": "2025-06-20T00:23:40.536Z",
    "reportado_por": 1,
    "sector_reporta": 2
  }
},
{
  "model": "App_LUMINOVA.reportes",
  "pk": 22,
  "fields": {
    "orden_produccion_asociada": 84,
    "n_reporte": "RP-00019",
    "fecha": "2025-06-20T00:34:24.174Z",
    "tipo_problema": "Problema de Personal",
    "informe_reporte": "No se",
    "resuelto": true,
    "fecha_resolucion": "2025-06-24T00:42:02.455Z",
    "reportado_por": 1,
    "sector_reporta": 1
  }
},
{
  "model": "App_LUMINOVA.reportes",
  "pk": 23,
  "fields": {
    "orden_produccion_asociada": 89,
    "n_reporte": "RP-00020",
    "fecha": "2025-06-20T17:50:35.043Z",
    "tipo_problema": "Falla de Maquinaria",
    "informe_reporte": "Falla tal",
    "resuelto": true,
    "fecha_resolucion": "2025-06-20T17:50:56.675Z",
    "reportado_por": 1,
    "sector_reporta": 1
  }
},
{
  "model": "App_LUMINOVA.reportes",
  "pk": 24,
  "fields": {
    "orden_produccion_asociada": 91,
    "n_reporte": "RP-00021",
    "fecha": "2025-06-20T18:42:34.289Z",
    "tipo_problema": "Falla de Maquinaria",
    "informe_reporte": "Falla de maquina",
    "resuelto": true,
    "fecha_resolucion": "2025-06-20T18:43:37.575Z",
    "reportado_por": 1,
    "sector_reporta": 1
  }
},
{
  "model": "App_LUMINOVA.reportes",
  "pk": 25,
  "fields": {
    "orden_produccion_asociada": 94,
    "n_reporte": "RP-00022",
    "fecha": "2025-06-24T00:08:09.274Z",
    "tipo_problema": "Falla de Maquinaria",
    "informe_reporte": "Fallo",
    "resuelto": true,
    "fecha_resolucion": "2025-06-24T00:09:50.048Z",
    "reportado_por": 1,
    "sector_reporta": 1
  }
},
{
  "model": "App_LUMINOVA.reportes",
  "pk": 26,
  "fields": {
    "orden_produccion_asociada": 97,
    "n_reporte": "RP-00023",
    "fecha": "2025-06-25T15:33:51.028Z",
    "tipo_problema": "Problema de Personal",
    "informe_reporte": "Fue a enfermeria",
    "resuelto": true,
    "fecha_resolucion": "2025-06-25T15:34:22.030Z",
    "reportado_por": 1,
    "sector_reporta": 3
  }
},
{
  "model": "App_LUMINOVA.reportes",
  "pk": 27,
  "fields": {
    "orden_produccion_asociada": 97,
    "n_reporte": "RP-00024",
    "fecha": "2025-06-25T15:34:59.723Z",
    "tipo_problema": "Falla de Maquinaria",
    "informe_reporte": "Falla maquina x",
    "resuelto": true,
    "fecha_resolucion": "2025-06-25T15:35:02.404Z",
    "reportado_por": 1,
    "sector_reporta": 3
  }
},
{
  "model": "App_LUMINOVA.reportes",
  "pk": 28,
  "fields": {
    "orden_produccion_asociada": 101,
    "n_reporte": "RP-00025",
    "fecha": "2025-06-27T17:29:02.113Z",
    "tipo_problema": "Otro",
    "informe_reporte": "Se prueba la creación de un Reporte",
    "resuelto": true,
    "fecha_resolucion": "2025-06-27T17:29:12.730Z",
    "reportado_por": 1,
    "sector_reporta": 4
  }
},
{
  "model": "App_LUMINOVA.reportes",
  "pk": 29,
  "fields": {
    "orden_produccion_asociada": 104,
    "n_reporte": "RP-00026",
    "fecha": "2025-07-04T20:29:19.900Z",
    "tipo_problema": "Falta de Insumos",
    "informe_reporte": "Se espera por insumos",
    "resuelto": true,
    "fecha_resolucion": "2025-07-04T20:30:25.159Z",
    "reportado_por": 1,
    "sector_reporta": 3
  }
},
{
  "model": "App_LUMINOVA.reportes",
  "pk": 30,
  "fields": {
    "orden_produccion_asociada": 104,
    "n_reporte": "RP-00027",
    "fecha": "2025-07-04T20:31:32.843Z",
    "tipo_problema": "Otro",
    "informe_reporte": "Falla Eléctrica",
    "resuelto": true,
    "fecha_resolucion": "2025-07-04T20:31:37.306Z",
    "reportado_por": 1,
    "sector_reporta": 3
  }
},
{
  "model": "App_LUMINOVA.factura",
  "pk": 7,
  "fields": {
    "numero_factura": "FACT-00001",
    "orden_venta": 24,
    "fecha_emision": "2025-05-29T22:10:25.275Z",
    "total_facturado": "0.02"
  }
},
{
  "model": "App_LUMINOVA.factura",
  "pk": 8,
  "fields": {
    "numero_factura": "FACT-00008",
    "orden_venta": 28,
    "fecha_emision": "2025-05-31T00:23:30.096Z",
    "total_facturado": "0.02"
  }
},
{
  "model": "App_LUMINOVA.factura",
  "pk": 9,
  "fields": {
    "numero_factura": "FACT-00009",
    "orden_venta": 29,
    "fecha_emision": "2025-05-31T01:01:18.732Z",
    "total_facturado": "0.02"
  }
},
{
  "model": "App_LUMINOVA.factura",
  "pk": 10,
  "fields": {
    "numero_factura": "FACT-00010",
    "orden_venta": 27,
    "fecha_emision": "2025-05-31T21:08:25.336Z",
    "total_facturado": "0.02"
  }
},
{
  "model": "App_LUMINOVA.factura",
  "pk": 11,
  "fields": {
    "numero_factura": "FACT-00011",
    "orden_venta": 30,
    "fecha_emision": "2025-06-01T00:32:53.396Z",
    "total_facturado": "0.02"
  }
},
{
  "model": "App_LUMINOVA.factura",
  "pk": 12,
  "fields": {
    "numero_factura": "FACT-00012",
    "orden_venta": 22,
    "fecha_emision": "2025-06-01T01:25:06.569Z",
    "total_facturado": "0.04"
  }
},
{
  "model": "App_LUMINOVA.factura",
  "pk": 13,
  "fields": {
    "numero_factura": "FACT-00013",
    "orden_venta": 32,
    "fecha_emision": "2025-06-01T02:52:40.120Z",
    "total_facturado": "0.02"
  }
},
{
  "model": "App_LUMINOVA.factura",
  "pk": 14,
  "fields": {
    "numero_factura": "FACT-00014",
    "orden_venta": 33,
    "fecha_emision": "2025-06-01T02:53:51.197Z",
    "total_facturado": "0.02"
  }
},
{
  "model": "App_LUMINOVA.factura",
  "pk": 15,
  "fields": {
    "numero_factura": "FACT-00015",
    "orden_venta": 34,
    "fecha_emision": "2025-06-01T02:55:11.380Z",
    "total_facturado": "0.02"
  }
},
{
  "model": "App_LUMINOVA.factura",
  "pk": 16,
  "fields": {
    "numero_factura": "FACT-00016",
    "orden_venta": 36,
    "fecha_emision": "2025-06-02T16:41:43.804Z",
    "total_facturado": "0.02"
  }
},
{
  "model": "App_LUMINOVA.factura",
  "pk": 17,
  "fields": {
    "numero_factura": "FACT-00017",
    "orden_venta": 35,
    "fecha_emision": "2025-06-02T16:43:35.660Z",
    "total_facturado": "0.02"
  }
},
{
  "model": "App_LUMINOVA.factura",
  "pk": 18,
  "fields": {
    "numero_factura": "FACT-00018",
    "orden_venta": 37,
    "fecha_emision": "2025-06-02T23:55:05.342Z",
    "total_facturado": "0.02"
  }
},
{
  "model": "App_LUMINOVA.factura",
  "pk": 19,
  "fields": {
    "numero_factura": "FACT-00019",
    "orden_venta": 39,
    "fecha_emision": "2025-06-15T13:50:35.733Z",
    "total_facturado": "0.02"
  }
},
{
  "model": "App_LUMINOVA.factura",
  "pk": 20,
  "fields": {
    "numero_factura": "FACT-00020",
    "orden_venta": 40,
    "fecha_emision": "2025-06-15T13:53:05.581Z",
    "total_facturado": "0.02"
  }
},
{
  "model": "App_LUMINOVA.factura",
  "pk": 21,
  "fields": {
    "numero_factura": "FACT-00021",
    "orden_venta": 41,
    "fecha_emision": "2025-06-15T14:15:25.523Z",
    "total_facturado": "20.00"
  }
},
{
  "model": "App_LUMINOVA.factura",
  "pk": 22,
  "fields": {
    "numero_factura": "FACT-00022",
    "orden_venta": 42,
    "fecha_emision": "2025-06-15T14:18:34.014Z",
    "total_facturado": "0.02"
  }
},
{
  "model": "App_LUMINOVA.factura",
  "pk": 23,
  "fields": {
    "numero_factura": "FACT-00023",
    "orden_venta": 43,
    "fecha_emision": "2025-06-15T14:44:39.521Z",
    "total_facturado": "0.20"
  }
},
{
  "model": "App_LUMINOVA.factura",
  "pk": 24,
  "fields": {
    "numero_factura": "FACT-00024",
    "orden_venta": 44,
    "fecha_emision": "2025-06-15T14:44:57.654Z",
    "total_facturado": "0.02"
  }
},
{
  "model": "App_LUMINOVA.factura",
  "pk": 25,
  "fields": {
    "numero_factura": "FACT-00025",
    "orden_venta": 45,
    "fecha_emision": "2025-06-15T14:50:58.122Z",
    "total_facturado": "2.00"
  }
},
{
  "model": "App_LUMINOVA.factura",
  "pk": 26,
  "fields": {
    "numero_factura": "FACT-00026",
    "orden_venta": 46,
    "fecha_emision": "2025-06-16T09:00:26.804Z",
    "total_facturado": "2.20"
  }
},
{
  "model": "App_LUMINOVA.factura",
  "pk": 27,
  "fields": {
    "numero_factura": "FACT-00027",
    "orden_venta": 47,
    "fecha_emision": "2025-06-16T09:09:31.430Z",
    "total_facturado": "2.02"
  }
},
{
  "model": "App_LUMINOVA.factura",
  "pk": 28,
  "fields": {
    "numero_factura": "FACT-00028",
    "orden_venta": 48,
    "fecha_emision": "2025-06-16T09:22:47.920Z",
    "total_facturado": "0.02"
  }
},
{
  "model": "App_LUMINOVA.factura",
  "pk": 29,
  "fields": {
    "numero_factura": "FACT-00029",
    "orden_venta": 49,
    "fecha_emision": "2025-06-16T10:46:19.696Z",
    "total_facturado": "0.02"
  }
},
{
  "model": "App_LUMINOVA.factura",
  "pk": 30,
  "fields": {
    "numero_factura": "FACT-00030",
    "orden_venta": 50,
    "fecha_emision": "2025-06-16T11:40:41.347Z",
    "total_facturado": "0.02"
  }
},
{
  "model": "App_LUMINOVA.factura",
  "pk": 31,
  "fields": {
    "numero_factura": "FACT-00031",
    "orden_venta": 52,
    "fecha_emision": "2025-06-17T12:48:05.066Z",
    "total_facturado": "0.02"
  }
},
{
  "model": "App_LUMINOVA.factura",
  "pk": 32,
  "fields": {
    "numero_factura": "FACT-00032",
    "orden_venta": 53,
    "fecha_emision": "2025-06-18T21:21:09.399Z",
    "total_facturado": "90.10"
  }
},
{
  "model": "App_LUMINOVA.factura",
  "pk": 33,
  "fields": {
    "numero_factura": "FACT-00034",
    "orden_venta": 54,
    "fecha_emision": "2025-06-18T21:41:49.421Z",
    "total_facturado": "0.04"
  }
},
{
  "model": "App_LUMINOVA.factura",
  "pk": 35,
  "fields": {
    "numero_factura": "FACT-00035",
    "orden_venta": 56,
    "fecha_emision": "2025-06-20T00:29:28.520Z",
    "total_facturado": "30.00"
  }
},
{
  "model": "App_LUMINOVA.factura",
  "pk": 36,
  "fields": {
    "numero_factura": "FACT-00036",
    "orden_venta": 63,
    "fecha_emision": "2025-06-20T17:53:17.494Z",
    "total_facturado": "90.04"
  }
},
{
  "model": "App_LUMINOVA.factura",
  "pk": 37,
  "fields": {
    "numero_factura": "FACT-00037",
    "orden_venta": 64,
    "fecha_emision": "2025-06-20T18:46:58.926Z",
    "total_facturado": "90.08"
  }
},
{
  "model": "App_LUMINOVA.factura",
  "pk": 38,
  "fields": {
    "numero_factura": "FACT-00038",
    "orden_venta": 66,
    "fecha_emision": "2025-06-24T00:11:21.976Z",
    "total_facturado": "90.00"
  }
},
{
  "model": "App_LUMINOVA.factura",
  "pk": 39,
  "fields": {
    "numero_factura": "FACT-00039",
    "orden_venta": 60,
    "fecha_emision": "2025-06-24T00:33:22.764Z",
    "total_facturado": "0.06"
  }
},
{
  "model": "App_LUMINOVA.factura",
  "pk": 40,
  "fields": {
    "numero_factura": "FACT-00040",
    "orden_venta": 61,
    "fecha_emision": "2025-06-24T00:34:17.017Z",
    "total_facturado": "30.00"
  }
},
{
  "model": "App_LUMINOVA.factura",
  "pk": 41,
  "fields": {
    "numero_factura": "FACT-00041",
    "orden_venta": 68,
    "fecha_emision": "2025-06-25T15:36:36.470Z",
    "total_facturado": "2430.00"
  }
},
{
  "model": "App_LUMINOVA.factura",
  "pk": 42,
  "fields": {
    "numero_factura": "FACT-00042",
    "orden_venta": 69,
    "fecha_emision": "2025-06-25T15:40:31.474Z",
    "total_facturado": "530.00"
  }
},
{
  "model": "App_LUMINOVA.factura",
  "pk": 43,
  "fields": {
    "numero_factura": "FACT-00043",
    "orden_venta": 70,
    "fecha_emision": "2025-06-27T16:02:08.941Z",
    "total_facturado": "840.00"
  }
},
{
  "model": "App_LUMINOVA.factura",
  "pk": 44,
  "fields": {
    "numero_factura": "FACT-00044",
    "orden_venta": 71,
    "fecha_emision": "2025-06-27T17:29:42.040Z",
    "total_facturado": "550.00"
  }
},
{
  "model": "App_LUMINOVA.factura",
  "pk": 45,
  "fields": {
    "numero_factura": "FACT-00045",
    "orden_venta": 72,
    "fecha_emision": "2025-07-04T20:23:52.994Z",
    "total_facturado": "0.02"
  }
},
{
  "model": "App_LUMINOVA.factura",
  "pk": 46,
  "fields": {
    "numero_factura": "FACT-00046",
    "orden_venta": 73,
    "fecha_emision": "2025-07-04T23:55:51.748Z",
    "total_facturado": "420.00"
  }
},
{
  "model": "App_LUMINOVA.roldescripcion",
  "pk": 1,
  "fields": {
    "group": 1,
    "descripcion": "Este rol está encargado de interactuar con los proveedores y generar órdenes de compra. Tiene acceso a los módulos de Compras y Proveedores. Su nivel de acceso también es intermedio."
  }
},
{
  "model": "App_LUMINOVA.roldescripcion",
  "pk": 2,
  "fields": {
    "group": 2,
    "descripcion": "Creación y seguimiento de las órdenes de producción, por lo que tiene acceso al módulo de Ventas. Su nivel de acceso es intermedio, ya que puede crear y modificar información específica."
  }
},
{
  "model": "App_LUMINOVA.roldescripcion",
  "pk": 3,
  "fields": {
    "group": 3,
    "descripcion": "Este rol tiene acceso a todos los módulos y funciones del sistema, incluyendo la gestión de usuarios, roles y la configuración general. Su nivel de acceso es el más alto."
  }
},
{
  "model": "App_LUMINOVA.roldescripcion",
  "pk": 4,
  "fields": {
    "group": 4,
    "descripcion": "Este rol necesita ver las órdenes de producción para saber qué ensamblar y también debe tener visibilidad del stock de componentes en el Depósito. Su nivel de acceso es básico, ya que principalmente consume información."
  }
},
{
  "model": "App_LUMINOVA.roldescripcion",
  "pk": 5,
  "fields": {
    "group": 5,
    "descripcion": "Este rol gestiona el inventario de componentes y se encarga de preparar los envíos, lo que lo relaciona con el módulo de Depósito y podría necesitar información de las órdenes de compra (Compras). Su nivel de acceso es intermedio debido a la gestión de inventario."
  }
},
{
  "model": "App_LUMINOVA.auditoriaacceso",
  "pk": 1,
  "fields": {
    "usuario": 1,
    "accion": "Inicio de sesión",
    "fecha_hora": "2025-05-24T11:11:02.050Z",
    "ip_address": null,
    "user_agent": null
  }
},
{
  "model": "App_LUMINOVA.auditoriaacceso",
  "pk": 2,
  "fields": {
    "usuario": null,
    "accion": "Inicio de sesión",
    "fecha_hora": "2025-05-24T11:43:26.417Z",
    "ip_address": null,
    "user_agent": null
  }
},
{
  "model": "App_LUMINOVA.auditoriaacceso",
  "pk": 3,
  "fields": {
    "usuario": 1,
    "accion": "Inicio de sesión",
    "fecha_hora": "2025-05-24T13:42:47.453Z",
    "ip_address": null,
    "user_agent": null
  }
},
{
  "model": "App_LUMINOVA.auditoriaacceso",
  "pk": 4,
  "fields": {
    "usuario": 1,
    "accion": "Inicio de sesión",
    "fecha_hora": "2025-05-24T22:31:57.021Z",
    "ip_address": null,
    "user_agent": null
  }
},
{
  "model": "App_LUMINOVA.auditoriaacceso",
  "pk": 5,
  "fields": {
    "usuario": 1,
    "accion": "Inicio de sesión",
    "fecha_hora": "2025-05-26T21:21:34.801Z",
    "ip_address": null,
    "user_agent": null
  }
},
{
  "model": "App_LUMINOVA.auditoriaacceso",
  "pk": 6,
  "fields": {
    "usuario": 1,
    "accion": "Inicio de sesión",
    "fecha_hora": "2025-05-27T15:42:23.736Z",
    "ip_address": null,
    "user_agent": null
  }
},
{
  "model": "App_LUMINOVA.auditoriaacceso",
  "pk": 7,
  "fields": {
    "usuario": 1,
    "accion": "Inicio de sesión",
    "fecha_hora": "2025-05-27T15:55:13.982Z",
    "ip_address": null,
    "user_agent": null
  }
},
{
  "model": "App_LUMINOVA.auditoriaacceso",
  "pk": 8,
  "fields": {
    "usuario": 1,
    "accion": "Inicio de sesión",
    "fecha_hora": "2025-05-27T16:56:53.180Z",
    "ip_address": null,
    "user_agent": null
  }
},
{
  "model": "App_LUMINOVA.auditoriaacceso",
  "pk": 9,
  "fields": {
    "usuario": 1,
    "accion": "Inicio de sesión",
    "fecha_hora": "2025-05-27T19:13:41.503Z",
    "ip_address": null,
    "user_agent": null
  }
},
{
  "model": "App_LUMINOVA.auditoriaacceso",
  "pk": 10,
  "fields": {
    "usuario": 1,
    "accion": "Inicio de sesión",
    "fecha_hora": "2025-05-27T20:22:46.813Z",
    "ip_address": null,
    "user_agent": null
  }
},
{
  "model": "App_LUMINOVA.auditoriaacceso",
  "pk": 11,
  "fields": {
    "usuario": 1,
    "accion": "Inicio de sesión",
    "fecha_hora": "2025-06-01T00:25:25.029Z",
    "ip_address": null,
    "user_agent": null
  }
},
{
  "model": "App_LUMINOVA.auditoriaacceso",
  "pk": 12,
  "fields": {
    "usuario": 1,
    "accion": "Inicio de sesión",
    "fecha_hora": "2025-06-03T00:20:02.514Z",
    "ip_address": null,
    "user_agent": null
  }
},
{
  "model": "App_LUMINOVA.auditoriaacceso",
  "pk": 13,
  "fields": {
    "usuario": 1,
    "accion": "Inicio de sesión",
    "fecha_hora": "2025-06-13T21:21:05.815Z",
    "ip_address": null,
    "user_agent": null
  }
},
{
  "model": "App_LUMINOVA.auditoriaacceso",
  "pk": 14,
  "fields": {
    "usuario": 1,
    "accion": "Inicio de sesión",
    "fecha_hora": "2025-06-14T20:26:55.551Z",
    "ip_address": null,
    "user_agent": null
  }
},
{
  "model": "App_LUMINOVA.auditoriaacceso",
  "pk": 15,
  "fields": {
    "usuario": 1,
    "accion": "Inicio de sesión",
    "fecha_hora": "2025-06-14T21:36:35.476Z",
    "ip_address": null,
    "user_agent": null
  }
},
{
  "model": "App_LUMINOVA.auditoriaacceso",
  "pk": 16,
  "fields": {
    "usuario": 1,
    "accion": "Inicio de sesión",
    "fecha_hora": "2025-06-16T17:09:53.692Z",
    "ip_address": null,
    "user_agent": null
  }
},
{
  "model": "App_LUMINOVA.auditoriaacceso",
  "pk": 17,
  "fields": {
    "usuario": 1,
    "accion": "Inicio de sesión",
    "fecha_hora": "2025-06-16T17:10:21.571Z",
    "ip_address": null,
    "user_agent": null
  }
},
{
  "model": "App_LUMINOVA.auditoriaacceso",
  "pk": 18,
  "fields": {
    "usuario": 1,
    "accion": "Inicio de sesión",
    "fecha_hora": "2025-06-17T06:04:44.799Z",
    "ip_address": null,
    "user_agent": null
  }
},
{
  "model": "App_LUMINOVA.auditoriaacceso",
  "pk": 19,
  "fields": {
    "usuario": 1,
    "accion": "Inicio de sesión",
    "fecha_hora": "2025-06-17T06:04:59.652Z",
    "ip_address": null,
    "user_agent": null
  }
},
{
  "model": "App_LUMINOVA.auditoriaacceso",
  "pk": 20,
  "fields": {
    "usuario": 1,
    "accion": "Inicio de sesión",
    "fecha_hora": "2025-06-17T23:39:53.510Z",
    "ip_address": null,
    "user_agent": null
  }
},
{
  "model": "App_LUMINOVA.auditoriaacceso",
  "pk": 21,
  "fields": {
    "usuario": null,
    "accion": "Inicio de sesión",
    "fecha_hora": "2025-06-18T01:16:57.907Z",
    "ip_address": null,
    "user_agent": null
  }
},
{
  "model": "App_LUMINOVA.auditoriaacceso",
  "pk": 22,
  "fields": {
    "usuario": 1,
    "accion": "Inicio de sesión",
    "fecha_hora": "2025-06-18T01:25:45.490Z",
    "ip_address": null,
    "user_agent": null
  }
},
{
  "model": "App_LUMINOVA.auditoriaacceso",
  "pk": 23,
  "fields": {
    "usuario": 8,
    "accion": "Inicio de sesión",
    "fecha_hora": "2025-06-18T01:27:03.030Z",
    "ip_address": null,
    "user_agent": null
  }
},
{
  "model": "App_LUMINOVA.auditoriaacceso",
  "pk": 24,
  "fields": {
    "usuario": 1,
    "accion": "Inicio de sesión",
    "fecha_hora": "2025-06-18T14:11:55.409Z",
    "ip_address": null,
    "user_agent": null
  }
},
{
  "model": "App_LUMINOVA.auditoriaacceso",
  "pk": 25,
  "fields": {
    "usuario": 8,
    "accion": "Inicio de sesión",
    "fecha_hora": "2025-06-18T14:16:43.670Z",
    "ip_address": null,
    "user_agent": null
  }
},
{
  "model": "App_LUMINOVA.auditoriaacceso",
  "pk": 26,
  "fields": {
    "usuario": 1,
    "accion": "Inicio de sesión",
    "fecha_hora": "2025-06-18T14:16:56.403Z",
    "ip_address": null,
    "user_agent": null
  }
},
{
  "model": "App_LUMINOVA.auditoriaacceso",
  "pk": 27,
  "fields": {
    "usuario": 1,
    "accion": "Inicio de sesión",
    "fecha_hora": "2025-06-18T14:17:11.812Z",
    "ip_address": null,
    "user_agent": null
  }
},
{
  "model": "App_LUMINOVA.auditoriaacceso",
  "pk": 28,
  "fields": {
    "usuario": 8,
    "accion": "Inicio de sesión",
    "fecha_hora": "2025-06-18T14:23:40.030Z",
    "ip_address": null,
    "user_agent": null
  }
},
{
  "model": "App_LUMINOVA.auditoriaacceso",
  "pk": 29,
  "fields": {
    "usuario": 1,
    "accion": "Inicio de sesión",
    "fecha_hora": "2025-06-18T14:23:51.269Z",
    "ip_address": null,
    "user_agent": null
  }
},
{
  "model": "App_LUMINOVA.auditoriaacceso",
  "pk": 30,
  "fields": {
    "usuario": 1,
    "accion": "Inicio de sesión",
    "fecha_hora": "2025-06-18T14:25:24.474Z",
    "ip_address": null,
    "user_agent": null
  }
},
{
  "model": "App_LUMINOVA.auditoriaacceso",
  "pk": 31,
  "fields": {
    "usuario": 8,
    "accion": "Inicio de sesión",
    "fecha_hora": "2025-06-18T14:25:30.408Z",
    "ip_address": null,
    "user_agent": null
  }
},
{
  "model": "App_LUMINOVA.auditoriaacceso",
  "pk": 32,
  "fields": {
    "usuario": 1,
    "accion": "Inicio de sesión",
    "fecha_hora": "2025-06-18T14:25:35.552Z",
    "ip_address": null,
    "user_agent": null
  }
},
{
  "model": "App_LUMINOVA.auditoriaacceso",
  "pk": 33,
  "fields": {
    "usuario": 1,
    "accion": "Cierre de sesión",
    "fecha_hora": "2025-06-18T14:28:00.787Z",
    "ip_address": "127.0.0.1",
    "user_agent": "Mozilla/5.0 (X11; Ubuntu; Linux x86_64; rv:139.0) Gecko/20100101 Firefox/139.0"
  }
},
{
  "model": "App_LUMINOVA.auditoriaacceso",
  "pk": 34,
  "fields": {
    "usuario": 8,
    "accion": "Inicio de sesión",
    "fecha_hora": "2025-06-18T14:28:05.501Z",
    "ip_address": null,
    "user_agent": null
  }
},
{
  "model": "App_LUMINOVA.auditoriaacceso",
  "pk": 35,
  "fields": {
    "usuario": 8,
    "accion": "Cierre de sesión",
    "fecha_hora": "2025-06-18T14:28:14.756Z",
    "ip_address": "127.0.0.1",
    "user_agent": "Mozilla/5.0 (X11; Ubuntu; Linux x86_64; rv:139.0) Gecko/20100101 Firefox/139.0"
  }
},
{
  "model": "App_LUMINOVA.auditoriaacceso",
  "pk": 36,
  "fields": {
    "usuario": 1,
    "accion": "Inicio de sesión",
    "fecha_hora": "2025-06-18T14:28:17.376Z",
    "ip_address": null,
    "user_agent": null
  }
},
{
  "model": "App_LUMINOVA.auditoriaacceso",
  "pk": 37,
  "fields": {
    "usuario": 1,
    "accion": "Cierre de sesión",
    "fecha_hora": "2025-06-18T14:31:15.700Z",
    "ip_address": "127.0.0.1",
    "user_agent": "Mozilla/5.0 (X11; Ubuntu; Linux x86_64; rv:139.0) Gecko/20100101 Firefox/139.0"
  }
},
{
  "model": "App_LUMINOVA.auditoriaacceso",
  "pk": 38,
  "fields": {
    "usuario": 1,
    "accion": "Inicio de sesión",
    "fecha_hora": "2025-06-18T14:31:18.731Z",
    "ip_address": "127.0.0.1",
    "user_agent": "Mozilla/5.0 (X11; Ubuntu; Linux x86_64; rv:139.0) Gecko/20100101 Firefox/139.0"
  }
},
{
  "model": "App_LUMINOVA.auditoriaacceso",
  "pk": 39,
  "fields": {
    "usuario": 1,
    "accion": "Cierre de sesión",
    "fecha_hora": "2025-06-18T14:31:23.345Z",
    "ip_address": "127.0.0.1",
    "user_agent": "Mozilla/5.0 (X11; Ubuntu; Linux x86_64; rv:139.0) Gecko/20100101 Firefox/139.0"
  }
},
{
  "model": "App_LUMINOVA.auditoriaacceso",
  "pk": 40,
  "fields": {
    "usuario": 8,
    "accion": "Inicio de sesión",
    "fecha_hora": "2025-06-18T14:31:26.079Z",
    "ip_address": "127.0.0.1",
    "user_agent": "Mozilla/5.0 (X11; Ubuntu; Linux x86_64; rv:139.0) Gecko/20100101 Firefox/139.0"
  }
},
{
  "model": "App_LUMINOVA.auditoriaacceso",
  "pk": 41,
  "fields": {
    "usuario": 8,
    "accion": "Cierre de sesión",
    "fecha_hora": "2025-06-18T14:31:38.728Z",
    "ip_address": "127.0.0.1",
    "user_agent": "Mozilla/5.0 (X11; Ubuntu; Linux x86_64; rv:139.0) Gecko/20100101 Firefox/139.0"
  }
},
{
  "model": "App_LUMINOVA.auditoriaacceso",
  "pk": 42,
  "fields": {
    "usuario": 1,
    "accion": "Inicio de sesión",
    "fecha_hora": "2025-06-18T14:31:41.899Z",
    "ip_address": "127.0.0.1",
    "user_agent": "Mozilla/5.0 (X11; Ubuntu; Linux x86_64; rv:139.0) Gecko/20100101 Firefox/139.0"
  }
},
{
  "model": "App_LUMINOVA.auditoriaacceso",
  "pk": 43,
  "fields": {
    "usuario": 1,
    "accion": "Inicio de sesión",
    "fecha_hora": "2025-06-18T15:12:48.202Z",
    "ip_address": "127.0.0.1",
    "user_agent": "Mozilla/5.0 (X11; Ubuntu; Linux x86_64; rv:139.0) Gecko/20100101 Firefox/139.0"
  }
},
{
  "model": "App_LUMINOVA.auditoriaacceso",
  "pk": 44,
  "fields": {
    "usuario": 1,
    "accion": "Inicio de sesión",
    "fecha_hora": "2025-06-18T20:09:28.901Z",
    "ip_address": "127.0.0.1",
    "user_agent": "Mozilla/5.0 (Windows NT 10.0; Win64; x64) AppleWebKit/537.36 (KHTML, like Gecko) Chrome/134.0.0.0 Safari/537.36 OPR/119.0.0.0"
  }
},
{
  "model": "App_LUMINOVA.auditoriaacceso",
  "pk": 45,
  "fields": {
    "usuario": 1,
    "accion": "Cierre de sesión",
    "fecha_hora": "2025-06-18T20:11:21.644Z",
    "ip_address": "127.0.0.1",
    "user_agent": "Mozilla/5.0 (Windows NT 10.0; Win64; x64) AppleWebKit/537.36 (KHTML, like Gecko) Chrome/134.0.0.0 Safari/537.36 OPR/119.0.0.0"
  }
},
{
  "model": "App_LUMINOVA.auditoriaacceso",
  "pk": 46,
  "fields": {
    "usuario": 1,
    "accion": "Inicio de sesión",
    "fecha_hora": "2025-06-18T20:11:50.221Z",
    "ip_address": "127.0.0.1",
    "user_agent": "Mozilla/5.0 (Windows NT 10.0; Win64; x64) AppleWebKit/537.36 (KHTML, like Gecko) Chrome/134.0.0.0 Safari/537.36 OPR/119.0.0.0"
  }
},
{
  "model": "App_LUMINOVA.auditoriaacceso",
  "pk": 47,
  "fields": {
    "usuario": 1,
    "accion": "Inicio de sesión",
    "fecha_hora": "2025-06-18T20:14:44.692Z",
    "ip_address": "127.0.0.1",
    "user_agent": "Mozilla/5.0 (Windows NT 10.0; Win64; x64) AppleWebKit/537.36 (KHTML, like Gecko) Chrome/137.0.0.0 Safari/537.36"
  }
},
{
  "model": "App_LUMINOVA.auditoriaacceso",
  "pk": 48,
  "fields": {
    "usuario": 1,
    "accion": "Cierre de sesión",
    "fecha_hora": "2025-06-18T20:14:54.928Z",
    "ip_address": "127.0.0.1",
    "user_agent": "Mozilla/5.0 (Windows NT 10.0; Win64; x64) AppleWebKit/537.36 (KHTML, like Gecko) Chrome/137.0.0.0 Safari/537.36"
  }
},
{
  "model": "App_LUMINOVA.auditoriaacceso",
  "pk": 49,
  "fields": {
    "usuario": 1,
    "accion": "Cierre de sesión",
    "fecha_hora": "2025-06-18T20:24:34.211Z",
    "ip_address": "127.0.0.1",
    "user_agent": "Mozilla/5.0 (Windows NT 10.0; Win64; x64) AppleWebKit/537.36 (KHTML, like Gecko) Chrome/134.0.0.0 Safari/537.36 OPR/119.0.0.0"
  }
},
{
  "model": "App_LUMINOVA.auditoriaacceso",
  "pk": 50,
  "fields": {
    "usuario": 9,
    "accion": "Inicio de sesión",
    "fecha_hora": "2025-06-18T20:24:54.166Z",
    "ip_address": "127.0.0.1",
    "user_agent": "Mozilla/5.0 (Windows NT 10.0; Win64; x64) AppleWebKit/537.36 (KHTML, like Gecko) Chrome/134.0.0.0 Safari/537.36 OPR/119.0.0.0"
  }
},
{
  "model": "App_LUMINOVA.auditoriaacceso",
  "pk": 51,
  "fields": {
    "usuario": 1,
    "accion": "Cierre de sesión",
    "fecha_hora": "2025-06-18T22:21:22.723Z",
    "ip_address": "127.0.0.1",
    "user_agent": "Mozilla/5.0 (X11; Ubuntu; Linux x86_64; rv:139.0) Gecko/20100101 Firefox/139.0"
  }
},
{
  "model": "App_LUMINOVA.auditoriaacceso",
  "pk": 52,
  "fields": {
    "usuario": 1,
    "accion": "Inicio de sesión",
    "fecha_hora": "2025-06-18T22:21:25.556Z",
    "ip_address": "127.0.0.1",
    "user_agent": "Mozilla/5.0 (X11; Ubuntu; Linux x86_64; rv:139.0) Gecko/20100101 Firefox/139.0"
  }
},
{
  "model": "App_LUMINOVA.auditoriaacceso",
  "pk": 53,
  "fields": {
    "usuario": 1,
    "accion": "Inicio de sesión",
    "fecha_hora": "2025-06-19T23:52:56.441Z",
    "ip_address": "127.0.0.1",
    "user_agent": "Mozilla/5.0 (Windows NT 10.0; Win64; x64) AppleWebKit/537.36 (KHTML, like Gecko) Chrome/134.0.0.0 Safari/537.36 OPR/119.0.0.0"
  }
},
{
  "model": "App_LUMINOVA.auditoriaacceso",
  "pk": 54,
  "fields": {
    "usuario": 1,
    "accion": "Inicio de sesión",
    "fecha_hora": "2025-06-20T00:06:44.338Z",
    "ip_address": "127.0.0.1",
    "user_agent": "Mozilla/5.0 (X11; Ubuntu; Linux x86_64; rv:139.0) Gecko/20100101 Firefox/139.0"
  }
},
{
  "model": "App_LUMINOVA.auditoriaacceso",
  "pk": 55,
  "fields": {
    "usuario": 1,
    "accion": "Cierre de sesión",
    "fecha_hora": "2025-06-20T00:46:44.495Z",
    "ip_address": "127.0.0.1",
    "user_agent": "Mozilla/5.0 (Windows NT 10.0; Win64; x64) AppleWebKit/537.36 (KHTML, like Gecko) Chrome/134.0.0.0 Safari/537.36 OPR/119.0.0.0"
  }
},
{
  "model": "App_LUMINOVA.auditoriaacceso",
  "pk": 56,
  "fields": {
    "usuario": 1,
    "accion": "Inicio de sesión",
    "fecha_hora": "2025-06-20T00:46:47.469Z",
    "ip_address": "127.0.0.1",
    "user_agent": "Mozilla/5.0 (Windows NT 10.0; Win64; x64) AppleWebKit/537.36 (KHTML, like Gecko) Chrome/134.0.0.0 Safari/537.36 OPR/119.0.0.0"
  }
},
{
  "model": "App_LUMINOVA.auditoriaacceso",
  "pk": 57,
  "fields": {
    "usuario": 1,
    "accion": "Cierre de sesión",
    "fecha_hora": "2025-06-20T10:52:09.429Z",
    "ip_address": "127.0.0.1",
    "user_agent": "Mozilla/5.0 (X11; Ubuntu; Linux x86_64; rv:139.0) Gecko/20100101 Firefox/139.0"
  }
},
{
  "model": "App_LUMINOVA.auditoriaacceso",
  "pk": 58,
  "fields": {
    "usuario": 8,
    "accion": "Inicio de sesión",
    "fecha_hora": "2025-06-20T10:52:12.452Z",
    "ip_address": "127.0.0.1",
    "user_agent": "Mozilla/5.0 (X11; Ubuntu; Linux x86_64; rv:139.0) Gecko/20100101 Firefox/139.0"
  }
},
{
  "model": "App_LUMINOVA.auditoriaacceso",
  "pk": 59,
  "fields": {
    "usuario": 8,
    "accion": "Cierre de sesión",
    "fecha_hora": "2025-06-20T10:52:21.645Z",
    "ip_address": "127.0.0.1",
    "user_agent": "Mozilla/5.0 (X11; Ubuntu; Linux x86_64; rv:139.0) Gecko/20100101 Firefox/139.0"
  }
},
{
  "model": "App_LUMINOVA.auditoriaacceso",
  "pk": 60,
  "fields": {
    "usuario": 1,
    "accion": "Inicio de sesión",
    "fecha_hora": "2025-06-20T10:52:24.223Z",
    "ip_address": "127.0.0.1",
    "user_agent": "Mozilla/5.0 (X11; Ubuntu; Linux x86_64; rv:139.0) Gecko/20100101 Firefox/139.0"
  }
},
{
  "model": "App_LUMINOVA.auditoriaacceso",
  "pk": 61,
  "fields": {
    "usuario": 1,
    "accion": "Inicio de sesión",
    "fecha_hora": "2025-06-20T12:14:41.211Z",
    "ip_address": "127.0.0.1",
    "user_agent": "Mozilla/5.0 (X11; Ubuntu; Linux x86_64; rv:139.0) Gecko/20100101 Firefox/139.0"
  }
},
{
  "model": "App_LUMINOVA.auditoriaacceso",
  "pk": 62,
  "fields": {
    "usuario": 1,
    "accion": "Cierre de sesión",
    "fecha_hora": "2025-06-20T12:23:21.247Z",
    "ip_address": "127.0.0.1",
    "user_agent": "Mozilla/5.0 (X11; Ubuntu; Linux x86_64; rv:139.0) Gecko/20100101 Firefox/139.0"
  }
},
{
  "model": "App_LUMINOVA.auditoriaacceso",
  "pk": 63,
  "fields": {
    "usuario": 8,
    "accion": "Inicio de sesión",
    "fecha_hora": "2025-06-20T12:23:24.856Z",
    "ip_address": "127.0.0.1",
    "user_agent": "Mozilla/5.0 (X11; Ubuntu; Linux x86_64; rv:139.0) Gecko/20100101 Firefox/139.0"
  }
},
{
  "model": "App_LUMINOVA.auditoriaacceso",
  "pk": 64,
  "fields": {
    "usuario": 8,
    "accion": "Cierre de sesión",
    "fecha_hora": "2025-06-20T12:23:38.016Z",
    "ip_address": "127.0.0.1",
    "user_agent": "Mozilla/5.0 (X11; Ubuntu; Linux x86_64; rv:139.0) Gecko/20100101 Firefox/139.0"
  }
},
{
  "model": "App_LUMINOVA.auditoriaacceso",
  "pk": 65,
  "fields": {
    "usuario": 1,
    "accion": "Inicio de sesión",
    "fecha_hora": "2025-06-20T12:23:40.605Z",
    "ip_address": "127.0.0.1",
    "user_agent": "Mozilla/5.0 (X11; Ubuntu; Linux x86_64; rv:139.0) Gecko/20100101 Firefox/139.0"
  }
},
{
  "model": "App_LUMINOVA.auditoriaacceso",
  "pk": 66,
  "fields": {
    "usuario": 1,
    "accion": "Cierre de sesión",
    "fecha_hora": "2025-06-20T18:28:05.983Z",
    "ip_address": "127.0.0.1",
    "user_agent": "Mozilla/5.0 (Windows NT 10.0; Win64; x64) AppleWebKit/537.36 (KHTML, like Gecko) Chrome/134.0.0.0 Safari/537.36 OPR/119.0.0.0"
  }
},
{
  "model": "App_LUMINOVA.auditoriaacceso",
  "pk": 67,
  "fields": {
    "usuario": 1,
    "accion": "Inicio de sesión",
    "fecha_hora": "2025-06-20T18:28:37.717Z",
    "ip_address": "127.0.0.1",
    "user_agent": "Mozilla/5.0 (Windows NT 10.0; Win64; x64) AppleWebKit/537.36 (KHTML, like Gecko) Chrome/134.0.0.0 Safari/537.36 OPR/119.0.0.0"
  }
},
{
  "model": "App_LUMINOVA.auditoriaacceso",
  "pk": 68,
  "fields": {
    "usuario": 1,
    "accion": "Inicio de sesión",
    "fecha_hora": "2025-06-20T22:05:18.513Z",
    "ip_address": "127.0.0.1",
    "user_agent": "Mozilla/5.0 (Windows NT 10.0; Win64; x64) AppleWebKit/537.36 (KHTML, like Gecko) Chrome/134.0.0.0 Safari/537.36 OPR/119.0.0.0"
  }
},
{
  "model": "App_LUMINOVA.auditoriaacceso",
  "pk": 69,
  "fields": {
    "usuario": 1,
    "accion": "Inicio de sesión",
    "fecha_hora": "2025-06-20T22:27:11.578Z",
    "ip_address": "127.0.0.1",
    "user_agent": "Mozilla/5.0 (Windows NT 10.0; Win64; x64) AppleWebKit/537.36 (KHTML, like Gecko) Chrome/137.0.0.0 Safari/537.36"
  }
},
{
  "model": "App_LUMINOVA.auditoriaacceso",
  "pk": 70,
  "fields": {
    "usuario": 1,
    "accion": "Inicio de sesión",
    "fecha_hora": "2025-06-25T23:53:29.330Z",
    "ip_address": "127.0.0.1",
    "user_agent": "Mozilla/5.0 (X11; Ubuntu; Linux x86_64; rv:139.0) Gecko/20100101 Firefox/139.0"
  }
},
{
  "model": "App_LUMINOVA.auditoriaacceso",
  "pk": 71,
  "fields": {
    "usuario": 1,
    "accion": "Cierre de sesión",
    "fecha_hora": "2025-07-04T20:13:54.398Z",
    "ip_address": "127.0.0.1",
    "user_agent": "Mozilla/5.0 (X11; Ubuntu; Linux x86_64; rv:140.0) Gecko/20100101 Firefox/140.0"
  }
},
{
  "model": "App_LUMINOVA.auditoriaacceso",
  "pk": 72,
  "fields": {
    "usuario": 1,
    "accion": "Inicio de sesión",
    "fecha_hora": "2025-07-04T20:14:03.413Z",
    "ip_address": "127.0.0.1",
    "user_agent": "Mozilla/5.0 (X11; Ubuntu; Linux x86_64; rv:140.0) Gecko/20100101 Firefox/140.0"
  }
},
{
  "model": "App_LUMINOVA.orden",
  "pk": 9,
  "fields": {
    "numero_orden": "OC-00001",
    "tipo": "compra",
    "fecha_creacion": "2025-05-30T23:42:58.774Z",
    "proveedor": 7,
    "estado": "COMPLETADA",
    "insumo_principal": 3,
    "cantidad_principal": 10,
    "precio_unitario_compra": "0.99",
    "total_orden_compra": "9.90",
    "fecha_estimada_entrega": "2025-06-29",
    "numero_tracking": "TRC-15062025A",
    "notas": "blabla"
  }
},
{
  "model": "App_LUMINOVA.orden",
  "pk": 11,
  "fields": {
    "numero_orden": "OC-00011",
    "tipo": "compra",
    "fecha_creacion": "2025-06-01T00:47:11.125Z",
    "proveedor": 3,
    "estado": "COMPLETADA",
    "insumo_principal": 6,
    "cantidad_principal": 14000,
    "precio_unitario_compra": "1.20",
    "total_orden_compra": "16800.00",
    "fecha_estimada_entrega": "2025-06-16",
    "numero_tracking": "TCR-23052025A",
    "notas": ""
  }
},
{
  "model": "App_LUMINOVA.orden",
  "pk": 12,
  "fields": {
    "numero_orden": "OC-00012",
    "tipo": "compra",
    "fecha_creacion": "2025-06-15T12:09:31.996Z",
    "proveedor": 7,
    "estado": "COMPLETADA",
    "insumo_principal": 5,
    "cantidad_principal": 6535,
    "precio_unitario_compra": "0.78",
    "total_orden_compra": "5097.30",
    "fecha_estimada_entrega": "2025-07-02",
    "numero_tracking": "TRC-20062025B",
    "notas": ""
  }
},
{
  "model": "App_LUMINOVA.orden",
  "pk": 13,
  "fields": {
    "numero_orden": "OC-00013",
    "tipo": "compra",
    "fecha_creacion": "2025-06-15T12:29:53.896Z",
    "proveedor": 3,
    "estado": "COMPLETADA",
    "insumo_principal": 6,
    "cantidad_principal": 1000,
    "precio_unitario_compra": "1.20",
    "total_orden_compra": "1200.00",
    "fecha_estimada_entrega": "2025-06-16",
    "numero_tracking": "TCR-23052025B",
    "notas": ""
  }
},
{
  "model": "App_LUMINOVA.orden",
  "pk": 14,
  "fields": {
    "numero_orden": "OC-00014",
    "tipo": "compra",
    "fecha_creacion": "2025-06-16T00:58:30.924Z",
    "proveedor": 7,
    "estado": "COMPLETADA",
    "insumo_principal": 5,
    "cantidad_principal": 7659,
    "precio_unitario_compra": "0.78",
    "total_orden_compra": "5974.02",
    "fecha_estimada_entrega": "2025-07-03",
    "numero_tracking": "TRC-20062025A",
    "notas": ""
  }
},
{
  "model": "App_LUMINOVA.orden",
  "pk": 15,
  "fields": {
    "numero_orden": "OC-00015",
    "tipo": "compra",
    "fecha_creacion": "2025-06-18T21:27:54.776Z",
    "proveedor": 7,
    "estado": "COMPLETADA",
    "insumo_principal": 4,
    "cantidad_principal": 14113,
    "precio_unitario_compra": "0.25",
    "total_orden_compra": "3528.25",
    "fecha_estimada_entrega": "2025-06-28",
    "numero_tracking": "TRC-18062025",
    "notas": ""
  }
},
{
  "model": "App_LUMINOVA.orden",
  "pk": 16,
  "fields": {
    "numero_orden": "OC-00016",
    "tipo": "compra",
    "fecha_creacion": "2025-06-20T00:53:07.655Z",
    "proveedor": 3,
    "estado": "COMPLETADA",
    "insumo_principal": 8,
    "cantidad_principal": 889,
    "precio_unitario_compra": "1.24",
    "total_orden_compra": "1102.36",
    "fecha_estimada_entrega": "2025-06-23",
    "numero_tracking": "TRC-19062025A",
    "notas": "nota"
  }
},
{
  "model": "App_LUMINOVA.orden",
  "pk": 17,
  "fields": {
    "numero_orden": "OC-00017",
    "tipo": "compra",
    "fecha_creacion": "2025-06-20T12:24:38.318Z",
    "proveedor": 7,
    "estado": "COMPLETADA",
    "insumo_principal": 3,
    "cantidad_principal": 1363,
    "precio_unitario_compra": "0.99",
    "total_orden_compra": "1349.37",
    "fecha_estimada_entrega": "2025-07-20",
    "numero_tracking": "TRC-20062025C",
    "notas": ""
  }
},
{
  "model": "App_LUMINOVA.orden",
  "pk": 18,
  "fields": {
    "numero_orden": "OC-00018",
    "tipo": "compra",
    "fecha_creacion": "2025-06-20T17:56:13.511Z",
    "proveedor": 3,
    "estado": "COMPLETADA",
    "insumo_principal": 3,
    "cantidad_principal": 5,
    "precio_unitario_compra": "1.25",
    "total_orden_compra": "6.25",
    "fecha_estimada_entrega": "2025-06-27",
    "numero_tracking": "TCR-20062025",
    "notas": ""
  }
},
{
  "model": "App_LUMINOVA.orden",
  "pk": 19,
  "fields": {
    "numero_orden": "OC-00019",
    "tipo": "compra",
    "fecha_creacion": "2025-06-20T18:51:56.089Z",
    "proveedor": 7,
    "estado": "COMPLETADA",
    "insumo_principal": 3,
    "cantidad_principal": 54,
    "precio_unitario_compra": "0.99",
    "total_orden_compra": "53.46",
    "fecha_estimada_entrega": "2025-07-20",
    "numero_tracking": "TCR-20062025",
    "notas": ""
  }
},
{
  "model": "App_LUMINOVA.orden",
  "pk": 20,
  "fields": {
    "numero_orden": "OC-00020",
    "tipo": "compra",
    "fecha_creacion": "2025-06-20T22:09:46.251Z",
    "proveedor": 7,
    "estado": "COMPLETADA",
    "insumo_principal": 4,
    "cantidad_principal": 30,
    "precio_unitario_compra": "0.25",
    "total_orden_compra": "7.50",
    "fecha_estimada_entrega": "2025-06-30",
    "numero_tracking": "TCR-23052025",
    "notas": ""
  }
},
{
  "model": "App_LUMINOVA.orden",
  "pk": 21,
  "fields": {
    "numero_orden": "OC-00021",
    "tipo": "compra",
    "fecha_creacion": "2025-06-20T22:10:36.811Z",
    "proveedor": 7,
    "estado": "COMPLETADA",
    "insumo_principal": 4,
    "cantidad_principal": 20,
    "precio_unitario_compra": "0.25",
    "total_orden_compra": "5.00",
    "fecha_estimada_entrega": "2025-06-30",
    "numero_tracking": "TCR-23052025D",
    "notas": ""
  }
},
{
  "model": "App_LUMINOVA.orden",
  "pk": 22,
  "fields": {
    "numero_orden": "OC-00022",
    "tipo": "compra",
    "fecha_creacion": "2025-06-24T00:19:46.536Z",
    "proveedor": 7,
    "estado": "COMPLETADA",
    "insumo_principal": 3,
    "cantidad_principal": 2959,
    "precio_unitario_compra": "0.99",
    "total_orden_compra": "2929.41",
    "fecha_estimada_entrega": "2025-07-24",
    "numero_tracking": "TCR-23062025",
    "notas": ""
  }
},
{
  "model": "App_LUMINOVA.orden",
  "pk": 23,
  "fields": {
    "numero_orden": "OC-00023",
    "tipo": "compra",
    "fecha_creacion": "2025-06-25T15:44:23.261Z",
    "proveedor": 8,
    "estado": "COMPLETADA",
    "insumo_principal": 37,
    "cantidad_principal": 12,
    "precio_unitario_compra": "12.27",
    "total_orden_compra": "147.24",
    "fecha_estimada_entrega": "2025-07-01",
    "numero_tracking": "TRC-25062025A",
    "notas": ""
  }
},
{
  "model": "App_LUMINOVA.orden",
  "pk": 24,
  "fields": {
    "numero_orden": "OC-00024",
    "tipo": "compra",
    "fecha_creacion": "2025-06-27T14:57:06.980Z",
    "proveedor": 10,
    "estado": "EN_TRANSITO",
    "insumo_principal": 9,
    "cantidad_principal": 1,
    "precio_unitario_compra": "0.21",
    "total_orden_compra": "0.21",
    "fecha_estimada_entrega": "2025-07-27",
    "numero_tracking": "TRC-27062025",
    "notas": ""
  }
},
{
  "model": "App_LUMINOVA.orden",
  "pk": 25,
  "fields": {
    "numero_orden": "OC-00025",
    "tipo": "compra",
    "fecha_creacion": "2025-06-27T16:10:19.376Z",
    "proveedor": 8,
    "estado": "ENVIADA_PROVEEDOR",
    "insumo_principal": 37,
    "cantidad_principal": 2,
    "precio_unitario_compra": "12.27",
    "total_orden_compra": "24.54",
    "fecha_estimada_entrega": "2025-07-03",
    "numero_tracking": null,
    "notas": ""
  }
},
{
  "model": "App_LUMINOVA.orden",
  "pk": 30,
  "fields": {
    "numero_orden": "OC-00026",
    "tipo": "compra",
    "fecha_creacion": "2025-06-27T16:27:47.669Z",
    "proveedor": 7,
    "estado": "COMPLETADA",
    "insumo_principal": 30,
    "cantidad_principal": 1,
    "precio_unitario_compra": "23.90",
    "total_orden_compra": "23.90",
    "fecha_estimada_entrega": "2025-07-01",
    "numero_tracking": "TRC-27062025A",
    "notas": ""
  }
},
{
  "model": "App_LUMINOVA.orden",
  "pk": 31,
  "fields": {
    "numero_orden": "OC-00031",
    "tipo": "compra",
    "fecha_creacion": "2025-07-04T20:32:31.264Z",
    "proveedor": 14,
    "estado": "APROBADA",
    "insumo_principal": 31,
    "cantidad_principal": 1,
    "precio_unitario_compra": "14.20",
    "total_orden_compra": "14.20",
    "fecha_estimada_entrega": "2025-07-08",
    "numero_tracking": null,
    "notas": ""
  }
},
{
  "model": "App_LUMINOVA.loteproductoterminado",
  "pk": 1,
  "fields": {
    "producto": 1,
    "op_asociada": 44,
    "cantidad": 10,
    "fecha_creacion": "2025-06-15T14:43:31.829Z",
    "enviado": true
  }
},
{
  "model": "App_LUMINOVA.loteproductoterminado",
  "pk": 2,
  "fields": {
    "producto": 1,
    "op_asociada": 45,
    "cantidad": 1,
    "fecha_creacion": "2025-06-15T14:44:31.790Z",
    "enviado": true
  }
},
{
  "model": "App_LUMINOVA.loteproductoterminado",
  "pk": 3,
  "fields": {
    "producto": 1,
    "op_asociada": 46,
    "cantidad": 100,
    "fecha_creacion": "2025-06-15T14:50:40.683Z",
    "enviado": true
  }
},
{
  "model": "App_LUMINOVA.loteproductoterminado",
  "pk": 4,
  "fields": {
    "producto": 1,
    "op_asociada": 69,
    "cantidad": 11,
    "fecha_creacion": "2025-06-16T08:59:09.377Z",
    "enviado": true
  }
},
{
  "model": "App_LUMINOVA.loteproductoterminado",
  "pk": 5,
  "fields": {
    "producto": 1,
    "op_asociada": 70,
    "cantidad": 100,
    "fecha_creacion": "2025-06-16T09:00:18.739Z",
    "enviado": true
  }
},
{
  "model": "App_LUMINOVA.loteproductoterminado",
  "pk": 6,
  "fields": {
    "producto": 1,
    "op_asociada": 72,
    "cantidad": 100,
    "fecha_creacion": "2025-06-16T09:09:18.600Z",
    "enviado": true
  }
},
{
  "model": "App_LUMINOVA.loteproductoterminado",
  "pk": 7,
  "fields": {
    "producto": 1,
    "op_asociada": 73,
    "cantidad": 1,
    "fecha_creacion": "2025-06-16T09:22:38.903Z",
    "enviado": true
  }
},
{
  "model": "App_LUMINOVA.loteproductoterminado",
  "pk": 8,
  "fields": {
    "producto": 1,
    "op_asociada": 74,
    "cantidad": 1,
    "fecha_creacion": "2025-06-16T10:45:49.035Z",
    "enviado": true
  }
},
{
  "model": "App_LUMINOVA.loteproductoterminado",
  "pk": 9,
  "fields": {
    "producto": 1,
    "op_asociada": 75,
    "cantidad": 1,
    "fecha_creacion": "2025-06-16T11:40:27.634Z",
    "enviado": true
  }
},
{
  "model": "App_LUMINOVA.loteproductoterminado",
  "pk": 10,
  "fields": {
    "producto": 1,
    "op_asociada": 77,
    "cantidad": 1,
    "fecha_creacion": "2025-06-17T12:47:52.620Z",
    "enviado": true
  }
},
{
  "model": "App_LUMINOVA.loteproductoterminado",
  "pk": 11,
  "fields": {
    "producto": 2,
    "op_asociada": 78,
    "cantidad": 3,
    "fecha_creacion": "2025-06-18T21:09:48.603Z",
    "enviado": true
  }
},
{
  "model": "App_LUMINOVA.loteproductoterminado",
  "pk": 12,
  "fields": {
    "producto": 1,
    "op_asociada": 79,
    "cantidad": 5,
    "fecha_creacion": "2025-06-18T21:13:22.662Z",
    "enviado": true
  }
},
{
  "model": "App_LUMINOVA.loteproductoterminado",
  "pk": 13,
  "fields": {
    "producto": 1,
    "op_asociada": 80,
    "cantidad": 2,
    "fecha_creacion": "2025-06-18T21:39:29.303Z",
    "enviado": true
  }
},
{
  "model": "App_LUMINOVA.loteproductoterminado",
  "pk": 14,
  "fields": {
    "producto": 1,
    "op_asociada": 81,
    "cantidad": 3,
    "fecha_creacion": "2025-06-18T21:44:32.208Z",
    "enviado": true
  }
},
{
  "model": "App_LUMINOVA.loteproductoterminado",
  "pk": 15,
  "fields": {
    "producto": 2,
    "op_asociada": 82,
    "cantidad": 1,
    "fecha_creacion": "2025-06-20T00:27:21.455Z",
    "enviado": true
  }
},
{
  "model": "App_LUMINOVA.loteproductoterminado",
  "pk": 16,
  "fields": {
    "producto": 2,
    "op_asociada": 89,
    "cantidad": 3,
    "fecha_creacion": "2025-06-20T17:51:22.819Z",
    "enviado": true
  }
},
{
  "model": "App_LUMINOVA.loteproductoterminado",
  "pk": 17,
  "fields": {
    "producto": 1,
    "op_asociada": 90,
    "cantidad": 2,
    "fecha_creacion": "2025-06-20T17:52:38.410Z",
    "enviado": true
  }
},
{
  "model": "App_LUMINOVA.loteproductoterminado",
  "pk": 18,
  "fields": {
    "producto": 1,
    "op_asociada": 91,
    "cantidad": 4,
    "fecha_creacion": "2025-06-20T18:44:02.925Z",
    "enviado": true
  }
},
{
  "model": "App_LUMINOVA.loteproductoterminado",
  "pk": 19,
  "fields": {
    "producto": 2,
    "op_asociada": 92,
    "cantidad": 3,
    "fecha_creacion": "2025-06-20T18:46:09.481Z",
    "enviado": true
  }
},
{
  "model": "App_LUMINOVA.loteproductoterminado",
  "pk": 20,
  "fields": {
    "producto": 1,
    "op_asociada": 93,
    "cantidad": 3,
    "fecha_creacion": "2025-06-20T22:24:32.271Z",
    "enviado": true
  }
},
{
  "model": "App_LUMINOVA.loteproductoterminado",
  "pk": 21,
  "fields": {
    "producto": 2,
    "op_asociada": 87,
    "cantidad": 1,
    "fecha_creacion": "2025-06-20T22:26:27.263Z",
    "enviado": true
  }
},
{
  "model": "App_LUMINOVA.loteproductoterminado",
  "pk": 22,
  "fields": {
    "producto": 2,
    "op_asociada": 94,
    "cantidad": 3,
    "fecha_creacion": "2025-06-24T00:10:13.153Z",
    "enviado": true
  }
},
{
  "model": "App_LUMINOVA.loteproductoterminado",
  "pk": 23,
  "fields": {
    "producto": 1,
    "op_asociada": 86,
    "cantidad": 3,
    "fecha_creacion": "2025-06-24T00:30:44.363Z",
    "enviado": true
  }
},
{
  "model": "App_LUMINOVA.loteproductoterminado",
  "pk": 24,
  "fields": {
    "producto": 2,
    "op_asociada": 88,
    "cantidad": 5,
    "fecha_creacion": "2025-06-24T00:31:19.375Z",
    "enviado": true
  }
},
{
  "model": "App_LUMINOVA.loteproductoterminado",
  "pk": 25,
  "fields": {
    "producto": 2,
    "op_asociada": 84,
    "cantidad": 3,
    "fecha_creacion": "2025-06-24T00:31:54.448Z",
    "enviado": true
  }
},
{
  "model": "App_LUMINOVA.loteproductoterminado",
  "pk": 26,
  "fields": {
    "producto": 2,
    "op_asociada": 83,
    "cantidad": 1,
    "fecha_creacion": "2025-06-24T00:32:38.134Z",
    "enviado": true
  }
},
{
  "model": "App_LUMINOVA.loteproductoterminado",
  "pk": 27,
  "fields": {
    "producto": 1,
    "op_asociada": 85,
    "cantidad": 5,
    "fecha_creacion": "2025-06-24T00:32:48.885Z",
    "enviado": true
  }
},
{
  "model": "App_LUMINOVA.loteproductoterminado",
  "pk": 28,
  "fields": {
    "producto": 2,
    "op_asociada": 95,
    "cantidad": 1,
    "fecha_creacion": "2025-06-24T00:52:50.164Z",
    "enviado": true
  }
},
{
  "model": "App_LUMINOVA.loteproductoterminado",
  "pk": 29,
  "fields": {
    "producto": 5,
    "op_asociada": 97,
    "cantidad": 3,
    "fecha_creacion": "2025-06-25T15:35:21.855Z",
    "enviado": true
  }
},
{
  "model": "App_LUMINOVA.loteproductoterminado",
  "pk": 30,
  "fields": {
    "producto": 4,
    "op_asociada": 96,
    "cantidad": 2,
    "fecha_creacion": "2025-06-25T15:35:59.839Z",
    "enviado": true
  }
},
{
  "model": "App_LUMINOVA.loteproductoterminado",
  "pk": 31,
  "fields": {
    "producto": 5,
    "op_asociada": 98,
    "cantidad": 1,
    "fecha_creacion": "2025-06-25T15:40:24.460Z",
    "enviado": true
  }
},
{
  "model": "App_LUMINOVA.loteproductoterminado",
  "pk": 32,
  "fields": {
    "producto": 4,
    "op_asociada": 99,
    "cantidad": 2,
    "fecha_creacion": "2025-06-27T16:01:16.299Z",
    "enviado": true
  }
},
{
  "model": "App_LUMINOVA.loteproductoterminado",
  "pk": 33,
  "fields": {
    "producto": 2,
    "op_asociada": 100,
    "cantidad": 1,
    "fecha_creacion": "2025-06-27T17:25:53.272Z",
    "enviado": true
  }
},
{
  "model": "App_LUMINOVA.loteproductoterminado",
  "pk": 34,
  "fields": {
    "producto": 3,
    "op_asociada": 101,
    "cantidad": 1,
    "fecha_creacion": "2025-06-27T17:29:25.975Z",
    "enviado": true
  }
},
{
  "model": "App_LUMINOVA.loteproductoterminado",
  "pk": 35,
  "fields": {
    "producto": 1,
    "op_asociada": 103,
    "cantidad": 1,
    "fecha_creacion": "2025-07-04T20:23:39.429Z",
    "enviado": true
  }
},
{
  "model": "App_LUMINOVA.loteproductoterminado",
  "pk": 36,
  "fields": {
    "producto": 4,
    "op_asociada": 104,
    "cantidad": 1,
    "fecha_creacion": "2025-07-04T20:31:49.896Z",
    "enviado": false
  }
},
{
  "model": "App_LUMINOVA.historialov",
  "pk": 1,
  "fields": {
    "orden_venta": 49,
    "fecha_evento": "2025-06-16T10:17:21.002Z",
    "descripcion": "La OP OP-00030 ('Lámpara LED Estándar') cambió su estado a 'Insumos Solicitados'.",
    "tipo_evento": null,
    "realizado_por": null
  }
},
{
  "model": "App_LUMINOVA.historialov",
  "pk": 2,
  "fields": {
    "orden_venta": 49,
    "fecha_evento": "2025-06-16T10:17:21.011Z",
    "descripcion": "Estado de la Orden de Venta cambió de 'Pendiente Confirmación' a 'Insumos Solicitados'.",
    "tipo_evento": null,
    "realizado_por": null
  }
},
{
  "model": "App_LUMINOVA.historialov",
  "pk": 3,
  "fields": {
    "orden_venta": 49,
    "fecha_evento": "2025-06-16T10:17:40.579Z",
    "descripcion": "La OP OP-00030 ('Lámpara LED Estándar') cambió su estado a 'Insumos Recibidos'.",
    "tipo_evento": null,
    "realizado_por": null
  }
},
{
  "model": "App_LUMINOVA.historialov",
  "pk": 4,
  "fields": {
    "orden_venta": 49,
    "fecha_evento": "2025-06-16T10:17:54.905Z",
    "descripcion": "La OP OP-00030 ('Lámpara LED Estándar') cambió su estado a 'Producción Iniciada'.",
    "tipo_evento": null,
    "realizado_por": null
  }
},
{
  "model": "App_LUMINOVA.historialov",
  "pk": 5,
  "fields": {
    "orden_venta": 49,
    "fecha_evento": "2025-06-16T10:18:16.805Z",
    "descripcion": "La OP OP-00030 ('Lámpara LED Estándar') cambió su estado a 'Pausada'.",
    "tipo_evento": null,
    "realizado_por": null
  }
},
{
  "model": "App_LUMINOVA.historialov",
  "pk": 6,
  "fields": {
    "orden_venta": 49,
    "fecha_evento": "2025-06-16T10:44:38.981Z",
    "descripcion": "Reporte de incidencia para OP OP-00030 ('Lámpara LED Estándar'): 'Falta de Insumos'. Descripción: Se espera a depósito",
    "tipo_evento": "Reporte Incidencia",
    "realizado_por": 1
  }
},
{
  "model": "App_LUMINOVA.historialov",
  "pk": 7,
  "fields": {
    "orden_venta": 49,
    "fecha_evento": "2025-06-16T10:45:16.588Z",
    "descripcion": "La OP OP-00030 ('Lámpara LED Estándar') cambió su estado de 'Pausada' a 'Producción Iniciada'.",
    "tipo_evento": null,
    "realizado_por": null
  }
},
{
  "model": "App_LUMINOVA.historialov",
  "pk": 8,
  "fields": {
    "orden_venta": 49,
    "fecha_evento": "2025-06-16T10:45:49.037Z",
    "descripcion": "La OP OP-00030 ('Lámpara LED Estándar') cambió su estado de 'Producción Iniciada' a 'Completada'.",
    "tipo_evento": null,
    "realizado_por": null
  }
},
{
  "model": "App_LUMINOVA.historialov",
  "pk": 9,
  "fields": {
    "orden_venta": 49,
    "fecha_evento": "2025-06-16T10:45:49.040Z",
    "descripcion": "Estado de la Orden de Venta cambió de 'Insumos Solicitados' a 'Lista para Entrega'.",
    "tipo_evento": null,
    "realizado_por": null
  }
},
{
  "model": "App_LUMINOVA.historialov",
  "pk": 10,
  "fields": {
    "orden_venta": 49,
    "fecha_evento": "2025-06-16T10:46:19.696Z",
    "descripcion": "Se generó la factura N° FACT-00029 por un total de $0.02.",
    "tipo_evento": "Facturado",
    "realizado_por": 1
  }
},
{
  "model": "App_LUMINOVA.historialov",
  "pk": 11,
  "fields": {
    "orden_venta": 49,
    "fecha_evento": "2025-06-16T10:46:33.248Z",
    "descripcion": "Lote de 1 x 'Lámpara LED Estándar' (de OP OP-00030) enviado al cliente.",
    "tipo_evento": "Envío",
    "realizado_por": 1
  }
},
{
  "model": "App_LUMINOVA.historialov",
  "pk": 12,
  "fields": {
    "orden_venta": 49,
    "fecha_evento": "2025-06-16T10:46:33.249Z",
    "descripcion": "Estado de la Orden de Venta cambió de 'Lista para Entrega' a 'Completada/Entregada'.",
    "tipo_evento": null,
    "realizado_por": null
  }
},
{
  "model": "App_LUMINOVA.historialov",
  "pk": 13,
  "fields": {
    "orden_venta": 50,
    "fecha_evento": "2025-06-16T11:37:09.260Z",
    "descripcion": "Orden de Venta creada en estado 'Pendiente Confirmación'.",
    "tipo_evento": null,
    "realizado_por": null
  }
},
{
  "model": "App_LUMINOVA.historialov",
  "pk": 14,
  "fields": {
    "orden_venta": 50,
    "fecha_evento": "2025-06-16T11:37:09.262Z",
    "descripcion": "Se generó la Orden de Producción OP-00031 para el producto 'Lámpara LED Estándar'.",
    "tipo_evento": null,
    "realizado_por": null
  }
},
{
  "model": "App_LUMINOVA.historialov",
  "pk": 15,
  "fields": {
    "orden_venta": 50,
    "fecha_evento": "2025-06-16T11:37:46.205Z",
    "descripcion": "La OP OP-00031 ('Lámpara LED Estándar') cambió su estado de 'Pendiente' a 'Insumos Solicitados'.",
    "tipo_evento": "Cambio Estado OP",
    "realizado_por": 1
  }
},
{
  "model": "App_LUMINOVA.historialov",
  "pk": 16,
  "fields": {
    "orden_venta": 50,
    "fecha_evento": "2025-06-16T11:37:46.206Z",
    "descripcion": "Estado de la OV cambió de 'Pendiente Confirmación' a 'Insumos Solicitados'.",
    "tipo_evento": "Cambio Estado OV",
    "realizado_por": 1
  }
},
{
  "model": "App_LUMINOVA.historialov",
  "pk": 17,
  "fields": {
    "orden_venta": 50,
    "fecha_evento": "2025-06-16T11:38:58.562Z",
    "descripcion": "La OP OP-00031 ('Lámpara LED Estándar') cambió su estado de 'Insumos Recibidos' a 'Producción Iniciada'.",
    "tipo_evento": "Cambio Estado OP",
    "realizado_por": 1
  }
},
{
  "model": "App_LUMINOVA.historialov",
  "pk": 18,
  "fields": {
    "orden_venta": 50,
    "fecha_evento": "2025-06-16T11:39:12.835Z",
    "descripcion": "La OP OP-00031 ('Lámpara LED Estándar') cambió su estado de 'Producción Iniciada' a 'Pausada'.",
    "tipo_evento": "Cambio Estado OP",
    "realizado_por": 1
  }
},
{
  "model": "App_LUMINOVA.historialov",
  "pk": 19,
  "fields": {
    "orden_venta": 50,
    "fecha_evento": "2025-06-16T11:39:37.256Z",
    "descripcion": "Se creó el reporte N° RP-00014 por 'Falla de Maquinaria' en la OP OP-00031. Detalle: \"Se espera por mantenimiento...\"",
    "tipo_evento": "Reporte de Incidencia",
    "realizado_por": 1
  }
},
{
  "model": "App_LUMINOVA.historialov",
  "pk": 20,
  "fields": {
    "orden_venta": 50,
    "fecha_evento": "2025-06-16T11:40:16.821Z",
    "descripcion": "La OP OP-00031 ('Lámpara LED Estándar') cambió su estado de 'Pausada' a 'Producción Iniciada'.",
    "tipo_evento": "Cambio Estado OP",
    "realizado_por": 1
  }
},
{
  "model": "App_LUMINOVA.historialov",
  "pk": 21,
  "fields": {
    "orden_venta": 50,
    "fecha_evento": "2025-06-16T11:40:27.633Z",
    "descripcion": "La OP OP-00031 ('Lámpara LED Estándar') cambió su estado de 'Producción Iniciada' a 'Completada'.",
    "tipo_evento": "Cambio Estado OP",
    "realizado_por": 1
  }
},
{
  "model": "App_LUMINOVA.historialov",
  "pk": 22,
  "fields": {
    "orden_venta": 50,
    "fecha_evento": "2025-06-16T11:40:27.639Z",
    "descripcion": "Estado de la OV cambió de 'Insumos Solicitados' a 'Lista para Entrega'.",
    "tipo_evento": "Cambio Estado OV",
    "realizado_por": 1
  }
},
{
  "model": "App_LUMINOVA.historialov",
  "pk": 23,
  "fields": {
    "orden_venta": 50,
    "fecha_evento": "2025-06-16T11:40:41.347Z",
    "descripcion": "Se generó la factura N° FACT-00030 por un total de $0.02.",
    "tipo_evento": "Facturado",
    "realizado_por": 1
  }
},
{
  "model": "App_LUMINOVA.historialov",
  "pk": 24,
  "fields": {
    "orden_venta": 50,
    "fecha_evento": "2025-06-16T11:41:06.245Z",
    "descripcion": "Lote de 1 x 'Lámpara LED Estándar' (de OP OP-00031) enviado al cliente.",
    "tipo_evento": "Envío",
    "realizado_por": 1
  }
},
{
  "model": "App_LUMINOVA.historialov",
  "pk": 25,
  "fields": {
    "orden_venta": 50,
    "fecha_evento": "2025-06-16T11:41:06.246Z",
    "descripcion": "Estado de la Orden de Venta cambió de 'Lista para Entrega' a 'Completada/Entregada'.",
    "tipo_evento": "Cambio Estado OV",
    "realizado_por": 1
  }
},
{
  "model": "App_LUMINOVA.historialov",
  "pk": 26,
  "fields": {
    "orden_venta": 51,
    "fecha_evento": "2025-06-16T12:46:13.102Z",
    "descripcion": "Orden de Venta creada en estado 'Pendiente Confirmación'.",
    "tipo_evento": null,
    "realizado_por": null
  }
},
{
  "model": "App_LUMINOVA.historialov",
  "pk": 27,
  "fields": {
    "orden_venta": 51,
    "fecha_evento": "2025-06-16T12:46:13.107Z",
    "descripcion": "Se generó la Orden de Producción OP-00032 para el producto 'Lámpara LED Estándar'.",
    "tipo_evento": null,
    "realizado_por": null
  }
},
{
  "model": "App_LUMINOVA.historialov",
  "pk": 28,
  "fields": {
    "orden_venta": 51,
    "fecha_evento": "2025-06-16T12:46:35.994Z",
    "descripcion": "La OP OP-00032 ('Lámpara LED Estándar') cambió su estado de 'Pendiente' a 'Insumos Solicitados'.",
    "tipo_evento": "Cambio Estado OP",
    "realizado_por": 1
  }
},
{
  "model": "App_LUMINOVA.historialov",
  "pk": 29,
  "fields": {
    "orden_venta": 51,
    "fecha_evento": "2025-06-16T12:46:35.995Z",
    "descripcion": "Estado de la OV cambió de 'Pendiente Confirmación' a 'Insumos Solicitados'.",
    "tipo_evento": "Cambio Estado OV",
    "realizado_por": 1
  }
},
{
  "model": "App_LUMINOVA.historialov",
  "pk": 30,
  "fields": {
    "orden_venta": 51,
    "fecha_evento": "2025-06-16T12:46:55.979Z",
    "descripcion": "La OP OP-00032 ('Lámpara LED Estándar') cambió su estado de 'Insumos Recibidos' a 'Pausada'.",
    "tipo_evento": "Cambio Estado OP",
    "realizado_por": 1
  }
},
{
  "model": "App_LUMINOVA.historialov",
  "pk": 31,
  "fields": {
    "orden_venta": 51,
    "fecha_evento": "2025-06-16T12:47:11.040Z",
    "descripcion": "Se creó el reporte N° RP-00015 por 'Falta de Insumos' en la OP OP-00032. Detalle: \"Esperando Insumos faltantes...\"",
    "tipo_evento": "Reporte de Incidencia",
    "realizado_por": 1
  }
},
{
  "model": "App_LUMINOVA.historialov",
  "pk": 32,
  "fields": {
    "orden_venta": 52,
    "fecha_evento": "2025-06-16T12:48:32.808Z",
    "descripcion": "Orden de Venta creada en estado 'Pendiente Confirmación'.",
    "tipo_evento": null,
    "realizado_por": null
  }
},
{
  "model": "App_LUMINOVA.historialov",
  "pk": 33,
  "fields": {
    "orden_venta": 52,
    "fecha_evento": "2025-06-16T12:48:32.810Z",
    "descripcion": "Se generó la Orden de Producción OP-00033 para el producto 'Lámpara LED Estándar'.",
    "tipo_evento": null,
    "realizado_por": null
  }
},
{
  "model": "App_LUMINOVA.historialov",
  "pk": 34,
  "fields": {
    "orden_venta": 52,
    "fecha_evento": "2025-06-16T12:49:02.074Z",
    "descripcion": "La OP OP-00033 ('Lámpara LED Estándar') cambió su estado de 'Pendiente' a 'Insumos Solicitados'.",
    "tipo_evento": "Cambio Estado OP",
    "realizado_por": 1
  }
},
{
  "model": "App_LUMINOVA.historialov",
  "pk": 35,
  "fields": {
    "orden_venta": 52,
    "fecha_evento": "2025-06-16T12:49:02.075Z",
    "descripcion": "Estado de la OV cambió de 'Pendiente Confirmación' a 'Insumos Solicitados'.",
    "tipo_evento": "Cambio Estado OV",
    "realizado_por": 1
  }
},
{
  "model": "App_LUMINOVA.historialov",
  "pk": 36,
  "fields": {
    "orden_venta": 47,
    "fecha_evento": "2025-06-16T14:22:06.543Z",
    "descripcion": "Lote de 100 x 'Lámpara LED Estándar' (de OP OP-00028) enviado al cliente.",
    "tipo_evento": "Envío",
    "realizado_por": 1
  }
},
{
  "model": "App_LUMINOVA.historialov",
  "pk": 37,
  "fields": {
    "orden_venta": 47,
    "fecha_evento": "2025-06-16T14:22:06.545Z",
    "descripcion": "Estado de la Orden de Venta cambió de 'Completada/Entregada' a 'Completada/Entregada'.",
    "tipo_evento": "Cambio Estado OV",
    "realizado_por": 1
  }
},
{
  "model": "App_LUMINOVA.historialov",
  "pk": 38,
  "fields": {
    "orden_venta": 46,
    "fecha_evento": "2025-06-16T14:22:11.550Z",
    "descripcion": "Lote de 100 x 'Lámpara LED Estándar' (de OP OP-00027) enviado al cliente.",
    "tipo_evento": "Envío",
    "realizado_por": 1
  }
},
{
  "model": "App_LUMINOVA.historialov",
  "pk": 39,
  "fields": {
    "orden_venta": 46,
    "fecha_evento": "2025-06-16T14:22:15.182Z",
    "descripcion": "Lote de 11 x 'Lámpara LED Estándar' (de OP OP-00026) enviado al cliente.",
    "tipo_evento": "Envío",
    "realizado_por": 1
  }
},
{
  "model": "App_LUMINOVA.historialov",
  "pk": 40,
  "fields": {
    "orden_venta": 46,
    "fecha_evento": "2025-06-16T14:22:15.184Z",
    "descripcion": "Estado de la Orden de Venta cambió de 'Completada/Entregada' a 'Completada/Entregada'.",
    "tipo_evento": "Cambio Estado OV",
    "realizado_por": 1
  }
},
{
  "model": "App_LUMINOVA.historialov",
  "pk": 41,
  "fields": {
    "orden_venta": 45,
    "fecha_evento": "2025-06-16T14:22:23.490Z",
    "descripcion": "Lote de 100 x 'Lámpara LED Estándar' (de OP OP-00025) enviado al cliente.",
    "tipo_evento": "Envío",
    "realizado_por": 1
  }
},
{
  "model": "App_LUMINOVA.historialov",
  "pk": 42,
  "fields": {
    "orden_venta": 45,
    "fecha_evento": "2025-06-16T14:22:23.491Z",
    "descripcion": "Estado de la Orden de Venta cambió de 'Completada/Entregada' a 'Completada/Entregada'.",
    "tipo_evento": "Cambio Estado OV",
    "realizado_por": 1
  }
},
{
  "model": "App_LUMINOVA.historialov",
  "pk": 43,
  "fields": {
    "orden_venta": 52,
    "fecha_evento": "2025-06-17T12:47:48.208Z",
    "descripcion": "La OP OP-00033 ('Lámpara LED Estándar') cambió su estado de 'Insumos Recibidos' a 'Producción Iniciada'.",
    "tipo_evento": "Cambio Estado OP",
    "realizado_por": 1
  }
},
{
  "model": "App_LUMINOVA.historialov",
  "pk": 44,
  "fields": {
    "orden_venta": 52,
    "fecha_evento": "2025-06-17T12:47:52.620Z",
    "descripcion": "La OP OP-00033 ('Lámpara LED Estándar') cambió su estado de 'Producción Iniciada' a 'Completada'.",
    "tipo_evento": "Cambio Estado OP",
    "realizado_por": 1
  }
},
{
  "model": "App_LUMINOVA.historialov",
  "pk": 45,
  "fields": {
    "orden_venta": 52,
    "fecha_evento": "2025-06-17T12:47:52.622Z",
    "descripcion": "Estado de la OV cambió de 'Insumos Solicitados' a 'Lista para Entrega'.",
    "tipo_evento": "Cambio Estado OV",
    "realizado_por": 1
  }
},
{
  "model": "App_LUMINOVA.historialov",
  "pk": 46,
  "fields": {
    "orden_venta": 52,
    "fecha_evento": "2025-06-17T12:48:05.067Z",
    "descripcion": "Se generó la factura N° FACT-00031 por un total de $0.02.",
    "tipo_evento": "Facturado",
    "realizado_por": 1
  }
},
{
  "model": "App_LUMINOVA.historialov",
  "pk": 47,
  "fields": {
    "orden_venta": 53,
    "fecha_evento": "2025-06-18T20:49:00.537Z",
    "descripcion": "Orden de Venta creada en estado 'Pendiente Confirmación'.",
    "tipo_evento": null,
    "realizado_por": null
  }
},
{
  "model": "App_LUMINOVA.historialov",
  "pk": 48,
  "fields": {
    "orden_venta": 53,
    "fecha_evento": "2025-06-18T20:49:00.542Z",
    "descripcion": "Se generó la Orden de Producción OP-00034 para el producto 'Downlight LED empotrable'.",
    "tipo_evento": null,
    "realizado_por": null
  }
},
{
  "model": "App_LUMINOVA.historialov",
  "pk": 49,
  "fields": {
    "orden_venta": 53,
    "fecha_evento": "2025-06-18T20:49:00.544Z",
    "descripcion": "Se generó la Orden de Producción OP-00035 para el producto 'Lámpara LED Estándar'.",
    "tipo_evento": null,
    "realizado_por": null
  }
},
{
  "model": "App_LUMINOVA.historialov",
  "pk": 50,
  "fields": {
    "orden_venta": 53,
    "fecha_evento": "2025-06-18T20:59:36.017Z",
    "descripcion": "La OP OP-00034 ('Downlight LED empotrable') cambió su estado de 'Pendiente' a 'Insumos Solicitados'.",
    "tipo_evento": "Cambio Estado OP",
    "realizado_por": 1
  }
},
{
  "model": "App_LUMINOVA.historialov",
  "pk": 51,
  "fields": {
    "orden_venta": 53,
    "fecha_evento": "2025-06-18T20:59:36.018Z",
    "descripcion": "Estado de la OV cambió de 'Pendiente Confirmación' a 'Insumos Solicitados'.",
    "tipo_evento": "Cambio Estado OV",
    "realizado_por": 1
  }
},
{
  "model": "App_LUMINOVA.historialov",
  "pk": 52,
  "fields": {
    "orden_venta": 53,
    "fecha_evento": "2025-06-18T21:00:50.323Z",
    "descripcion": "La OP OP-00034 ('Downlight LED empotrable') cambió su estado de 'Insumos Recibidos' a 'Producción Iniciada'.",
    "tipo_evento": "Cambio Estado OP",
    "realizado_por": 1
  }
},
{
  "model": "App_LUMINOVA.historialov",
  "pk": 53,
  "fields": {
    "orden_venta": 53,
    "fecha_evento": "2025-06-18T21:01:32.789Z",
    "descripcion": "La OP OP-00034 ('Downlight LED empotrable') cambió su estado de 'Producción Iniciada' a 'Pausada'.",
    "tipo_evento": "Cambio Estado OP",
    "realizado_por": 1
  }
},
{
  "model": "App_LUMINOVA.historialov",
  "pk": 54,
  "fields": {
    "orden_venta": 53,
    "fecha_evento": "2025-06-18T21:03:29.789Z",
    "descripcion": "Se creó el reporte N° RP-00016 por 'Falla de Maquinaria' en la OP OP-00034. Detalle: \"Falla la maquina X...\"",
    "tipo_evento": "Reporte de Incidencia",
    "realizado_por": 1
  }
},
{
  "model": "App_LUMINOVA.historialov",
  "pk": 55,
  "fields": {
    "orden_venta": 53,
    "fecha_evento": "2025-06-18T21:09:44.681Z",
    "descripcion": "La OP OP-00034 ('Downlight LED empotrable') cambió su estado de 'Pausada' a 'Producción Iniciada'.",
    "tipo_evento": "Cambio Estado OP",
    "realizado_por": 1
  }
},
{
  "model": "App_LUMINOVA.historialov",
  "pk": 56,
  "fields": {
    "orden_venta": 53,
    "fecha_evento": "2025-06-18T21:09:48.601Z",
    "descripcion": "La OP OP-00034 ('Downlight LED empotrable') cambió su estado de 'Producción Iniciada' a 'Completada'.",
    "tipo_evento": "Cambio Estado OP",
    "realizado_por": 1
  }
},
{
  "model": "App_LUMINOVA.historialov",
  "pk": 57,
  "fields": {
    "orden_venta": 53,
    "fecha_evento": "2025-06-18T21:12:00.789Z",
    "descripcion": "La OP OP-00035 ('Lámpara LED Estándar') cambió su estado de 'Pendiente' a 'Insumos Solicitados'.",
    "tipo_evento": "Cambio Estado OP",
    "realizado_por": 1
  }
},
{
  "model": "App_LUMINOVA.historialov",
  "pk": 58,
  "fields": {
    "orden_venta": 53,
    "fecha_evento": "2025-06-18T21:12:32.085Z",
    "descripcion": "La OP OP-00035 ('Lámpara LED Estándar') cambió su estado de 'Insumos Recibidos' a 'Pausada'.",
    "tipo_evento": "Cambio Estado OP",
    "realizado_por": 1
  }
},
{
  "model": "App_LUMINOVA.historialov",
  "pk": 59,
  "fields": {
    "orden_venta": 53,
    "fecha_evento": "2025-06-18T21:12:57.010Z",
    "descripcion": "Se creó el reporte N° RP-00017 por 'Problema de Personal' en la OP OP-00035. Detalle: \"Se cagaron a palos...\"",
    "tipo_evento": "Reporte de Incidencia",
    "realizado_por": 1
  }
},
{
  "model": "App_LUMINOVA.historialov",
  "pk": 60,
  "fields": {
    "orden_venta": 53,
    "fecha_evento": "2025-06-18T21:13:13.645Z",
    "descripcion": "La OP OP-00035 ('Lámpara LED Estándar') cambió su estado de 'Pausada' a 'Producción Iniciada'.",
    "tipo_evento": "Cambio Estado OP",
    "realizado_por": 1
  }
},
{
  "model": "App_LUMINOVA.historialov",
  "pk": 61,
  "fields": {
    "orden_venta": 53,
    "fecha_evento": "2025-06-18T21:13:22.661Z",
    "descripcion": "La OP OP-00035 ('Lámpara LED Estándar') cambió su estado de 'Producción Iniciada' a 'Completada'.",
    "tipo_evento": "Cambio Estado OP",
    "realizado_por": 1
  }
},
{
  "model": "App_LUMINOVA.historialov",
  "pk": 62,
  "fields": {
    "orden_venta": 53,
    "fecha_evento": "2025-06-18T21:13:22.664Z",
    "descripcion": "Estado de la OV cambió de 'Insumos Solicitados' a 'Lista para Entrega'.",
    "tipo_evento": "Cambio Estado OV",
    "realizado_por": 1
  }
},
{
  "model": "App_LUMINOVA.historialov",
  "pk": 63,
  "fields": {
    "orden_venta": 53,
    "fecha_evento": "2025-06-18T21:17:33.437Z",
    "descripcion": "Lote de 5 x 'Lámpara LED Estándar' (de OP OP-00035) enviado al cliente.",
    "tipo_evento": "Envío",
    "realizado_por": 1
  }
},
{
  "model": "App_LUMINOVA.historialov",
  "pk": 64,
  "fields": {
    "orden_venta": 53,
    "fecha_evento": "2025-06-18T21:21:09.400Z",
    "descripcion": "Se generó la factura N° FACT-00032 por un total de $90.10.",
    "tipo_evento": "Facturado",
    "realizado_por": 1
  }
},
{
  "model": "App_LUMINOVA.historialov",
  "pk": 65,
  "fields": {
    "orden_venta": 54,
    "fecha_evento": "2025-06-18T21:34:35.753Z",
    "descripcion": "Orden de Venta creada en estado 'Pendiente Confirmación'.",
    "tipo_evento": null,
    "realizado_por": null
  }
},
{
  "model": "App_LUMINOVA.historialov",
  "pk": 66,
  "fields": {
    "orden_venta": 54,
    "fecha_evento": "2025-06-18T21:34:35.755Z",
    "descripcion": "Se generó la Orden de Producción OP-00036 para el producto 'Lámpara LED Estándar'.",
    "tipo_evento": null,
    "realizado_por": null
  }
},
{
  "model": "App_LUMINOVA.historialov",
  "pk": 67,
  "fields": {
    "orden_venta": 54,
    "fecha_evento": "2025-06-18T21:35:11.460Z",
    "descripcion": "La OP OP-00036 ('Lámpara LED Estándar') cambió su estado de 'Pendiente' a 'Insumos Solicitados'.",
    "tipo_evento": "Cambio Estado OP",
    "realizado_por": 1
  }
},
{
  "model": "App_LUMINOVA.historialov",
  "pk": 68,
  "fields": {
    "orden_venta": 54,
    "fecha_evento": "2025-06-18T21:35:11.461Z",
    "descripcion": "Estado de la OV cambió de 'Pendiente Confirmación' a 'Insumos Solicitados'.",
    "tipo_evento": "Cambio Estado OV",
    "realizado_por": 1
  }
},
{
  "model": "App_LUMINOVA.historialov",
  "pk": 69,
  "fields": {
    "orden_venta": 54,
    "fecha_evento": "2025-06-18T21:38:59.031Z",
    "descripcion": "La OP OP-00036 ('Lámpara LED Estándar') cambió su estado de 'Insumos Recibidos' a 'Producción Iniciada'.",
    "tipo_evento": "Cambio Estado OP",
    "realizado_por": 1
  }
},
{
  "model": "App_LUMINOVA.historialov",
  "pk": 70,
  "fields": {
    "orden_venta": 54,
    "fecha_evento": "2025-06-18T21:39:29.302Z",
    "descripcion": "La OP OP-00036 ('Lámpara LED Estándar') cambió su estado de 'Producción Iniciada' a 'Completada'.",
    "tipo_evento": "Cambio Estado OP",
    "realizado_por": 1
  }
},
{
  "model": "App_LUMINOVA.historialov",
  "pk": 71,
  "fields": {
    "orden_venta": 54,
    "fecha_evento": "2025-06-18T21:39:29.305Z",
    "descripcion": "Estado de la OV cambió de 'Insumos Solicitados' a 'Lista para Entrega'.",
    "tipo_evento": "Cambio Estado OV",
    "realizado_por": 1
  }
},
{
  "model": "App_LUMINOVA.historialov",
  "pk": 72,
  "fields": {
    "orden_venta": 54,
    "fecha_evento": "2025-06-18T21:41:14.806Z",
    "descripcion": "Lote de 2 x 'Lámpara LED Estándar' (de OP OP-00036) enviado al cliente.",
    "tipo_evento": "Envío",
    "realizado_por": 1
  }
},
{
  "model": "App_LUMINOVA.historialov",
  "pk": 73,
  "fields": {
    "orden_venta": 54,
    "fecha_evento": "2025-06-18T21:41:14.806Z",
    "descripcion": "Estado de la Orden de Venta cambió de 'Lista para Entrega' a 'Completada/Entregada'.",
    "tipo_evento": "Cambio Estado OV",
    "realizado_por": 1
  }
},
{
  "model": "App_LUMINOVA.historialov",
  "pk": 74,
  "fields": {
    "orden_venta": 54,
    "fecha_evento": "2025-06-18T21:41:49.423Z",
    "descripcion": "Se generó la factura N° FACT-00034 por un total de $0.04.",
    "tipo_evento": "Facturado",
    "realizado_por": 1
  }
},
{
  "model": "App_LUMINOVA.historialov",
  "pk": 75,
  "fields": {
    "orden_venta": 55,
    "fecha_evento": "2025-06-18T21:44:08.709Z",
    "descripcion": "Orden de Venta creada en estado 'Pendiente Confirmación'.",
    "tipo_evento": null,
    "realizado_por": null
  }
},
{
  "model": "App_LUMINOVA.historialov",
  "pk": 76,
  "fields": {
    "orden_venta": 55,
    "fecha_evento": "2025-06-18T21:44:08.711Z",
    "descripcion": "Se generó la Orden de Producción OP-00037 para el producto 'Lámpara LED Estándar'.",
    "tipo_evento": null,
    "realizado_por": null
  }
},
{
  "model": "App_LUMINOVA.historialov",
  "pk": 77,
  "fields": {
    "orden_venta": 55,
    "fecha_evento": "2025-06-18T21:44:21.140Z",
    "descripcion": "La OP OP-00037 ('Lámpara LED Estándar') cambió su estado de 'Pendiente' a 'Insumos Solicitados'.",
    "tipo_evento": "Cambio Estado OP",
    "realizado_por": 1
  }
},
{
  "model": "App_LUMINOVA.historialov",
  "pk": 78,
  "fields": {
    "orden_venta": 55,
    "fecha_evento": "2025-06-18T21:44:21.141Z",
    "descripcion": "Estado de la OV cambió de 'Pendiente Confirmación' a 'Insumos Solicitados'.",
    "tipo_evento": "Cambio Estado OV",
    "realizado_por": 1
  }
},
{
  "model": "App_LUMINOVA.historialov",
  "pk": 79,
  "fields": {
    "orden_venta": 55,
    "fecha_evento": "2025-06-18T21:44:28.698Z",
    "descripcion": "La OP OP-00037 ('Lámpara LED Estándar') cambió su estado de 'Insumos Recibidos' a 'Producción Iniciada'.",
    "tipo_evento": "Cambio Estado OP",
    "realizado_por": 1
  }
},
{
  "model": "App_LUMINOVA.historialov",
  "pk": 80,
  "fields": {
    "orden_venta": 55,
    "fecha_evento": "2025-06-18T21:44:32.206Z",
    "descripcion": "La OP OP-00037 ('Lámpara LED Estándar') cambió su estado de 'Producción Iniciada' a 'Completada'.",
    "tipo_evento": "Cambio Estado OP",
    "realizado_por": 1
  }
},
{
  "model": "App_LUMINOVA.historialov",
  "pk": 81,
  "fields": {
    "orden_venta": 55,
    "fecha_evento": "2025-06-18T21:44:32.210Z",
    "descripcion": "Estado de la OV cambió de 'Insumos Solicitados' a 'Lista para Entrega'.",
    "tipo_evento": "Cambio Estado OV",
    "realizado_por": 1
  }
},
{
  "model": "App_LUMINOVA.historialov",
  "pk": 82,
  "fields": {
    "orden_venta": 55,
    "fecha_evento": "2025-06-18T21:45:45.071Z",
    "descripcion": "Se generó la factura N° FACT-00035 por un total de $0.06.",
    "tipo_evento": "Facturado",
    "realizado_por": 1
  }
},
{
  "model": "App_LUMINOVA.historialov",
  "pk": 83,
  "fields": {
    "orden_venta": 55,
    "fecha_evento": "2025-06-18T21:47:13.788Z",
    "descripcion": "Lote de 3 x 'Lámpara LED Estándar' (de OP OP-00037) enviado al cliente.",
    "tipo_evento": "Envío",
    "realizado_por": 1
  }
},
{
  "model": "App_LUMINOVA.historialov",
  "pk": 84,
  "fields": {
    "orden_venta": 55,
    "fecha_evento": "2025-06-18T21:47:13.789Z",
    "descripcion": "Estado de la Orden de Venta cambió de 'Lista para Entrega' a 'Completada/Entregada'.",
    "tipo_evento": "Cambio Estado OV",
    "realizado_por": 1
  }
},
{
  "model": "App_LUMINOVA.historialov",
  "pk": 85,
  "fields": {
    "orden_venta": 56,
    "fecha_evento": "2025-06-18T22:46:34.815Z",
    "descripcion": "Orden de Venta creada en estado 'Pendiente Confirmación'.",
    "tipo_evento": null,
    "realizado_por": null
  }
},
{
  "model": "App_LUMINOVA.historialov",
  "pk": 86,
  "fields": {
    "orden_venta": 56,
    "fecha_evento": "2025-06-18T22:46:34.820Z",
    "descripcion": "Se generó la Orden de Producción OP-00038 para el producto 'Downlight LED empotrable'.",
    "tipo_evento": null,
    "realizado_por": null
  }
},
{
  "model": "App_LUMINOVA.historialov",
  "pk": 87,
  "fields": {
    "orden_venta": 57,
    "fecha_evento": "2025-06-18T23:18:35.234Z",
    "descripcion": "Orden de Venta creada en estado 'Pendiente Confirmación'.",
    "tipo_evento": null,
    "realizado_por": null
  }
},
{
  "model": "App_LUMINOVA.historialov",
  "pk": 88,
  "fields": {
    "orden_venta": 57,
    "fecha_evento": "2025-06-18T23:18:35.237Z",
    "descripcion": "Se generó la Orden de Producción OP-00039 para el producto 'Downlight LED empotrable'.",
    "tipo_evento": null,
    "realizado_por": null
  }
},
{
  "model": "App_LUMINOVA.historialov",
  "pk": 89,
  "fields": {
    "orden_venta": 56,
    "fecha_evento": "2025-06-20T00:22:18.953Z",
    "descripcion": "La OP OP-00038 ('Downlight LED empotrable') cambió su estado de 'Planificada' a 'Insumos Solicitados'.",
    "tipo_evento": "Cambio Estado OP",
    "realizado_por": 1
  }
},
{
  "model": "App_LUMINOVA.historialov",
  "pk": 90,
  "fields": {
    "orden_venta": 56,
    "fecha_evento": "2025-06-20T00:22:18.954Z",
    "descripcion": "Estado de la OV cambió de 'Pendiente Confirmación' a 'Insumos Solicitados'.",
    "tipo_evento": "Cambio Estado OV",
    "realizado_por": 1
  }
},
{
  "model": "App_LUMINOVA.historialov",
  "pk": 91,
  "fields": {
    "orden_venta": 56,
    "fecha_evento": "2025-06-20T00:23:02.481Z",
    "descripcion": "La OP OP-00038 ('Downlight LED empotrable') cambió su estado de 'Insumos Recibidos' a 'Pausada'.",
    "tipo_evento": "Cambio Estado OP",
    "realizado_por": 1
  }
},
{
  "model": "App_LUMINOVA.historialov",
  "pk": 92,
  "fields": {
    "orden_venta": 56,
    "fecha_evento": "2025-06-20T00:23:15.697Z",
    "descripcion": "Se creó el reporte N° RP-00018 por 'Falla de Maquinaria' en la OP OP-00038. Detalle: \"Falla...\"",
    "tipo_evento": "Reporte de Incidencia",
    "realizado_por": 1
  }
},
{
  "model": "App_LUMINOVA.historialov",
  "pk": 93,
  "fields": {
    "orden_venta": 56,
    "fecha_evento": "2025-06-20T00:26:42.933Z",
    "descripcion": "La OP OP-00038 ('Downlight LED empotrable') cambió su estado de 'Pausada' a 'Producción Iniciada'.",
    "tipo_evento": "Cambio Estado OP",
    "realizado_por": 1
  }
},
{
  "model": "App_LUMINOVA.historialov",
  "pk": 94,
  "fields": {
    "orden_venta": 56,
    "fecha_evento": "2025-06-20T00:27:21.454Z",
    "descripcion": "La OP OP-00038 ('Downlight LED empotrable') cambió su estado de 'Producción Iniciada' a 'Completada'.",
    "tipo_evento": "Cambio Estado OP",
    "realizado_por": 1
  }
},
{
  "model": "App_LUMINOVA.historialov",
  "pk": 95,
  "fields": {
    "orden_venta": 56,
    "fecha_evento": "2025-06-20T00:27:21.457Z",
    "descripcion": "Estado de la OV cambió de 'Insumos Solicitados' a 'Lista para Entrega'.",
    "tipo_evento": "Cambio Estado OV",
    "realizado_por": 1
  }
},
{
  "model": "App_LUMINOVA.historialov",
  "pk": 96,
  "fields": {
    "orden_venta": 56,
    "fecha_evento": "2025-06-20T00:29:28.521Z",
    "descripcion": "Se generó la factura N° FACT-00035 por un total de $30.00.",
    "tipo_evento": "Facturado",
    "realizado_por": 1
  }
},
{
  "model": "App_LUMINOVA.historialov",
  "pk": 97,
  "fields": {
    "orden_venta": 56,
    "fecha_evento": "2025-06-20T00:29:54.146Z",
    "descripcion": "Lote de 1 x 'Downlight LED empotrable' (de OP OP-00038) enviado al cliente.",
    "tipo_evento": "Envío",
    "realizado_por": 1
  }
},
{
  "model": "App_LUMINOVA.historialov",
  "pk": 98,
  "fields": {
    "orden_venta": 56,
    "fecha_evento": "2025-06-20T00:29:54.147Z",
    "descripcion": "Estado de la Orden de Venta cambió de 'Lista para Entrega' a 'Completada/Entregada'.",
    "tipo_evento": "Cambio Estado OV",
    "realizado_por": 1
  }
},
{
  "model": "App_LUMINOVA.historialov",
  "pk": 99,
  "fields": {
    "orden_venta": 58,
    "fecha_evento": "2025-06-20T00:31:42.468Z",
    "descripcion": "Orden de Venta creada en estado 'Pendiente Confirmación'.",
    "tipo_evento": null,
    "realizado_por": null
  }
},
{
  "model": "App_LUMINOVA.historialov",
  "pk": 100,
  "fields": {
    "orden_venta": 58,
    "fecha_evento": "2025-06-20T00:31:42.471Z",
    "descripcion": "Se generó la Orden de Producción OP-00040 para el producto 'Downlight LED empotrable'.",
    "tipo_evento": null,
    "realizado_por": null
  }
},
{
  "model": "App_LUMINOVA.historialov",
  "pk": 101,
  "fields": {
    "orden_venta": 58,
    "fecha_evento": "2025-06-20T00:33:43.109Z",
    "descripcion": "La OP OP-00040 ('Downlight LED empotrable') cambió su estado de 'Pendiente' a 'Insumos Solicitados'.",
    "tipo_evento": "Cambio Estado OP",
    "realizado_por": 1
  }
},
{
  "model": "App_LUMINOVA.historialov",
  "pk": 102,
  "fields": {
    "orden_venta": 58,
    "fecha_evento": "2025-06-20T00:33:43.111Z",
    "descripcion": "Estado de la OV cambió de 'Pendiente Confirmación' a 'Insumos Solicitados'.",
    "tipo_evento": "Cambio Estado OV",
    "realizado_por": 1
  }
},
{
  "model": "App_LUMINOVA.historialov",
  "pk": 103,
  "fields": {
    "orden_venta": 58,
    "fecha_evento": "2025-06-20T00:34:10.680Z",
    "descripcion": "La OP OP-00040 ('Downlight LED empotrable') cambió su estado de 'Insumos Recibidos' a 'Pausada'.",
    "tipo_evento": "Cambio Estado OP",
    "realizado_por": 1
  }
},
{
  "model": "App_LUMINOVA.historialov",
  "pk": 104,
  "fields": {
    "orden_venta": 58,
    "fecha_evento": "2025-06-20T00:34:24.176Z",
    "descripcion": "Se creó el reporte N° RP-00019 por 'Problema de Personal' en la OP OP-00040. Detalle: \"No se...\"",
    "tipo_evento": "Reporte de Incidencia",
    "realizado_por": 1
  }
},
{
  "model": "App_LUMINOVA.historialov",
  "pk": 105,
  "fields": {
    "orden_venta": 59,
    "fecha_evento": "2025-06-20T00:36:13.802Z",
    "descripcion": "Orden de Venta creada en estado 'Pendiente Confirmación'.",
    "tipo_evento": null,
    "realizado_por": null
  }
},
{
  "model": "App_LUMINOVA.historialov",
  "pk": 106,
  "fields": {
    "orden_venta": 59,
    "fecha_evento": "2025-06-20T00:36:13.805Z",
    "descripcion": "Se generó la Orden de Producción OP-00041 para el producto 'Lámpara LED Estándar'.",
    "tipo_evento": null,
    "realizado_por": null
  }
},
{
  "model": "App_LUMINOVA.historialov",
  "pk": 107,
  "fields": {
    "orden_venta": 60,
    "fecha_evento": "2025-06-20T00:36:40.111Z",
    "descripcion": "Orden de Venta creada en estado 'Pendiente Confirmación'.",
    "tipo_evento": null,
    "realizado_por": null
  }
},
{
  "model": "App_LUMINOVA.historialov",
  "pk": 108,
  "fields": {
    "orden_venta": 60,
    "fecha_evento": "2025-06-20T00:36:40.114Z",
    "descripcion": "Se generó la Orden de Producción OP-00042 para el producto 'Lámpara LED Estándar'.",
    "tipo_evento": null,
    "realizado_por": null
  }
},
{
  "model": "App_LUMINOVA.historialov",
  "pk": 109,
  "fields": {
    "orden_venta": 60,
    "fecha_evento": "2025-06-20T00:37:01.864Z",
    "descripcion": "La OP OP-00042 ('Lámpara LED Estándar') cambió su estado de 'Pendiente' a 'Insumos Solicitados'.",
    "tipo_evento": "Cambio Estado OP",
    "realizado_por": 1
  }
},
{
  "model": "App_LUMINOVA.historialov",
  "pk": 110,
  "fields": {
    "orden_venta": 60,
    "fecha_evento": "2025-06-20T00:37:01.865Z",
    "descripcion": "Estado de la OV cambió de 'Pendiente Confirmación' a 'Insumos Solicitados'.",
    "tipo_evento": "Cambio Estado OV",
    "realizado_por": 1
  }
},
{
  "model": "App_LUMINOVA.historialov",
  "pk": 111,
  "fields": {
    "orden_venta": 61,
    "fecha_evento": "2025-06-20T00:37:34.176Z",
    "descripcion": "Orden de Venta creada en estado 'Pendiente Confirmación'.",
    "tipo_evento": null,
    "realizado_por": null
  }
},
{
  "model": "App_LUMINOVA.historialov",
  "pk": 112,
  "fields": {
    "orden_venta": 61,
    "fecha_evento": "2025-06-20T00:37:34.178Z",
    "descripcion": "Se generó la Orden de Producción OP-00043 para el producto 'Downlight LED empotrable'.",
    "tipo_evento": null,
    "realizado_por": null
  }
},
{
  "model": "App_LUMINOVA.historialov",
  "pk": 113,
  "fields": {
    "orden_venta": 61,
    "fecha_evento": "2025-06-20T00:37:51.272Z",
    "descripcion": "La OP OP-00043 ('Downlight LED empotrable') cambió su estado de 'Pendiente' a 'Insumos Solicitados'.",
    "tipo_evento": "Cambio Estado OP",
    "realizado_por": 1
  }
},
{
  "model": "App_LUMINOVA.historialov",
  "pk": 114,
  "fields": {
    "orden_venta": 61,
    "fecha_evento": "2025-06-20T00:37:51.274Z",
    "descripcion": "Estado de la OV cambió de 'Pendiente Confirmación' a 'Insumos Solicitados'.",
    "tipo_evento": "Cambio Estado OV",
    "realizado_por": 1
  }
},
{
  "model": "App_LUMINOVA.historialov",
  "pk": 115,
  "fields": {
    "orden_venta": 62,
    "fecha_evento": "2025-06-20T00:38:26.976Z",
    "descripcion": "Orden de Venta creada en estado 'Pendiente Confirmación'.",
    "tipo_evento": null,
    "realizado_por": null
  }
},
{
  "model": "App_LUMINOVA.historialov",
  "pk": 116,
  "fields": {
    "orden_venta": 62,
    "fecha_evento": "2025-06-20T00:38:26.978Z",
    "descripcion": "Se generó la Orden de Producción OP-00044 para el producto 'Downlight LED empotrable'.",
    "tipo_evento": null,
    "realizado_por": null
  }
},
{
  "model": "App_LUMINOVA.historialov",
  "pk": 117,
  "fields": {
    "orden_venta": 62,
    "fecha_evento": "2025-06-20T00:38:50.462Z",
    "descripcion": "La OP OP-00044 ('Downlight LED empotrable') cambió su estado de 'Pendiente' a 'Insumos Solicitados'.",
    "tipo_evento": "Cambio Estado OP",
    "realizado_por": 1
  }
},
{
  "model": "App_LUMINOVA.historialov",
  "pk": 118,
  "fields": {
    "orden_venta": 62,
    "fecha_evento": "2025-06-20T00:38:50.463Z",
    "descripcion": "Estado de la OV cambió de 'Pendiente Confirmación' a 'Insumos Solicitados'.",
    "tipo_evento": "Cambio Estado OV",
    "realizado_por": 1
  }
},
{
  "model": "App_LUMINOVA.historialov",
  "pk": 119,
  "fields": {
    "orden_venta": 62,
    "fecha_evento": "2025-06-20T00:39:11.189Z",
    "descripcion": "La OP OP-00044 ('Downlight LED empotrable') cambió su estado de 'Insumos Recibidos' a 'Producción Iniciada'.",
    "tipo_evento": "Cambio Estado OP",
    "realizado_por": 1
  }
},
{
  "model": "App_LUMINOVA.historialov",
  "pk": 120,
  "fields": {
    "orden_venta": 53,
    "fecha_evento": "2025-06-20T10:37:58.254Z",
    "descripcion": "Lote de 3 x 'Downlight LED empotrable' (de OP OP-00034) enviado al cliente.",
    "tipo_evento": "Envío",
    "realizado_por": 1
  }
},
{
  "model": "App_LUMINOVA.historialov",
  "pk": 121,
  "fields": {
    "orden_venta": 53,
    "fecha_evento": "2025-06-20T10:37:58.255Z",
    "descripcion": "Estado de la Orden de Venta cambió de 'Lista para Entrega' a 'Completada/Entregada'.",
    "tipo_evento": "Cambio Estado OV",
    "realizado_por": 1
  }
},
{
  "model": "App_LUMINOVA.historialov",
  "pk": 122,
  "fields": {
    "orden_venta": 52,
    "fecha_evento": "2025-06-20T10:38:01.284Z",
    "descripcion": "Lote de 1 x 'Lámpara LED Estándar' (de OP OP-00033) enviado al cliente.",
    "tipo_evento": "Envío",
    "realizado_por": 1
  }
},
{
  "model": "App_LUMINOVA.historialov",
  "pk": 123,
  "fields": {
    "orden_venta": 52,
    "fecha_evento": "2025-06-20T10:38:01.285Z",
    "descripcion": "Estado de la Orden de Venta cambió de 'Lista para Entrega' a 'Completada/Entregada'.",
    "tipo_evento": "Cambio Estado OV",
    "realizado_por": 1
  }
},
{
  "model": "App_LUMINOVA.historialov",
  "pk": 124,
  "fields": {
    "orden_venta": 44,
    "fecha_evento": "2025-06-20T10:38:03.616Z",
    "descripcion": "Lote de 1 x 'Lámpara LED Estándar' (de OP OP-00024) enviado al cliente.",
    "tipo_evento": "Envío",
    "realizado_por": 1
  }
},
{
  "model": "App_LUMINOVA.historialov",
  "pk": 125,
  "fields": {
    "orden_venta": 44,
    "fecha_evento": "2025-06-20T10:38:03.617Z",
    "descripcion": "Estado de la Orden de Venta cambió de 'Completada/Entregada' a 'Completada/Entregada'.",
    "tipo_evento": "Cambio Estado OV",
    "realizado_por": 1
  }
},
{
  "model": "App_LUMINOVA.historialov",
  "pk": 126,
  "fields": {
    "orden_venta": 43,
    "fecha_evento": "2025-06-20T10:38:06.062Z",
    "descripcion": "Lote de 10 x 'Lámpara LED Estándar' (de OP OP-00023) enviado al cliente.",
    "tipo_evento": "Envío",
    "realizado_por": 1
  }
},
{
  "model": "App_LUMINOVA.historialov",
  "pk": 127,
  "fields": {
    "orden_venta": 43,
    "fecha_evento": "2025-06-20T10:38:06.063Z",
    "descripcion": "Estado de la Orden de Venta cambió de 'Completada/Entregada' a 'Completada/Entregada'.",
    "tipo_evento": "Cambio Estado OV",
    "realizado_por": 1
  }
},
{
  "model": "App_LUMINOVA.historialov",
  "pk": 128,
  "fields": {
    "orden_venta": 63,
    "fecha_evento": "2025-06-20T17:48:14.281Z",
    "descripcion": "Orden de Venta creada en estado 'Pendiente Confirmación'.",
    "tipo_evento": null,
    "realizado_por": null
  }
},
{
  "model": "App_LUMINOVA.historialov",
  "pk": 129,
  "fields": {
    "orden_venta": 63,
    "fecha_evento": "2025-06-20T17:48:14.284Z",
    "descripcion": "Se generó la Orden de Producción OP-00045 para el producto 'Downlight LED empotrable'.",
    "tipo_evento": null,
    "realizado_por": null
  }
},
{
  "model": "App_LUMINOVA.historialov",
  "pk": 130,
  "fields": {
    "orden_venta": 63,
    "fecha_evento": "2025-06-20T17:48:14.285Z",
    "descripcion": "Se generó la Orden de Producción OP-00046 para el producto 'Lámpara LED Estándar'.",
    "tipo_evento": null,
    "realizado_por": null
  }
},
{
  "model": "App_LUMINOVA.historialov",
  "pk": 131,
  "fields": {
    "orden_venta": 63,
    "fecha_evento": "2025-06-20T17:49:10.234Z",
    "descripcion": "La OP OP-00045 ('Downlight LED empotrable') cambió su estado de 'Pendiente' a 'Insumos Solicitados'.",
    "tipo_evento": "Cambio Estado OP",
    "realizado_por": 1
  }
},
{
  "model": "App_LUMINOVA.historialov",
  "pk": 132,
  "fields": {
    "orden_venta": 63,
    "fecha_evento": "2025-06-20T17:49:10.235Z",
    "descripcion": "Estado de la OV cambió de 'Pendiente Confirmación' a 'Insumos Solicitados'.",
    "tipo_evento": "Cambio Estado OV",
    "realizado_por": 1
  }
},
{
  "model": "App_LUMINOVA.historialov",
  "pk": 133,
  "fields": {
    "orden_venta": 63,
    "fecha_evento": "2025-06-20T17:50:23.695Z",
    "descripcion": "La OP OP-00045 ('Downlight LED empotrable') cambió su estado de 'Insumos Recibidos' a 'Pausada'.",
    "tipo_evento": "Cambio Estado OP",
    "realizado_por": 1
  }
},
{
  "model": "App_LUMINOVA.historialov",
  "pk": 134,
  "fields": {
    "orden_venta": 63,
    "fecha_evento": "2025-06-20T17:50:35.045Z",
    "descripcion": "Se creó el reporte N° RP-00020 por 'Falla de Maquinaria' en la OP OP-00045. Detalle: \"Falla tal...\"",
    "tipo_evento": "Reporte de Incidencia",
    "realizado_por": 1
  }
},
{
  "model": "App_LUMINOVA.historialov",
  "pk": 135,
  "fields": {
    "orden_venta": 63,
    "fecha_evento": "2025-06-20T17:51:22.818Z",
    "descripcion": "La OP OP-00045 ('Downlight LED empotrable') cambió su estado de 'En Proceso' a 'Completada'.",
    "tipo_evento": "Cambio Estado OP",
    "realizado_por": 1
  }
},
{
  "model": "App_LUMINOVA.historialov",
  "pk": 136,
  "fields": {
    "orden_venta": 63,
    "fecha_evento": "2025-06-20T17:51:54.255Z",
    "descripcion": "La OP OP-00046 ('Lámpara LED Estándar') cambió su estado de 'Pendiente' a 'Insumos Solicitados'.",
    "tipo_evento": "Cambio Estado OP",
    "realizado_por": 1
  }
},
{
  "model": "App_LUMINOVA.historialov",
  "pk": 137,
  "fields": {
    "orden_venta": 63,
    "fecha_evento": "2025-06-20T17:52:07.859Z",
    "descripcion": "La OP OP-00046 ('Lámpara LED Estándar') cambió su estado de 'Insumos Recibidos' a 'Producción Iniciada'.",
    "tipo_evento": "Cambio Estado OP",
    "realizado_por": 1
  }
},
{
  "model": "App_LUMINOVA.historialov",
  "pk": 138,
  "fields": {
    "orden_venta": 63,
    "fecha_evento": "2025-06-20T17:52:19.826Z",
    "descripcion": "La OP OP-00046 ('Lámpara LED Estándar') cambió su estado de 'Producción Iniciada' a 'En Proceso'.",
    "tipo_evento": "Cambio Estado OP",
    "realizado_por": 1
  }
},
{
  "model": "App_LUMINOVA.historialov",
  "pk": 139,
  "fields": {
    "orden_venta": 63,
    "fecha_evento": "2025-06-20T17:52:38.408Z",
    "descripcion": "La OP OP-00046 ('Lámpara LED Estándar') cambió su estado de 'En Proceso' a 'Completada'.",
    "tipo_evento": "Cambio Estado OP",
    "realizado_por": 1
  }
},
{
  "model": "App_LUMINOVA.historialov",
  "pk": 140,
  "fields": {
    "orden_venta": 63,
    "fecha_evento": "2025-06-20T17:52:38.411Z",
    "descripcion": "Estado de la OV cambió de 'Insumos Solicitados' a 'Lista para Entrega'.",
    "tipo_evento": "Cambio Estado OV",
    "realizado_por": 1
  }
},
{
  "model": "App_LUMINOVA.historialov",
  "pk": 141,
  "fields": {
    "orden_venta": 63,
    "fecha_evento": "2025-06-20T17:53:17.496Z",
    "descripcion": "Se generó la factura N° FACT-00036 por un total de $90.04.",
    "tipo_evento": "Facturado",
    "realizado_por": 1
  }
},
{
  "model": "App_LUMINOVA.historialov",
  "pk": 142,
  "fields": {
    "orden_venta": 63,
    "fecha_evento": "2025-06-20T17:54:19.758Z",
    "descripcion": "Lote de 3 x 'Downlight LED empotrable' (de OP OP-00045) enviado al cliente.",
    "tipo_evento": "Envío",
    "realizado_por": 1
  }
},
{
  "model": "App_LUMINOVA.historialov",
  "pk": 143,
  "fields": {
    "orden_venta": 63,
    "fecha_evento": "2025-06-20T17:54:34.070Z",
    "descripcion": "Lote de 2 x 'Lámpara LED Estándar' (de OP OP-00046) enviado al cliente.",
    "tipo_evento": "Envío",
    "realizado_por": 1
  }
},
{
  "model": "App_LUMINOVA.historialov",
  "pk": 144,
  "fields": {
    "orden_venta": 63,
    "fecha_evento": "2025-06-20T17:54:34.071Z",
    "descripcion": "Estado de la Orden de Venta cambió de 'Lista para Entrega' a 'Completada/Entregada'.",
    "tipo_evento": "Cambio Estado OV",
    "realizado_por": 1
  }
},
{
  "model": "App_LUMINOVA.historialov",
  "pk": 145,
  "fields": {
    "orden_venta": 64,
    "fecha_evento": "2025-06-20T18:38:29.841Z",
    "descripcion": "Orden de Venta creada en estado 'Pendiente Confirmación'.",
    "tipo_evento": null,
    "realizado_por": null
  }
},
{
  "model": "App_LUMINOVA.historialov",
  "pk": 146,
  "fields": {
    "orden_venta": 64,
    "fecha_evento": "2025-06-20T18:38:29.844Z",
    "descripcion": "Se generó la Orden de Producción OP-00047 para el producto 'Lámpara LED Estándar'.",
    "tipo_evento": null,
    "realizado_por": null
  }
},
{
  "model": "App_LUMINOVA.historialov",
  "pk": 147,
  "fields": {
    "orden_venta": 64,
    "fecha_evento": "2025-06-20T18:38:29.845Z",
    "descripcion": "Se generó la Orden de Producción OP-00048 para el producto 'Downlight LED empotrable'.",
    "tipo_evento": null,
    "realizado_por": null
  }
},
{
  "model": "App_LUMINOVA.historialov",
  "pk": 148,
  "fields": {
    "orden_venta": 64,
    "fecha_evento": "2025-06-20T18:40:03.990Z",
    "descripcion": "La OP OP-00047 ('Lámpara LED Estándar') cambió su estado de 'Pendiente' a 'Insumos Solicitados'.",
    "tipo_evento": "Cambio Estado OP",
    "realizado_por": 1
  }
},
{
  "model": "App_LUMINOVA.historialov",
  "pk": 149,
  "fields": {
    "orden_venta": 64,
    "fecha_evento": "2025-06-20T18:40:03.992Z",
    "descripcion": "Estado de la OV cambió de 'Pendiente Confirmación' a 'Insumos Solicitados'.",
    "tipo_evento": "Cambio Estado OV",
    "realizado_por": 1
  }
},
{
  "model": "App_LUMINOVA.historialov",
  "pk": 150,
  "fields": {
    "orden_venta": 64,
    "fecha_evento": "2025-06-20T18:42:10.052Z",
    "descripcion": "La OP OP-00047 ('Lámpara LED Estándar') cambió su estado de 'Insumos Recibidos' a 'Pausada'.",
    "tipo_evento": "Cambio Estado OP",
    "realizado_por": 1
  }
},
{
  "model": "App_LUMINOVA.historialov",
  "pk": 151,
  "fields": {
    "orden_venta": 64,
    "fecha_evento": "2025-06-20T18:42:34.291Z",
    "descripcion": "Se creó el reporte N° RP-00021 por 'Falla de Maquinaria' en la OP OP-00047. Detalle: \"Falla de maquina...\"",
    "tipo_evento": "Reporte de Incidencia",
    "realizado_por": 1
  }
},
{
  "model": "App_LUMINOVA.historialov",
  "pk": 152,
  "fields": {
    "orden_venta": 64,
    "fecha_evento": "2025-06-20T18:44:02.924Z",
    "descripcion": "La OP OP-00047 ('Lámpara LED Estándar') cambió su estado de 'En Proceso' a 'Completada'.",
    "tipo_evento": "Cambio Estado OP",
    "realizado_por": 1
  }
},
{
  "model": "App_LUMINOVA.historialov",
  "pk": 153,
  "fields": {
    "orden_venta": 64,
    "fecha_evento": "2025-06-20T18:45:24.938Z",
    "descripcion": "La OP OP-00048 ('Downlight LED empotrable') cambió su estado de 'Pendiente' a 'Insumos Solicitados'.",
    "tipo_evento": "Cambio Estado OP",
    "realizado_por": 1
  }
},
{
  "model": "App_LUMINOVA.historialov",
  "pk": 154,
  "fields": {
    "orden_venta": 64,
    "fecha_evento": "2025-06-20T18:45:57.947Z",
    "descripcion": "La OP OP-00048 ('Downlight LED empotrable') cambió su estado de 'Insumos Recibidos' a 'Producción Iniciada'.",
    "tipo_evento": "Cambio Estado OP",
    "realizado_por": 1
  }
},
{
  "model": "App_LUMINOVA.historialov",
  "pk": 155,
  "fields": {
    "orden_venta": 64,
    "fecha_evento": "2025-06-20T18:46:09.480Z",
    "descripcion": "La OP OP-00048 ('Downlight LED empotrable') cambió su estado de 'Producción Iniciada' a 'Completada'.",
    "tipo_evento": "Cambio Estado OP",
    "realizado_por": 1
  }
},
{
  "model": "App_LUMINOVA.historialov",
  "pk": 156,
  "fields": {
    "orden_venta": 64,
    "fecha_evento": "2025-06-20T18:46:09.483Z",
    "descripcion": "Estado de la OV cambió de 'Insumos Solicitados' a 'Lista para Entrega'.",
    "tipo_evento": "Cambio Estado OV",
    "realizado_por": 1
  }
},
{
  "model": "App_LUMINOVA.historialov",
  "pk": 157,
  "fields": {
    "orden_venta": 64,
    "fecha_evento": "2025-06-20T18:46:58.927Z",
    "descripcion": "Se generó la factura N° FACT-00037 por un total de $90.08.",
    "tipo_evento": "Facturado",
    "realizado_por": 1
  }
},
{
  "model": "App_LUMINOVA.historialov",
  "pk": 158,
  "fields": {
    "orden_venta": 64,
    "fecha_evento": "2025-06-20T18:48:27.255Z",
    "descripcion": "Lote de 3 x 'Downlight LED empotrable' (de OP OP-00048) enviado al cliente.",
    "tipo_evento": "Envío",
    "realizado_por": 1
  }
},
{
  "model": "App_LUMINOVA.historialov",
  "pk": 159,
  "fields": {
    "orden_venta": 64,
    "fecha_evento": "2025-06-20T18:48:34.779Z",
    "descripcion": "Lote de 4 x 'Lámpara LED Estándar' (de OP OP-00047) enviado al cliente.",
    "tipo_evento": "Envío",
    "realizado_por": 1
  }
},
{
  "model": "App_LUMINOVA.historialov",
  "pk": 160,
  "fields": {
    "orden_venta": 64,
    "fecha_evento": "2025-06-20T18:48:34.780Z",
    "descripcion": "Estado de la Orden de Venta cambió de 'Lista para Entrega' a 'Completada/Entregada'.",
    "tipo_evento": "Cambio Estado OV",
    "realizado_por": 1
  }
},
{
  "model": "App_LUMINOVA.historialov",
  "pk": 161,
  "fields": {
    "orden_venta": 65,
    "fecha_evento": "2025-06-20T22:15:12.076Z",
    "descripcion": "Orden de Venta creada en estado 'Pendiente Confirmación'.",
    "tipo_evento": null,
    "realizado_por": null
  }
},
{
  "model": "App_LUMINOVA.historialov",
  "pk": 162,
  "fields": {
    "orden_venta": 65,
    "fecha_evento": "2025-06-20T22:15:12.079Z",
    "descripcion": "Se generó la Orden de Producción OP-00049 para el producto 'Lámpara LED Estándar'.",
    "tipo_evento": null,
    "realizado_por": null
  }
},
{
  "model": "App_LUMINOVA.historialov",
  "pk": 163,
  "fields": {
    "orden_venta": 65,
    "fecha_evento": "2025-06-20T22:16:50.019Z",
    "descripcion": "La OP OP-00049 ('Lámpara LED Estándar') cambió su estado de 'Pendiente' a 'Insumos Solicitados'.",
    "tipo_evento": "Cambio Estado OP",
    "realizado_por": 1
  }
},
{
  "model": "App_LUMINOVA.historialov",
  "pk": 164,
  "fields": {
    "orden_venta": 65,
    "fecha_evento": "2025-06-20T22:16:50.021Z",
    "descripcion": "Estado de la OV cambió de 'Pendiente Confirmación' a 'Insumos Solicitados'.",
    "tipo_evento": "Cambio Estado OV",
    "realizado_por": 1
  }
},
{
  "model": "App_LUMINOVA.historialov",
  "pk": 165,
  "fields": {
    "orden_venta": 65,
    "fecha_evento": "2025-06-20T22:24:23.894Z",
    "descripcion": "La OP OP-00049 ('Lámpara LED Estándar') cambió su estado de 'Insumos Recibidos' a 'Producción Iniciada'.",
    "tipo_evento": "Cambio Estado OP",
    "realizado_por": 1
  }
},
{
  "model": "App_LUMINOVA.historialov",
  "pk": 166,
  "fields": {
    "orden_venta": 65,
    "fecha_evento": "2025-06-20T22:24:32.269Z",
    "descripcion": "La OP OP-00049 ('Lámpara LED Estándar') cambió su estado de 'Producción Iniciada' a 'Completada'.",
    "tipo_evento": "Cambio Estado OP",
    "realizado_por": 1
  }
},
{
  "model": "App_LUMINOVA.historialov",
  "pk": 167,
  "fields": {
    "orden_venta": 65,
    "fecha_evento": "2025-06-20T22:24:32.273Z",
    "descripcion": "Estado de la OV cambió de 'Insumos Solicitados' a 'Lista para Entrega'.",
    "tipo_evento": "Cambio Estado OV",
    "realizado_por": 1
  }
},
{
  "model": "App_LUMINOVA.historialov",
  "pk": 168,
  "fields": {
    "orden_venta": 61,
    "fecha_evento": "2025-06-20T22:26:24.605Z",
    "descripcion": "La OP OP-00043 ('Downlight LED empotrable') cambió su estado de 'Insumos Recibidos' a 'Producción Iniciada'.",
    "tipo_evento": "Cambio Estado OP",
    "realizado_por": 1
  }
},
{
  "model": "App_LUMINOVA.historialov",
  "pk": 169,
  "fields": {
    "orden_venta": 61,
    "fecha_evento": "2025-06-20T22:26:27.261Z",
    "descripcion": "La OP OP-00043 ('Downlight LED empotrable') cambió su estado de 'Producción Iniciada' a 'Completada'.",
    "tipo_evento": "Cambio Estado OP",
    "realizado_por": 1
  }
},
{
  "model": "App_LUMINOVA.historialov",
  "pk": 170,
  "fields": {
    "orden_venta": 61,
    "fecha_evento": "2025-06-20T22:26:27.264Z",
    "descripcion": "Estado de la OV cambió de 'Insumos Solicitados' a 'Lista para Entrega'.",
    "tipo_evento": "Cambio Estado OV",
    "realizado_por": 1
  }
},
{
  "model": "App_LUMINOVA.historialov",
  "pk": 171,
  "fields": {
    "orden_venta": 66,
    "fecha_evento": "2025-06-24T00:05:05.253Z",
    "descripcion": "Orden de Venta creada en estado 'Pendiente Confirmación'.",
    "tipo_evento": null,
    "realizado_por": null
  }
},
{
  "model": "App_LUMINOVA.historialov",
  "pk": 172,
  "fields": {
    "orden_venta": 66,
    "fecha_evento": "2025-06-24T00:05:05.258Z",
    "descripcion": "Se generó la Orden de Producción OP-00050 para el producto 'Downlight LED empotrable'.",
    "tipo_evento": null,
    "realizado_por": null
  }
},
{
  "model": "App_LUMINOVA.historialov",
  "pk": 173,
  "fields": {
    "orden_venta": 66,
    "fecha_evento": "2025-06-24T00:06:12.178Z",
    "descripcion": "La OP OP-00050 ('Downlight LED empotrable') cambió su estado de 'Pendiente' a 'Insumos Solicitados'.",
    "tipo_evento": "Cambio Estado OP",
    "realizado_por": 1
  }
},
{
  "model": "App_LUMINOVA.historialov",
  "pk": 174,
  "fields": {
    "orden_venta": 66,
    "fecha_evento": "2025-06-24T00:06:12.179Z",
    "descripcion": "Estado de la OV cambió de 'Pendiente Confirmación' a 'Insumos Solicitados'.",
    "tipo_evento": "Cambio Estado OV",
    "realizado_por": 1
  }
},
{
  "model": "App_LUMINOVA.historialov",
  "pk": 175,
  "fields": {
    "orden_venta": 66,
    "fecha_evento": "2025-06-24T00:07:44.861Z",
    "descripcion": "La OP OP-00050 ('Downlight LED empotrable') cambió su estado de 'Insumos Recibidos' a 'Pausada'.",
    "tipo_evento": "Cambio Estado OP",
    "realizado_por": 1
  }
},
{
  "model": "App_LUMINOVA.historialov",
  "pk": 176,
  "fields": {
    "orden_venta": 66,
    "fecha_evento": "2025-06-24T00:08:09.276Z",
    "descripcion": "Se creó el reporte N° RP-00022 por 'Falla de Maquinaria' en la OP OP-00050. Detalle: \"Fallo...\"",
    "tipo_evento": "Reporte de Incidencia",
    "realizado_por": 1
  }
},
{
  "model": "App_LUMINOVA.historialov",
  "pk": 177,
  "fields": {
    "orden_venta": 66,
    "fecha_evento": "2025-06-24T00:10:13.152Z",
    "descripcion": "La OP OP-00050 ('Downlight LED empotrable') cambió su estado de 'En Proceso' a 'Completada'.",
    "tipo_evento": "Cambio Estado OP",
    "realizado_por": 1
  }
},
{
  "model": "App_LUMINOVA.historialov",
  "pk": 178,
  "fields": {
    "orden_venta": 66,
    "fecha_evento": "2025-06-24T00:10:13.156Z",
    "descripcion": "Estado de la OV cambió de 'Insumos Solicitados' a 'Lista para Entrega'.",
    "tipo_evento": "Cambio Estado OV",
    "realizado_por": 1
  }
},
{
  "model": "App_LUMINOVA.historialov",
  "pk": 179,
  "fields": {
    "orden_venta": 66,
    "fecha_evento": "2025-06-24T00:11:21.978Z",
    "descripcion": "Se generó la factura N° FACT-00038 por un total de $90.00.",
    "tipo_evento": "Facturado",
    "realizado_por": 1
  }
},
{
  "model": "App_LUMINOVA.historialov",
  "pk": 180,
  "fields": {
    "orden_venta": 66,
    "fecha_evento": "2025-06-24T00:14:01.613Z",
    "descripcion": "Lote de 3 x 'Downlight LED empotrable' (de OP OP-00050) enviado al cliente.",
    "tipo_evento": "Envío",
    "realizado_por": 1
  }
},
{
  "model": "App_LUMINOVA.historialov",
  "pk": 181,
  "fields": {
    "orden_venta": 66,
    "fecha_evento": "2025-06-24T00:14:01.614Z",
    "descripcion": "Estado de la Orden de Venta cambió de 'Lista para Entrega' a 'Completada/Entregada'.",
    "tipo_evento": "Cambio Estado OV",
    "realizado_por": 1
  }
},
{
  "model": "App_LUMINOVA.historialov",
  "pk": 182,
  "fields": {
    "orden_venta": 60,
    "fecha_evento": "2025-06-24T00:30:40.574Z",
    "descripcion": "La OP OP-00042 ('Lámpara LED Estándar') cambió su estado de 'Insumos Recibidos' a 'Producción Iniciada'.",
    "tipo_evento": "Cambio Estado OP",
    "realizado_por": 1
  }
},
{
  "model": "App_LUMINOVA.historialov",
  "pk": 183,
  "fields": {
    "orden_venta": 60,
    "fecha_evento": "2025-06-24T00:30:44.362Z",
    "descripcion": "La OP OP-00042 ('Lámpara LED Estándar') cambió su estado de 'Producción Iniciada' a 'Completada'.",
    "tipo_evento": "Cambio Estado OP",
    "realizado_por": 1
  }
},
{
  "model": "App_LUMINOVA.historialov",
  "pk": 184,
  "fields": {
    "orden_venta": 60,
    "fecha_evento": "2025-06-24T00:30:44.365Z",
    "descripcion": "Estado de la OV cambió de 'Insumos Solicitados' a 'Lista para Entrega'.",
    "tipo_evento": "Cambio Estado OV",
    "realizado_por": 1
  }
},
{
  "model": "App_LUMINOVA.historialov",
  "pk": 185,
  "fields": {
    "orden_venta": 60,
    "fecha_evento": "2025-06-24T00:30:57.133Z",
    "descripcion": "Lote de 3 x 'Lámpara LED Estándar' (de OP OP-00042) enviado al cliente.",
    "tipo_evento": "Envío",
    "realizado_por": 1
  }
},
{
  "model": "App_LUMINOVA.historialov",
  "pk": 186,
  "fields": {
    "orden_venta": 60,
    "fecha_evento": "2025-06-24T00:30:57.134Z",
    "descripcion": "Estado de la Orden de Venta cambió de 'Lista para Entrega' a 'Completada/Entregada'.",
    "tipo_evento": "Cambio Estado OV",
    "realizado_por": 1
  }
},
{
  "model": "App_LUMINOVA.historialov",
  "pk": 187,
  "fields": {
    "orden_venta": 61,
    "fecha_evento": "2025-06-24T00:31:06.234Z",
    "descripcion": "Lote de 1 x 'Downlight LED empotrable' (de OP OP-00043) enviado al cliente.",
    "tipo_evento": "Envío",
    "realizado_por": 1
  }
},
{
  "model": "App_LUMINOVA.historialov",
  "pk": 188,
  "fields": {
    "orden_venta": 61,
    "fecha_evento": "2025-06-24T00:31:06.234Z",
    "descripcion": "Estado de la Orden de Venta cambió de 'Lista para Entrega' a 'Completada/Entregada'.",
    "tipo_evento": "Cambio Estado OV",
    "realizado_por": 1
  }
},
{
  "model": "App_LUMINOVA.historialov",
  "pk": 189,
  "fields": {
    "orden_venta": 65,
    "fecha_evento": "2025-06-24T00:31:08.169Z",
    "descripcion": "Lote de 3 x 'Lámpara LED Estándar' (de OP OP-00049) enviado al cliente.",
    "tipo_evento": "Envío",
    "realizado_por": 1
  }
},
{
  "model": "App_LUMINOVA.historialov",
  "pk": 190,
  "fields": {
    "orden_venta": 65,
    "fecha_evento": "2025-06-24T00:31:08.170Z",
    "descripcion": "Estado de la Orden de Venta cambió de 'Lista para Entrega' a 'Completada/Entregada'.",
    "tipo_evento": "Cambio Estado OV",
    "realizado_por": 1
  }
},
{
  "model": "App_LUMINOVA.historialov",
  "pk": 191,
  "fields": {
    "orden_venta": 62,
    "fecha_evento": "2025-06-24T00:31:19.374Z",
    "descripcion": "La OP OP-00044 ('Downlight LED empotrable') cambió su estado de 'Producción Iniciada' a 'Completada'.",
    "tipo_evento": "Cambio Estado OP",
    "realizado_por": 1
  }
},
{
  "model": "App_LUMINOVA.historialov",
  "pk": 192,
  "fields": {
    "orden_venta": 62,
    "fecha_evento": "2025-06-24T00:31:19.377Z",
    "descripcion": "Estado de la OV cambió de 'Insumos Solicitados' a 'Lista para Entrega'.",
    "tipo_evento": "Cambio Estado OV",
    "realizado_por": 1
  }
},
{
  "model": "App_LUMINOVA.historialov",
  "pk": 193,
  "fields": {
    "orden_venta": 62,
    "fecha_evento": "2025-06-24T00:31:34.635Z",
    "descripcion": "Lote de 5 x 'Downlight LED empotrable' (de OP OP-00044) enviado al cliente.",
    "tipo_evento": "Envío",
    "realizado_por": 1
  }
},
{
  "model": "App_LUMINOVA.historialov",
  "pk": 194,
  "fields": {
    "orden_venta": 62,
    "fecha_evento": "2025-06-24T00:31:34.637Z",
    "descripcion": "Estado de la Orden de Venta cambió de 'Lista para Entrega' a 'Completada/Entregada'.",
    "tipo_evento": "Cambio Estado OV",
    "realizado_por": 1
  }
},
{
  "model": "App_LUMINOVA.historialov",
  "pk": 195,
  "fields": {
    "orden_venta": 58,
    "fecha_evento": "2025-06-24T00:31:51.157Z",
    "descripcion": "La OP OP-00040 ('Downlight LED empotrable') cambió su estado de 'Pausada' a 'Producción Iniciada'.",
    "tipo_evento": "Cambio Estado OP",
    "realizado_por": 1
  }
},
{
  "model": "App_LUMINOVA.historialov",
  "pk": 196,
  "fields": {
    "orden_venta": 58,
    "fecha_evento": "2025-06-24T00:31:54.447Z",
    "descripcion": "La OP OP-00040 ('Downlight LED empotrable') cambió su estado de 'Producción Iniciada' a 'Completada'.",
    "tipo_evento": "Cambio Estado OP",
    "realizado_por": 1
  }
},
{
  "model": "App_LUMINOVA.historialov",
  "pk": 197,
  "fields": {
    "orden_venta": 58,
    "fecha_evento": "2025-06-24T00:31:54.450Z",
    "descripcion": "Estado de la OV cambió de 'Insumos Solicitados' a 'Lista para Entrega'.",
    "tipo_evento": "Cambio Estado OV",
    "realizado_por": 1
  }
},
{
  "model": "App_LUMINOVA.historialov",
  "pk": 198,
  "fields": {
    "orden_venta": 57,
    "fecha_evento": "2025-06-24T00:32:05.358Z",
    "descripcion": "La OP OP-00039 ('Downlight LED empotrable') cambió su estado de 'Planificada' a 'Insumos Solicitados'.",
    "tipo_evento": "Cambio Estado OP",
    "realizado_por": 1
  }
},
{
  "model": "App_LUMINOVA.historialov",
  "pk": 199,
  "fields": {
    "orden_venta": 57,
    "fecha_evento": "2025-06-24T00:32:05.359Z",
    "descripcion": "Estado de la OV cambió de 'Pendiente Confirmación' a 'Insumos Solicitados'.",
    "tipo_evento": "Cambio Estado OV",
    "realizado_por": 1
  }
},
{
  "model": "App_LUMINOVA.historialov",
  "pk": 200,
  "fields": {
    "orden_venta": 59,
    "fecha_evento": "2025-06-24T00:32:24.469Z",
    "descripcion": "La OP OP-00041 ('Lámpara LED Estándar') cambió su estado de 'Pendiente' a 'Insumos Solicitados'.",
    "tipo_evento": "Cambio Estado OP",
    "realizado_por": 1
  }
},
{
  "model": "App_LUMINOVA.historialov",
  "pk": 201,
  "fields": {
    "orden_venta": 59,
    "fecha_evento": "2025-06-24T00:32:24.470Z",
    "descripcion": "Estado de la OV cambió de 'Pendiente Confirmación' a 'Insumos Solicitados'.",
    "tipo_evento": "Cambio Estado OV",
    "realizado_por": 1
  }
},
{
  "model": "App_LUMINOVA.historialov",
  "pk": 202,
  "fields": {
    "orden_venta": 57,
    "fecha_evento": "2025-06-24T00:32:35.673Z",
    "descripcion": "La OP OP-00039 ('Downlight LED empotrable') cambió su estado de 'Insumos Recibidos' a 'Producción Iniciada'.",
    "tipo_evento": "Cambio Estado OP",
    "realizado_por": 1
  }
},
{
  "model": "App_LUMINOVA.historialov",
  "pk": 203,
  "fields": {
    "orden_venta": 57,
    "fecha_evento": "2025-06-24T00:32:38.133Z",
    "descripcion": "La OP OP-00039 ('Downlight LED empotrable') cambió su estado de 'Producción Iniciada' a 'Completada'.",
    "tipo_evento": "Cambio Estado OP",
    "realizado_por": 1
  }
},
{
  "model": "App_LUMINOVA.historialov",
  "pk": 204,
  "fields": {
    "orden_venta": 57,
    "fecha_evento": "2025-06-24T00:32:38.135Z",
    "descripcion": "Estado de la OV cambió de 'Insumos Solicitados' a 'Lista para Entrega'.",
    "tipo_evento": "Cambio Estado OV",
    "realizado_por": 1
  }
},
{
  "model": "App_LUMINOVA.historialov",
  "pk": 205,
  "fields": {
    "orden_venta": 59,
    "fecha_evento": "2025-06-24T00:32:45.934Z",
    "descripcion": "La OP OP-00041 ('Lámpara LED Estándar') cambió su estado de 'Insumos Recibidos' a 'Producción Iniciada'.",
    "tipo_evento": "Cambio Estado OP",
    "realizado_por": 1
  }
},
{
  "model": "App_LUMINOVA.historialov",
  "pk": 206,
  "fields": {
    "orden_venta": 59,
    "fecha_evento": "2025-06-24T00:32:48.884Z",
    "descripcion": "La OP OP-00041 ('Lámpara LED Estándar') cambió su estado de 'Producción Iniciada' a 'Completada'.",
    "tipo_evento": "Cambio Estado OP",
    "realizado_por": 1
  }
},
{
  "model": "App_LUMINOVA.historialov",
  "pk": 207,
  "fields": {
    "orden_venta": 59,
    "fecha_evento": "2025-06-24T00:32:48.887Z",
    "descripcion": "Estado de la OV cambió de 'Insumos Solicitados' a 'Lista para Entrega'.",
    "tipo_evento": "Cambio Estado OV",
    "realizado_por": 1
  }
},
{
  "model": "App_LUMINOVA.historialov",
  "pk": 208,
  "fields": {
    "orden_venta": 60,
    "fecha_evento": "2025-06-24T00:33:22.765Z",
    "descripcion": "Se generó la factura N° FACT-00039 por un total de $0.06.",
    "tipo_evento": "Facturado",
    "realizado_por": 1
  }
},
{
  "model": "App_LUMINOVA.historialov",
  "pk": 209,
  "fields": {
    "orden_venta": 59,
    "fecha_evento": "2025-06-24T00:33:47.054Z",
    "descripcion": "Lote de 5 x 'Lámpara LED Estándar' (de OP OP-00041) enviado al cliente.",
    "tipo_evento": "Envío",
    "realizado_por": 1
  }
},
{
  "model": "App_LUMINOVA.historialov",
  "pk": 210,
  "fields": {
    "orden_venta": 59,
    "fecha_evento": "2025-06-24T00:33:47.055Z",
    "descripcion": "Estado de la Orden de Venta cambió de 'Lista para Entrega' a 'Completada/Entregada'.",
    "tipo_evento": "Cambio Estado OV",
    "realizado_por": 1
  }
},
{
  "model": "App_LUMINOVA.historialov",
  "pk": 211,
  "fields": {
    "orden_venta": 57,
    "fecha_evento": "2025-06-24T00:33:48.850Z",
    "descripcion": "Lote de 1 x 'Downlight LED empotrable' (de OP OP-00039) enviado al cliente.",
    "tipo_evento": "Envío",
    "realizado_por": 1
  }
},
{
  "model": "App_LUMINOVA.historialov",
  "pk": 212,
  "fields": {
    "orden_venta": 57,
    "fecha_evento": "2025-06-24T00:33:48.851Z",
    "descripcion": "Estado de la Orden de Venta cambió de 'Lista para Entrega' a 'Completada/Entregada'.",
    "tipo_evento": "Cambio Estado OV",
    "realizado_por": 1
  }
},
{
  "model": "App_LUMINOVA.historialov",
  "pk": 213,
  "fields": {
    "orden_venta": 58,
    "fecha_evento": "2025-06-24T00:33:50.501Z",
    "descripcion": "Lote de 3 x 'Downlight LED empotrable' (de OP OP-00040) enviado al cliente.",
    "tipo_evento": "Envío",
    "realizado_por": 1
  }
},
{
  "model": "App_LUMINOVA.historialov",
  "pk": 214,
  "fields": {
    "orden_venta": 58,
    "fecha_evento": "2025-06-24T00:33:50.502Z",
    "descripcion": "Estado de la Orden de Venta cambió de 'Lista para Entrega' a 'Completada/Entregada'.",
    "tipo_evento": "Cambio Estado OV",
    "realizado_por": 1
  }
},
{
  "model": "App_LUMINOVA.historialov",
  "pk": 215,
  "fields": {
    "orden_venta": 61,
    "fecha_evento": "2025-06-24T00:34:17.018Z",
    "descripcion": "Se generó la factura N° FACT-00040 por un total de $30.00.",
    "tipo_evento": "Facturado",
    "realizado_por": 1
  }
},
{
  "model": "App_LUMINOVA.historialov",
  "pk": 216,
  "fields": {
    "orden_venta": 67,
    "fecha_evento": "2025-06-24T00:52:04.370Z",
    "descripcion": "Orden de Venta creada en estado 'Pendiente Confirmación'.",
    "tipo_evento": null,
    "realizado_por": null
  }
},
{
  "model": "App_LUMINOVA.historialov",
  "pk": 217,
  "fields": {
    "orden_venta": 67,
    "fecha_evento": "2025-06-24T00:52:04.372Z",
    "descripcion": "Se generó la Orden de Producción OP-00051 para el producto 'Downlight LED empotrable'.",
    "tipo_evento": null,
    "realizado_por": null
  }
},
{
  "model": "App_LUMINOVA.historialov",
  "pk": 218,
  "fields": {
    "orden_venta": 67,
    "fecha_evento": "2025-06-24T00:52:21.266Z",
    "descripcion": "La OP OP-00051 ('Downlight LED empotrable') cambió su estado de 'Pendiente' a 'Insumos Solicitados'.",
    "tipo_evento": "Cambio Estado OP",
    "realizado_por": 1
  }
},
{
  "model": "App_LUMINOVA.historialov",
  "pk": 219,
  "fields": {
    "orden_venta": 67,
    "fecha_evento": "2025-06-24T00:52:21.267Z",
    "descripcion": "Estado de la OV cambió de 'Pendiente Confirmación' a 'Insumos Solicitados'.",
    "tipo_evento": "Cambio Estado OV",
    "realizado_por": 1
  }
},
{
  "model": "App_LUMINOVA.historialov",
  "pk": 220,
  "fields": {
    "orden_venta": 67,
    "fecha_evento": "2025-06-24T00:52:40.079Z",
    "descripcion": "La OP OP-00051 ('Downlight LED empotrable') cambió su estado de 'Insumos Recibidos' a 'Producción Iniciada'.",
    "tipo_evento": "Cambio Estado OP",
    "realizado_por": 1
  }
},
{
  "model": "App_LUMINOVA.historialov",
  "pk": 221,
  "fields": {
    "orden_venta": 67,
    "fecha_evento": "2025-06-24T00:52:50.163Z",
    "descripcion": "La OP OP-00051 ('Downlight LED empotrable') cambió su estado de 'Producción Iniciada' a 'Completada'.",
    "tipo_evento": "Cambio Estado OP",
    "realizado_por": 1
  }
},
{
  "model": "App_LUMINOVA.historialov",
  "pk": 222,
  "fields": {
    "orden_venta": 67,
    "fecha_evento": "2025-06-24T00:52:50.167Z",
    "descripcion": "Estado de la OV cambió de 'Insumos Solicitados' a 'Lista para Entrega'.",
    "tipo_evento": "Cambio Estado OV",
    "realizado_por": 1
  }
},
{
  "model": "App_LUMINOVA.historialov",
  "pk": 223,
  "fields": {
    "orden_venta": 67,
    "fecha_evento": "2025-06-24T00:53:17.617Z",
    "descripcion": "Lote de 1 x 'Downlight LED empotrable' (de OP OP-00051) enviado al cliente.",
    "tipo_evento": "Envío",
    "realizado_por": 1
  }
},
{
  "model": "App_LUMINOVA.historialov",
  "pk": 224,
  "fields": {
    "orden_venta": 67,
    "fecha_evento": "2025-06-24T00:53:17.619Z",
    "descripcion": "Estado de la Orden de Venta cambió de 'Lista para Entrega' a 'Completada/Entregada'.",
    "tipo_evento": "Cambio Estado OV",
    "realizado_por": 1
  }
},
{
  "model": "App_LUMINOVA.historialov",
  "pk": 225,
  "fields": {
    "orden_venta": 68,
    "fecha_evento": "2025-06-25T15:32:23.571Z",
    "descripcion": "Orden de Venta creada en estado 'Pendiente Confirmación'.",
    "tipo_evento": null,
    "realizado_por": null
  }
},
{
  "model": "App_LUMINOVA.historialov",
  "pk": 226,
  "fields": {
    "orden_venta": 68,
    "fecha_evento": "2025-06-25T15:32:23.573Z",
    "descripcion": "Se generó la Orden de Producción OP-00052 para el producto 'Panel LED de techo Negro'.",
    "tipo_evento": null,
    "realizado_por": null
  }
},
{
  "model": "App_LUMINOVA.historialov",
  "pk": 227,
  "fields": {
    "orden_venta": 68,
    "fecha_evento": "2025-06-25T15:32:23.575Z",
    "descripcion": "Se generó la Orden de Producción OP-00053 para el producto 'Luminaria lineal de barra Negro'.",
    "tipo_evento": null,
    "realizado_por": null
  }
},
{
  "model": "App_LUMINOVA.historialov",
  "pk": 228,
  "fields": {
    "orden_venta": 68,
    "fecha_evento": "2025-06-25T15:32:58.062Z",
    "descripcion": "La OP OP-00052 ('Panel LED de techo Negro') cambió su estado de 'Pendiente' a 'Insumos Solicitados'.",
    "tipo_evento": "Cambio Estado OP",
    "realizado_por": 1
  }
},
{
  "model": "App_LUMINOVA.historialov",
  "pk": 229,
  "fields": {
    "orden_venta": 68,
    "fecha_evento": "2025-06-25T15:32:58.064Z",
    "descripcion": "Estado de la OV cambió de 'Pendiente Confirmación' a 'Insumos Solicitados'.",
    "tipo_evento": "Cambio Estado OV",
    "realizado_por": 1
  }
},
{
  "model": "App_LUMINOVA.historialov",
  "pk": 230,
  "fields": {
    "orden_venta": 68,
    "fecha_evento": "2025-06-25T15:33:06.800Z",
    "descripcion": "La OP OP-00053 ('Luminaria lineal de barra Negro') cambió su estado de 'Pendiente' a 'Insumos Solicitados'.",
    "tipo_evento": "Cambio Estado OP",
    "realizado_por": 1
  }
},
{
  "model": "App_LUMINOVA.historialov",
  "pk": 231,
  "fields": {
    "orden_venta": 68,
    "fecha_evento": "2025-06-25T15:33:51.030Z",
    "descripcion": "Se creó el reporte N° RP-00023 por 'Problema de Personal' en la OP OP-00053. Detalle: \"Fue a enfermeria...\"",
    "tipo_evento": "Reporte de Incidencia",
    "realizado_por": 1
  }
},
{
  "model": "App_LUMINOVA.historialov",
  "pk": 232,
  "fields": {
    "orden_venta": 68,
    "fecha_evento": "2025-06-25T15:34:44.243Z",
    "descripcion": "La OP OP-00053 ('Luminaria lineal de barra Negro') cambió su estado de 'Insumos Recibidos' a 'Pausada'.",
    "tipo_evento": "Cambio Estado OP",
    "realizado_por": 1
  }
},
{
  "model": "App_LUMINOVA.historialov",
  "pk": 233,
  "fields": {
    "orden_venta": 68,
    "fecha_evento": "2025-06-25T15:34:59.725Z",
    "descripcion": "Se creó el reporte N° RP-00024 por 'Falla de Maquinaria' en la OP OP-00053. Detalle: \"Falla maquina x...\"",
    "tipo_evento": "Reporte de Incidencia",
    "realizado_por": 1
  }
},
{
  "model": "App_LUMINOVA.historialov",
  "pk": 234,
  "fields": {
    "orden_venta": 68,
    "fecha_evento": "2025-06-25T15:35:21.853Z",
    "descripcion": "La OP OP-00053 ('Luminaria lineal de barra Negro') cambió su estado de 'En Proceso' a 'Completada'.",
    "tipo_evento": "Cambio Estado OP",
    "realizado_por": 1
  }
},
{
  "model": "App_LUMINOVA.historialov",
  "pk": 235,
  "fields": {
    "orden_venta": 68,
    "fecha_evento": "2025-06-25T15:35:55.809Z",
    "descripcion": "La OP OP-00052 ('Panel LED de techo Negro') cambió su estado de 'Insumos Recibidos' a 'Producción Iniciada'.",
    "tipo_evento": "Cambio Estado OP",
    "realizado_por": 1
  }
},
{
  "model": "App_LUMINOVA.historialov",
  "pk": 236,
  "fields": {
    "orden_venta": 68,
    "fecha_evento": "2025-06-25T15:35:59.837Z",
    "descripcion": "La OP OP-00052 ('Panel LED de techo Negro') cambió su estado de 'Producción Iniciada' a 'Completada'.",
    "tipo_evento": "Cambio Estado OP",
    "realizado_por": 1
  }
},
{
  "model": "App_LUMINOVA.historialov",
  "pk": 237,
  "fields": {
    "orden_venta": 68,
    "fecha_evento": "2025-06-25T15:35:59.840Z",
    "descripcion": "Estado de la OV cambió de 'Insumos Solicitados' a 'Lista para Entrega'.",
    "tipo_evento": "Cambio Estado OV",
    "realizado_por": 1
  }
},
{
  "model": "App_LUMINOVA.historialov",
  "pk": 238,
  "fields": {
    "orden_venta": 68,
    "fecha_evento": "2025-06-25T15:36:24.861Z",
    "descripcion": "Lote de 2 x 'Panel LED de techo Negro' (de OP OP-00052) enviado al cliente.",
    "tipo_evento": "Envío",
    "realizado_por": 1
  }
},
{
  "model": "App_LUMINOVA.historialov",
  "pk": 239,
  "fields": {
    "orden_venta": 68,
    "fecha_evento": "2025-06-25T15:36:29.167Z",
    "descripcion": "Lote de 3 x 'Luminaria lineal de barra Negro' (de OP OP-00053) enviado al cliente.",
    "tipo_evento": "Envío",
    "realizado_por": 1
  }
},
{
  "model": "App_LUMINOVA.historialov",
  "pk": 240,
  "fields": {
    "orden_venta": 68,
    "fecha_evento": "2025-06-25T15:36:29.168Z",
    "descripcion": "Estado de la Orden de Venta cambió de 'Lista para Entrega' a 'Completada/Entregada'.",
    "tipo_evento": "Cambio Estado OV",
    "realizado_por": 1
  }
},
{
  "model": "App_LUMINOVA.historialov",
  "pk": 241,
  "fields": {
    "orden_venta": 68,
    "fecha_evento": "2025-06-25T15:36:36.472Z",
    "descripcion": "Se generó la factura N° FACT-00041 por un total de $2430.00.",
    "tipo_evento": "Facturado",
    "realizado_por": 1
  }
},
{
  "model": "App_LUMINOVA.historialov",
  "pk": 242,
  "fields": {
    "orden_venta": 69,
    "fecha_evento": "2025-06-25T15:39:18.600Z",
    "descripcion": "Orden de Venta creada en estado 'Pendiente Confirmación'.",
    "tipo_evento": null,
    "realizado_por": null
  }
},
{
  "model": "App_LUMINOVA.historialov",
  "pk": 243,
  "fields": {
    "orden_venta": 69,
    "fecha_evento": "2025-06-25T15:39:18.602Z",
    "descripcion": "Se generó la Orden de Producción OP-00054 para el producto 'Luminaria lineal de barra Negro'.",
    "tipo_evento": null,
    "realizado_por": null
  }
},
{
  "model": "App_LUMINOVA.historialov",
  "pk": 244,
  "fields": {
    "orden_venta": 69,
    "fecha_evento": "2025-06-25T15:39:44.315Z",
    "descripcion": "La OP OP-00054 ('Luminaria lineal de barra Negro') cambió su estado de 'Pendiente' a 'Insumos Solicitados'.",
    "tipo_evento": "Cambio Estado OP",
    "realizado_por": 1
  }
},
{
  "model": "App_LUMINOVA.historialov",
  "pk": 245,
  "fields": {
    "orden_venta": 69,
    "fecha_evento": "2025-06-25T15:39:44.317Z",
    "descripcion": "Estado de la OV cambió de 'Pendiente Confirmación' a 'Insumos Solicitados'.",
    "tipo_evento": "Cambio Estado OV",
    "realizado_por": 1
  }
},
{
  "model": "App_LUMINOVA.historialov",
  "pk": 246,
  "fields": {
    "orden_venta": 69,
    "fecha_evento": "2025-06-25T15:40:21.764Z",
    "descripcion": "La OP OP-00054 ('Luminaria lineal de barra Negro') cambió su estado de 'Insumos Recibidos' a 'Producción Iniciada'.",
    "tipo_evento": "Cambio Estado OP",
    "realizado_por": 1
  }
},
{
  "model": "App_LUMINOVA.historialov",
  "pk": 247,
  "fields": {
    "orden_venta": 69,
    "fecha_evento": "2025-06-25T15:40:24.458Z",
    "descripcion": "La OP OP-00054 ('Luminaria lineal de barra Negro') cambió su estado de 'Producción Iniciada' a 'Completada'.",
    "tipo_evento": "Cambio Estado OP",
    "realizado_por": 1
  }
},
{
  "model": "App_LUMINOVA.historialov",
  "pk": 248,
  "fields": {
    "orden_venta": 69,
    "fecha_evento": "2025-06-25T15:40:24.462Z",
    "descripcion": "Estado de la OV cambió de 'Insumos Solicitados' a 'Lista para Entrega'.",
    "tipo_evento": "Cambio Estado OV",
    "realizado_por": 1
  }
},
{
  "model": "App_LUMINOVA.historialov",
  "pk": 249,
  "fields": {
    "orden_venta": 69,
    "fecha_evento": "2025-06-25T15:40:28.052Z",
    "descripcion": "Lote de 1 x 'Luminaria lineal de barra Negro' (de OP OP-00054) enviado al cliente.",
    "tipo_evento": "Envío",
    "realizado_por": 1
  }
},
{
  "model": "App_LUMINOVA.historialov",
  "pk": 250,
  "fields": {
    "orden_venta": 69,
    "fecha_evento": "2025-06-25T15:40:28.054Z",
    "descripcion": "Estado de la Orden de Venta cambió de 'Lista para Entrega' a 'Completada/Entregada'.",
    "tipo_evento": "Cambio Estado OV",
    "realizado_por": 1
  }
},
{
  "model": "App_LUMINOVA.historialov",
  "pk": 251,
  "fields": {
    "orden_venta": 69,
    "fecha_evento": "2025-06-25T15:40:31.475Z",
    "descripcion": "Se generó la factura N° FACT-00042 por un total de $530.00.",
    "tipo_evento": "Facturado",
    "realizado_por": 1
  }
},
{
  "model": "App_LUMINOVA.historialov",
  "pk": 252,
  "fields": {
    "orden_venta": 70,
    "fecha_evento": "2025-06-27T15:59:19.138Z",
    "descripcion": "Orden de Venta creada en estado 'Pendiente Confirmación'.",
    "tipo_evento": null,
    "realizado_por": null
  }
},
{
  "model": "App_LUMINOVA.historialov",
  "pk": 253,
  "fields": {
    "orden_venta": 70,
    "fecha_evento": "2025-06-27T15:59:19.141Z",
    "descripcion": "Se generó la Orden de Producción OP-00055 para el producto 'Panel LED de techo Negro'.",
    "tipo_evento": null,
    "realizado_por": null
  }
},
{
  "model": "App_LUMINOVA.historialov",
  "pk": 254,
  "fields": {
    "orden_venta": 70,
    "fecha_evento": "2025-06-27T16:00:14.805Z",
    "descripcion": "La OP OP-00055 ('Panel LED de techo Negro') cambió su estado de 'Pendiente' a 'Insumos Solicitados'.",
    "tipo_evento": "Cambio Estado OP",
    "realizado_por": 1
  }
},
{
  "model": "App_LUMINOVA.historialov",
  "pk": 255,
  "fields": {
    "orden_venta": 70,
    "fecha_evento": "2025-06-27T16:00:14.806Z",
    "descripcion": "Estado de la OV cambió de 'Pendiente Confirmación' a 'Insumos Solicitados'.",
    "tipo_evento": "Cambio Estado OV",
    "realizado_por": 1
  }
},
{
  "model": "App_LUMINOVA.historialov",
  "pk": 256,
  "fields": {
    "orden_venta": 70,
    "fecha_evento": "2025-06-27T16:00:58.962Z",
    "descripcion": "La OP OP-00055 ('Panel LED de techo Negro') cambió su estado de 'Insumos Recibidos' a 'Producción Iniciada'.",
    "tipo_evento": "Cambio Estado OP",
    "realizado_por": 1
  }
},
{
  "model": "App_LUMINOVA.historialov",
  "pk": 257,
  "fields": {
    "orden_venta": 70,
    "fecha_evento": "2025-06-27T16:01:16.296Z",
    "descripcion": "La OP OP-00055 ('Panel LED de techo Negro') cambió su estado de 'Producción Iniciada' a 'Completada'.",
    "tipo_evento": "Cambio Estado OP",
    "realizado_por": 1
  }
},
{
  "model": "App_LUMINOVA.historialov",
  "pk": 258,
  "fields": {
    "orden_venta": 70,
    "fecha_evento": "2025-06-27T16:01:16.310Z",
    "descripcion": "Estado de la OV cambió de 'Insumos Solicitados' a 'Lista para Entrega'.",
    "tipo_evento": "Cambio Estado OV",
    "realizado_por": 1
  }
},
{
  "model": "App_LUMINOVA.historialov",
  "pk": 259,
  "fields": {
    "orden_venta": 70,
    "fecha_evento": "2025-06-27T16:01:55.706Z",
    "descripcion": "Lote de 2 x 'Panel LED de techo Negro' (de OP OP-00055) enviado al cliente.",
    "tipo_evento": "Envío",
    "realizado_por": 1
  }
},
{
  "model": "App_LUMINOVA.historialov",
  "pk": 260,
  "fields": {
    "orden_venta": 70,
    "fecha_evento": "2025-06-27T16:01:55.707Z",
    "descripcion": "Estado de la Orden de Venta cambió de 'Lista para Entrega' a 'Completada/Entregada'.",
    "tipo_evento": "Cambio Estado OV",
    "realizado_por": 1
  }
},
{
  "model": "App_LUMINOVA.historialov",
  "pk": 261,
  "fields": {
    "orden_venta": 70,
    "fecha_evento": "2025-06-27T16:02:08.942Z",
    "descripcion": "Se generó la factura N° FACT-00043 por un total de $840.00.",
    "tipo_evento": "Facturado",
    "realizado_por": 1
  }
},
{
  "model": "App_LUMINOVA.historialov",
  "pk": 262,
  "fields": {
    "orden_venta": 71,
    "fecha_evento": "2025-06-27T17:23:35.780Z",
    "descripcion": "Orden de Venta creada en estado 'Pendiente Confirmación'.",
    "tipo_evento": null,
    "realizado_por": null
  }
},
{
  "model": "App_LUMINOVA.historialov",
  "pk": 263,
  "fields": {
    "orden_venta": 71,
    "fecha_evento": "2025-06-27T17:23:35.782Z",
    "descripcion": "Se generó la Orden de Producción OP-00056 para el producto 'Downlight LED empotrable'.",
    "tipo_evento": null,
    "realizado_por": null
  }
},
{
  "model": "App_LUMINOVA.historialov",
  "pk": 264,
  "fields": {
    "orden_venta": 71,
    "fecha_evento": "2025-06-27T17:23:35.784Z",
    "descripcion": "Se generó la Orden de Producción OP-00057 para el producto 'Iluminación decorativa con tiras LED para exterior'.",
    "tipo_evento": null,
    "realizado_por": null
  }
},
{
  "model": "App_LUMINOVA.historialov",
  "pk": 265,
  "fields": {
    "orden_venta": 71,
    "fecha_evento": "2025-06-27T17:24:24.033Z",
    "descripcion": "La OP OP-00056 ('Downlight LED empotrable') cambió su estado de 'Pendiente' a 'Insumos Solicitados'.",
    "tipo_evento": "Cambio Estado OP",
    "realizado_por": 1
  }
},
{
  "model": "App_LUMINOVA.historialov",
  "pk": 266,
  "fields": {
    "orden_venta": 71,
    "fecha_evento": "2025-06-27T17:24:24.035Z",
    "descripcion": "Estado de la OV cambió de 'Pendiente Confirmación' a 'Insumos Solicitados'.",
    "tipo_evento": "Cambio Estado OV",
    "realizado_por": 1
  }
},
{
  "model": "App_LUMINOVA.historialov",
  "pk": 267,
  "fields": {
    "orden_venta": 71,
    "fecha_evento": "2025-06-27T17:25:35.201Z",
    "descripcion": "La OP OP-00056 ('Downlight LED empotrable') cambió su estado de 'Insumos Recibidos' a 'Producción Iniciada'.",
    "tipo_evento": "Cambio Estado OP",
    "realizado_por": 1
  }
},
{
  "model": "App_LUMINOVA.historialov",
  "pk": 268,
  "fields": {
    "orden_venta": 71,
    "fecha_evento": "2025-06-27T17:25:53.271Z",
    "descripcion": "La OP OP-00056 ('Downlight LED empotrable') cambió su estado de 'Producción Iniciada' a 'Completada'.",
    "tipo_evento": "Cambio Estado OP",
    "realizado_por": 1
  }
},
{
  "model": "App_LUMINOVA.historialov",
  "pk": 269,
  "fields": {
    "orden_venta": 71,
    "fecha_evento": "2025-06-27T17:28:03.689Z",
    "descripcion": "La OP OP-00057 ('Iluminación decorativa con tiras LED para exterior') cambió su estado de 'Pendiente' a 'Insumos Solicitados'.",
    "tipo_evento": "Cambio Estado OP",
    "realizado_por": 1
  }
},
{
  "model": "App_LUMINOVA.historialov",
  "pk": 270,
  "fields": {
    "orden_venta": 71,
    "fecha_evento": "2025-06-27T17:28:28.648Z",
    "descripcion": "La OP OP-00057 ('Iluminación decorativa con tiras LED para exterior') cambió su estado de 'Insumos Recibidos' a 'Producción Iniciada'.",
    "tipo_evento": "Cambio Estado OP",
    "realizado_por": 1
  }
},
{
  "model": "App_LUMINOVA.historialov",
  "pk": 271,
  "fields": {
    "orden_venta": 71,
    "fecha_evento": "2025-06-27T17:28:37.740Z",
    "descripcion": "La OP OP-00057 ('Iluminación decorativa con tiras LED para exterior') cambió su estado de 'Producción Iniciada' a 'Pausada'.",
    "tipo_evento": "Cambio Estado OP",
    "realizado_por": 1
  }
},
{
  "model": "App_LUMINOVA.historialov",
  "pk": 272,
  "fields": {
    "orden_venta": 71,
    "fecha_evento": "2025-06-27T17:29:02.114Z",
    "descripcion": "Se creó el reporte N° RP-00025 por 'Otro' en la OP OP-00057. Detalle: \"Se prueba la creación de un Reporte...\"",
    "tipo_evento": "Reporte de Incidencia",
    "realizado_por": 1
  }
},
{
  "model": "App_LUMINOVA.historialov",
  "pk": 273,
  "fields": {
    "orden_venta": 71,
    "fecha_evento": "2025-06-27T17:29:25.974Z",
    "descripcion": "La OP OP-00057 ('Iluminación decorativa con tiras LED para exterior') cambió su estado de 'En Proceso' a 'Completada'.",
    "tipo_evento": "Cambio Estado OP",
    "realizado_por": 1
  }
},
{
  "model": "App_LUMINOVA.historialov",
  "pk": 274,
  "fields": {
    "orden_venta": 71,
    "fecha_evento": "2025-06-27T17:29:25.977Z",
    "descripcion": "Estado de la OV cambió de 'Insumos Solicitados' a 'Lista para Entrega'.",
    "tipo_evento": "Cambio Estado OV",
    "realizado_por": 1
  }
},
{
  "model": "App_LUMINOVA.historialov",
  "pk": 275,
  "fields": {
    "orden_venta": 71,
    "fecha_evento": "2025-06-27T17:29:42.041Z",
    "descripcion": "Se generó la factura N° FACT-00044 por un total de $550.00.",
    "tipo_evento": "Facturado",
    "realizado_por": 1
  }
},
{
  "model": "App_LUMINOVA.historialov",
  "pk": 276,
  "fields": {
    "orden_venta": 71,
    "fecha_evento": "2025-06-27T17:29:50.436Z",
    "descripcion": "Lote de 1 x 'Downlight LED empotrable' (de OP OP-00056) enviado al cliente.",
    "tipo_evento": "Envío",
    "realizado_por": 1
  }
},
{
  "model": "App_LUMINOVA.historialov",
  "pk": 277,
  "fields": {
    "orden_venta": 71,
    "fecha_evento": "2025-06-27T17:29:53.135Z",
    "descripcion": "Lote de 1 x 'Iluminación decorativa con tiras LED para exterior' (de OP OP-00057) enviado al cliente.",
    "tipo_evento": "Envío",
    "realizado_por": 1
  }
},
{
  "model": "App_LUMINOVA.historialov",
  "pk": 278,
  "fields": {
    "orden_venta": 71,
    "fecha_evento": "2025-06-27T17:29:53.137Z",
    "descripcion": "Estado de la Orden de Venta cambió de 'Lista para Entrega' a 'Completada/Entregada'.",
    "tipo_evento": "Cambio Estado OV",
    "realizado_por": 1
  }
},
{
  "model": "App_LUMINOVA.historialov",
  "pk": 279,
  "fields": {
    "orden_venta": 72,
    "fecha_evento": "2025-07-04T20:20:07.639Z",
    "descripcion": "Orden de Venta creada en estado 'Pendiente Confirmación'.",
    "tipo_evento": null,
    "realizado_por": null
  }
},
{
  "model": "App_LUMINOVA.historialov",
  "pk": 280,
  "fields": {
    "orden_venta": 72,
    "fecha_evento": "2025-07-04T20:20:07.644Z",
    "descripcion": "Se generó la Orden de Producción OP-00058 para el producto 'Lámpara LED Estándar'.",
    "tipo_evento": null,
    "realizado_por": null
  }
},
{
  "model": "App_LUMINOVA.historialov",
  "pk": 281,
  "fields": {
    "orden_venta": 72,
    "fecha_evento": "2025-07-04T20:20:26.929Z",
    "descripcion": "Se generó la Orden de Producción OP-00058 para el producto 'Lámpara LED Estándar'.",
    "tipo_evento": null,
    "realizado_por": null
  }
},
{
  "model": "App_LUMINOVA.historialov",
  "pk": 282,
  "fields": {
    "orden_venta": 72,
    "fecha_evento": "2025-07-04T20:21:29.769Z",
    "descripcion": "La OP OP-00058 ('Lámpara LED Estándar') cambió su estado de 'Pendiente' a 'Insumos Solicitados'.",
    "tipo_evento": "Cambio Estado OP",
    "realizado_por": 1
  }
},
{
  "model": "App_LUMINOVA.historialov",
  "pk": 283,
  "fields": {
    "orden_venta": 72,
    "fecha_evento": "2025-07-04T20:21:29.772Z",
    "descripcion": "Estado de la OV cambió de 'Pendiente Confirmación' a 'Insumos Solicitados'.",
    "tipo_evento": "Cambio Estado OV",
    "realizado_por": 1
  }
},
{
  "model": "App_LUMINOVA.historialov",
  "pk": 284,
  "fields": {
    "orden_venta": 72,
    "fecha_evento": "2025-07-04T20:23:17.095Z",
    "descripcion": "La OP OP-00058 ('Lámpara LED Estándar') cambió su estado de 'Insumos Recibidos' a 'Producción Iniciada'.",
    "tipo_evento": "Cambio Estado OP",
    "realizado_por": 1
  }
},
{
  "model": "App_LUMINOVA.historialov",
  "pk": 285,
  "fields": {
    "orden_venta": 72,
    "fecha_evento": "2025-07-04T20:23:39.427Z",
    "descripcion": "La OP OP-00058 ('Lámpara LED Estándar') cambió su estado de 'Producción Iniciada' a 'Completada'.",
    "tipo_evento": "Cambio Estado OP",
    "realizado_por": 1
  }
},
{
  "model": "App_LUMINOVA.historialov",
  "pk": 286,
  "fields": {
    "orden_venta": 72,
    "fecha_evento": "2025-07-04T20:23:39.433Z",
    "descripcion": "Estado de la OV cambió de 'Insumos Solicitados' a 'Lista para Entrega'.",
    "tipo_evento": "Cambio Estado OV",
    "realizado_por": 1
  }
},
{
  "model": "App_LUMINOVA.historialov",
  "pk": 287,
  "fields": {
    "orden_venta": 72,
    "fecha_evento": "2025-07-04T20:23:52.996Z",
    "descripcion": "Se generó la factura N° FACT-00045 por un total de $0.02.",
    "tipo_evento": "Facturado",
    "realizado_por": 1
  }
},
{
  "model": "App_LUMINOVA.historialov",
  "pk": 288,
  "fields": {
    "orden_venta": 72,
    "fecha_evento": "2025-07-04T20:24:13.444Z",
    "descripcion": "Lote de 1 x 'Lámpara LED Estándar' (de OP OP-00058) enviado al cliente.",
    "tipo_evento": "Envío",
    "realizado_por": 1
  }
},
{
  "model": "App_LUMINOVA.historialov",
  "pk": 289,
  "fields": {
    "orden_venta": 72,
    "fecha_evento": "2025-07-04T20:24:13.447Z",
    "descripcion": "Estado de la Orden de Venta cambió de 'Lista para Entrega' a 'Completada/Entregada'.",
    "tipo_evento": "Cambio Estado OV",
    "realizado_por": 1
  }
},
{
  "model": "App_LUMINOVA.historialov",
  "pk": 290,
  "fields": {
    "orden_venta": 73,
    "fecha_evento": "2025-07-04T20:26:58.465Z",
    "descripcion": "Orden de Venta creada en estado 'Pendiente Confirmación'.",
    "tipo_evento": null,
    "realizado_por": null
  }
},
{
  "model": "App_LUMINOVA.historialov",
  "pk": 291,
  "fields": {
    "orden_venta": 73,
    "fecha_evento": "2025-07-04T20:26:58.470Z",
    "descripcion": "Se generó la Orden de Producción OP-00059 para el producto 'Panel LED de techo Negro'.",
    "tipo_evento": null,
    "realizado_por": null
  }
},
{
  "model": "App_LUMINOVA.historialov",
  "pk": 292,
  "fields": {
    "orden_venta": 73,
    "fecha_evento": "2025-07-04T20:29:00.132Z",
    "descripcion": "La OP OP-00059 ('Panel LED de techo Negro') cambió su estado de 'Pendiente' a 'Insumos Solicitados'.",
    "tipo_evento": "Cambio Estado OP",
    "realizado_por": 1
  }
},
{
  "model": "App_LUMINOVA.historialov",
  "pk": 293,
  "fields": {
    "orden_venta": 73,
    "fecha_evento": "2025-07-04T20:29:00.134Z",
    "descripcion": "Estado de la OV cambió de 'Pendiente Confirmación' a 'Insumos Solicitados'.",
    "tipo_evento": "Cambio Estado OV",
    "realizado_por": 1
  }
},
{
  "model": "App_LUMINOVA.historialov",
  "pk": 294,
  "fields": {
    "orden_venta": 73,
    "fecha_evento": "2025-07-04T20:29:08.605Z",
    "descripcion": "La OP OP-00059 ('Panel LED de techo Negro') cambió su estado de 'Insumos Solicitados' a 'Pausada'.",
    "tipo_evento": "Cambio Estado OP",
    "realizado_por": 1
  }
},
{
  "model": "App_LUMINOVA.historialov",
  "pk": 295,
  "fields": {
    "orden_venta": 73,
    "fecha_evento": "2025-07-04T20:29:19.903Z",
    "descripcion": "Se creó el reporte N° RP-00026 por 'Falta de Insumos' en la OP OP-00059. Detalle: \"Se espera por insumos...\"",
    "tipo_evento": "Reporte de Incidencia",
    "realizado_por": 1
  }
},
{
  "model": "App_LUMINOVA.historialov",
  "pk": 296,
  "fields": {
    "orden_venta": 73,
    "fecha_evento": "2025-07-04T20:30:02.230Z",
    "descripcion": "La OP OP-00059 ('Panel LED de techo Negro') cambió su estado de 'Pausada' a 'Pendiente'.",
    "tipo_evento": "Cambio Estado OP",
    "realizado_por": 1
  }
},
{
  "model": "App_LUMINOVA.historialov",
  "pk": 297,
  "fields": {
    "orden_venta": 73,
    "fecha_evento": "2025-07-04T20:30:07.470Z",
    "descripcion": "La OP OP-00059 ('Panel LED de techo Negro') cambió su estado de 'Pendiente' a 'Insumos Solicitados'.",
    "tipo_evento": "Cambio Estado OP",
    "realizado_por": 1
  }
},
{
  "model": "App_LUMINOVA.historialov",
  "pk": 298,
  "fields": {
    "orden_venta": 73,
    "fecha_evento": "2025-07-04T20:31:03.789Z",
    "descripcion": "La OP OP-00059 ('Panel LED de techo Negro') cambió su estado de 'Insumos Recibidos' a 'Producción Iniciada'.",
    "tipo_evento": "Cambio Estado OP",
    "realizado_por": 1
  }
},
{
  "model": "App_LUMINOVA.historialov",
  "pk": 299,
  "fields": {
    "orden_venta": 73,
    "fecha_evento": "2025-07-04T20:31:32.848Z",
    "descripcion": "Se creó el reporte N° RP-00027 por 'Otro' en la OP OP-00059. Detalle: \"Falla Eléctrica...\"",
    "tipo_evento": "Reporte de Incidencia",
    "realizado_por": 1
  }
},
{
  "model": "App_LUMINOVA.historialov",
  "pk": 300,
  "fields": {
    "orden_venta": 73,
    "fecha_evento": "2025-07-04T20:31:49.892Z",
    "descripcion": "La OP OP-00059 ('Panel LED de techo Negro') cambió su estado de 'Producción Iniciada' a 'Completada'.",
    "tipo_evento": "Cambio Estado OP",
    "realizado_por": 1
  }
},
{
  "model": "App_LUMINOVA.historialov",
  "pk": 301,
  "fields": {
    "orden_venta": 73,
    "fecha_evento": "2025-07-04T20:31:49.902Z",
    "descripcion": "Estado de la OV cambió de 'Insumos Solicitados' a 'Lista para Entrega'.",
    "tipo_evento": "Cambio Estado OV",
    "realizado_por": 1
  }
},
{
  "model": "App_LUMINOVA.historialov",
  "pk": 302,
  "fields": {
    "orden_venta": 74,
    "fecha_evento": "2025-07-04T22:27:45.028Z",
    "descripcion": "Orden de Venta creada en estado 'Pendiente Confirmación'.",
    "tipo_evento": null,
    "realizado_por": null
  }
},
{
  "model": "App_LUMINOVA.historialov",
  "pk": 303,
  "fields": {
    "orden_venta": 74,
    "fecha_evento": "2025-07-04T22:27:45.035Z",
    "descripcion": "Se generó la Orden de Producción OP-00105 para el producto 'Luminaria lineal de barra Negro'.",
    "tipo_evento": null,
    "realizado_por": null
  }
},
{
  "model": "App_LUMINOVA.historialov",
  "pk": 304,
  "fields": {
    "orden_venta": 73,
    "fecha_evento": "2025-07-04T23:55:51.749Z",
    "descripcion": "Se generó la factura N° FACT-00046 por un total de $420.00.",
    "tipo_evento": "Facturado",
    "realizado_por": 1
  }
}
]
